seq,feed_to_engine_ns,decision_ns,total_ns
1,198581,43,3483
2,195906,28,460
3,196348,26,795
4,197157,27,175
5,197360,107,450
6,197731,36,148
7,197897,28,192
8,198043,28,132
9,198206,28,172
10,198421,28,162
11,198710,28,154
12,198904,28,106
13,199162,29,193
14,199388,27,105
15,199528,29,92
16,199673,26,163
17,199971,27,107
18,200231,28,172
19,200449,26,226
20,200647,26,112
21,200896,27,138
22,201079,27,167
23,201380,27,177
24,201594,27,163
25,201807,28,1946
26,203791,28,127
27,204058,28,124
28,204226,28,193
29,204466,27,111
30,204733,29,130
31,204915,28,115
32,205178,28,115
33,205356,28,100
34,205502,28,105
35,205659,28,111
36,205917,28,115
37,206079,28,96
38,206334,27,172
39,206477,28,110
40,206719,27,187
41,207043,29,181
42,207274,27,111
43,207354,28,208
44,207612,27,94
45,207773,27,81
46,207897,28,165
47,208115,28,1085
48,209243,28,125
49,209500,27,223
50,209774,30,156
51,210064,28,121
52,210333,28,120
53,210500,28,132
54,210808,27,153
55,211012,27,102
56,211265,28,103
57,211414,27,153
58,211704,28,331
59,212080,27,179
60,212310,27,157
61,212528,27,108
62,212788,28,202
63,212726,28,159
64,213016,27,124
65,213172,27,121
66,213429,27,194
67,213736,28,337
68,214116,1215,20066
69,234240,60,166
70,234452,45,181
71,234695,44,158
72,234989,28,105
73,235244,32,107
74,235412,36,129
75,235695,27,114
76,235852,27,110
77,236015,28,121
78,236179,28,99
79,236321,28,111
80,236486,27,109
81,236647,35,117
82,236902,29,103
83,237050,28,131
84,237304,28,95
85,237530,31,141
86,237729,28,134
87,238012,29,215
88,238280,27,95
89,238535,28,119
90,238713,28,129
91,239002,28,118
92,239173,30,97
93,239313,29,118
94,239479,27,113
95,239738,27,112
96,239904,28,118
97,240062,28,103
98,240315,28,105
99,240481,27,103
100,240745,29,121
101,240909,27,119
102,241185,29,109
103,241353,30,324
104,241724,27,108
105,241803,28,105
106,241959,28,107
107,242108,29,101
108,242250,32,150
109,242455,29,195
110,242710,27,113
111,242973,28,108
112,243126,28,107
113,243389,28,134
114,243673,28,130
115,243941,29,115
116,244104,30,115
117,244383,28,92
118,244647,42,107
119,244941,36,130
120,245206,37,117
121,245492,36,105
122,245650,30,109
123,245906,30,108
124,246060,31,101
125,246204,33,175
126,246108,31,117
127,246374,31,112
128,246674,32,117
129,249575,33,120
130,249848,31,89
131,249906,31,108
132,249936,158,237
133,250216,31,107
134,250383,32,119
135,250444,31,106
136,250453,32,105
137,250488,32,110
138,250628,36,115
139,250773,38,116
140,250932,32,114
141,251085,32,104
142,251234,32,97
143,251388,32,186
144,251624,32,99
145,251888,32,193
146,252137,32,108
147,252399,32,99
148,252633,31,112
149,252793,31,106
150,252943,31,113
151,253099,31,825
152,253977,32,108
153,254245,32,107
154,254393,33,113
155,254556,32,112
156,254714,30,103
157,254867,32,101
158,255026,31,106
159,255275,32,111
160,255539,32,113
161,255694,30,105
162,255843,31,113
163,255998,32,103
164,256151,32,100
165,256385,31,99
166,256659,33,135
167,256921,31,118
168,257083,32,106
169,257236,33,107
170,257384,31,103
171,257554,31,108
172,257817,32,105
173,258076,32,108
174,258221,31,115
175,258376,33,114
176,258537,31,98
177,258606,31,122
178,258789,33,138
179,259063,32,127
180,259236,30,100
181,259383,30,118
182,259554,31,122
183,259722,32,98
184,259866,31,104
185,260019,32,133
186,260278,33,100
187,260547,33,115
188,260517,32,112
189,260680,31,100
190,260934,31,111
191,261198,30,113
192,261359,32,114
193,261593,32,157
194,261708,32,100
195,261760,32,102
196,261902,84,179
197,262120,32,113
198,262291,31,119
199,262445,31,109
200,262601,31,126
201,262851,33,97
202,262868,39,143
203,262941,31,111
204,263071,32,128
205,263248,32,87
206,263384,31,100
207,263539,32,110
208,263788,32,119
209,263956,32,115
210,264109,32,112
211,264263,33,113
212,264418,31,168
213,264637,33,129
214,264891,31,106
215,265038,31,172
216,265262,30,136
217,265534,33,122
218,265706,31,132
219,265978,31,176
220,266223,32,106
221,266480,30,121
222,266657,32,119
223,266920,31,164
224,267144,32,98
225,267390,32,118
226,267558,32,128
227,267731,33,127
228,267902,31,114
229,268061,31,125
230,268232,30,105
231,268387,31,140
232,268571,31,96
233,268715,32,109
234,268871,31,117
235,269128,33,113
236,269392,30,123
237,269565,32,119
238,269655,30,128
239,269939,32,104
240,270194,31,96
241,270332,31,114
242,270493,31,106
243,270750,31,175
244,271053,33,119
245,271282,32,118
246,271544,32,122
247,271715,31,99
248,271861,31,107
249,272023,32,117
250,272282,31,163
251,272274,32,99
252,272535,32,125
253,272701,31,123
254,272870,31,115
255,273033,32,114
256,273198,31,155
257,275279,30,253
258,275471,33,171
259,275673,33,119
260,275797,62,131
261,275862,31,99
262,276042,32,100
263,276303,31,126
264,276476,31,117
265,276526,30,109
266,276577,31,137
267,276653,31,165
268,276868,32,116
269,277131,31,115
270,277294,31,114
271,277565,30,113
272,277839,32,176
273,278150,31,123
274,278405,31,168
275,278616,31,113
276,278769,31,127
277,278946,140,2815
278,281806,43,297
279,282149,30,211
280,282405,27,112
281,282569,31,148
282,282890,29,126
283,283168,33,111
284,283435,32,111
285,283738,38,214
286,283995,31,98
287,321268,33,145
288,321458,30,256
289,321760,27,132
290,321937,28,128
291,322111,27,116
292,322275,29,157
293,322491,27,113
294,322746,30,116
295,322913,29,115
296,323176,27,96
297,323324,27,105
298,323593,27,100
299,323739,29,85
300,323792,31,285
301,324122,27,105
302,324378,28,141
303,324561,27,94
304,324817,28,93
305,325036,28,139
306,325219,28,107
307,325476,28,124
308,325640,31,269
309,325956,28,114
310,326223,27,91
311,326286,28,114
312,326468,32,233
313,326445,28,119
314,326613,27,107
315,326780,28,126
316,326950,29,113
317,327107,28,100
318,327257,28,108
319,327408,28,108
320,327561,28,107
321,327822,28,121
322,327865,29,119
323,328000,27,98
324,328052,155,242
325,328239,34,119
326,328395,31,122
327,328443,40,123
328,328727,33,132
329,328803,32,100
330,329052,32,99
331,329185,32,115
332,329304,32,101
333,329560,32,115
334,329721,31,106
335,329988,32,114
336,330147,33,114
337,330404,31,129
338,330571,32,121
339,330736,32,114
340,330897,32,125
341,331071,32,116
342,331227,32,98
343,331374,32,119
344,331542,32,118
345,331800,31,125
346,331968,33,125
347,332224,32,109
348,332380,33,116
349,332641,31,98
350,332788,33,114
351,332956,32,168
352,333179,31,345
353,333570,32,117
354,333851,33,99
355,334116,32,120
356,334278,31,131
357,334588,32,98
358,334749,31,117
359,335006,33,115
360,335175,33,106
361,335326,33,121
362,335498,31,103
363,335571,33,99
364,335637,32,97
365,335773,31,203
366,336022,31,111
367,336177,31,167
368,336403,31,109
369,336657,31,103
370,336818,31,123
371,337072,30,104
372,337225,31,128
373,337508,31,97
374,337735,31,116
375,337711,31,116
376,337873,32,107
377,338133,32,136
378,338318,32,133
379,338633,33,112
380,338801,32,99
381,338945,32,96
382,339090,33,109
383,339260,33,116
384,339533,32,99
385,342172,39,179
386,343805,35,206
387,344052,41,134
388,344285,155,260
389,344592,48,143
390,344775,39,148
391,344986,34,132
392,345264,35,153
393,345562,34,266
394,345881,33,139
395,346165,40,154
396,346370,47,149
397,346668,32,115
398,346932,35,145
399,347229,37,142
400,347422,35,147
401,347713,41,166
402,347936,31,141
403,348214,39,144
404,348329,35,129
405,348610,34,310
406,348968,43,137
407,349241,44,129
408,349433,39,128
409,349680,35,131
410,349951,32,110
411,350213,33,123
412,350380,33,152
413,350604,38,137
414,350801,39,148
415,351095,42,191
416,351348,41,169
417,351655,37,146
418,351854,33,157
419,352078,40,150
420,352374,36,139
421,352566,40,146
422,352851,38,263
423,353166,41,126
424,353335,34,116
425,353501,32,125
426,353674,32,122
427,353850,39,119
428,354011,40,219
429,354281,41,154
430,354582,33,124
431,354755,40,122
432,355032,37,131
433,355306,34,161
434,355523,44,144
435,355829,37,227
436,356109,33,117
437,356198,34,142
438,356203,32,124
439,356475,37,171
440,356700,31,97
441,356966,33,101
442,357233,37,138
443,357421,35,168
444,357731,40,135
445,357930,39,183
446,358169,33,102
447,358242,33,168
448,358559,33,132
449,358736,35,140
450,359024,33,108
451,359053,40,131
452,359234,84,336
453,359624,32,125
454,359888,33,110
455,360045,31,115
456,360211,32,109
457,360459,30,117
458,360615,32,124
459,360793,33,108
460,360950,32,114
461,361112,32,222
462,361380,31,172
463,361683,31,111
464,361953,31,123
465,362232,32,174
466,362452,33,113
467,362711,33,212
468,362973,31,106
469,363047,31,89
470,363178,30,101
471,363438,32,105
472,363584,31,120
473,363752,31,98
474,364002,31,114
475,364257,31,124
476,364430,31,225
477,364703,31,109
478,364965,33,181
479,365190,32,125
480,365451,31,197
481,365706,31,107
482,365972,246,2648
483,368662,37,134
484,368934,28,200
485,369103,32,167
486,369316,34,145
487,369598,33,238
488,369883,32,171
489,370099,28,126
490,370365,28,167
491,370577,29,160
492,370881,28,111
493,371040,28,200
494,371287,28,121
495,371516,28,219
496,371781,30,173
497,372000,33,116
498,372261,29,181
499,372483,28,160
500,372497,29,123
501,372667,28,146
502,372943,27,160
503,373245,33,129
504,373416,28,95
505,373678,29,130
506,373850,33,119
507,374010,29,104
508,374167,28,118
509,374330,28,163
510,374625,28,162
511,374920,28,157
512,375119,27,114
513,377160,29,189
514,377394,29,181
515,377697,28,115
516,377982,66,195
517,378229,27,102
518,378487,28,111
519,378643,31,184
520,378868,28,106
521,379134,28,107
522,379286,28,116
523,379445,27,111
524,379606,28,89
525,379747,28,94
526,379905,28,164
527,380203,28,125
528,380382,28,95
529,380639,31,155
530,380846,27,100
531,381115,29,106
532,381273,50,119
533,381543,40,114
534,381705,37,107
535,381961,35,154
536,382173,36,317
537,382535,31,118
538,382802,30,169
539,383012,29,135
540,383191,31,103
541,383343,32,119
542,383602,31,115
543,383766,32,115
544,383926,30,126
545,384094,32,131
546,384273,31,97
547,384420,31,115
548,384587,31,156
549,384714,33,109
550,384960,31,107
551,385220,34,102
552,385492,32,120
553,385659,32,105
554,385816,32,125
555,385985,32,106
556,386242,30,115
557,386406,32,157
558,386698,31,117
559,386958,33,108
560,387221,33,117
561,387380,31,159
562,387597,32,154
563,387591,36,116
564,387853,32,123
565,388112,32,107
566,388380,31,128
567,388584,30,105
568,388755,30,150
569,388944,31,114
570,389206,31,114
571,389377,32,99
572,389637,32,106
573,389790,32,120
574,389958,32,155
575,390169,31,159
576,390467,30,115
577,390624,31,95
578,390766,30,124
579,390934,32,203
580,391182,98,171
581,391495,38,113
582,391757,32,108
583,391922,32,131
584,392005,31,86
585,392062,31,115
586,392133,30,107
587,392283,32,115
588,392444,31,116
589,392601,31,127
590,392773,32,112
591,392929,30,107
592,393084,31,109
593,393164,31,108
594,393429,31,109
595,393587,31,153
596,393803,31,101
597,394050,30,152
598,394258,39,122
599,394510,31,88
600,394645,31,112
601,394807,31,159
602,395095,31,112
603,395356,32,112
604,395617,32,107
605,395764,31,106
606,395911,32,118
607,396075,31,126
608,396243,32,188
609,396488,30,136
610,396757,33,112
611,397032,31,105
612,397305,31,108
613,397574,33,122
614,397839,32,165
615,398058,32,111
616,398320,31,109
617,398579,32,112
618,398738,32,118
619,398900,32,114
620,399055,32,114
621,399218,40,200
622,399458,32,107
623,399608,31,127
624,399775,32,111
625,399643,33,113
626,399895,32,118
627,400063,31,115
628,400224,32,107
629,400382,32,121
630,400548,32,114
631,400709,31,116
632,400867,30,167
633,401081,36,113
634,401345,31,108
635,401496,32,122
636,401661,32,120
637,401824,31,99
638,401967,30,128
639,402144,32,143
640,402255,30,111
641,404118,31,131
642,404374,32,111
643,404641,31,93
644,404777,64,141
645,404965,33,107
646,405223,33,124
647,405390,32,120
648,405552,31,124
649,405720,32,198
650,405958,30,123
651,406123,31,86
652,406255,30,127
653,406436,32,118
654,406700,32,132
655,406970,33,121
656,407135,33,85
657,407228,32,130
658,407407,32,113
659,407676,36,209
660,407940,32,119
661,408107,32,112
662,408269,31,106
663,408420,31,99
664,408583,31,130
665,408684,32,111
666,408943,31,115
667,409105,32,109
668,409261,32,144
669,409589,31,114
670,409749,30,109
671,409906,29,114
672,410076,32,139
673,410344,31,96
674,410606,30,114
675,410768,31,131
676,410941,32,104
677,411093,32,106
678,411249,31,128
679,411526,31,119
680,411794,31,110
681,412057,31,113
682,412320,32,113
683,412479,32,98
684,412625,33,100
685,412785,32,109
686,413039,31,107
687,412923,32,127
688,413101,30,96
689,413250,33,115
690,413408,136,1652
691,415111,29,124
692,415285,31,119
693,415451,31,108
694,415603,39,267
695,415919,28,97
696,416062,32,131
697,416238,30,113
698,416495,31,163
699,416794,32,111
700,417056,29,141
701,417335,31,119
702,417620,28,100
703,417889,28,109
704,418064,28,114
705,418266,28,116
706,418425,29,113
707,418582,28,146
708,418792,64,141
709,418978,29,113
710,419238,33,113
711,419392,29,114
712,419540,32,107
713,419689,28,112
714,419851,28,114
715,420011,28,108
716,420278,27,111
717,420551,28,97
718,420806,28,128
719,420979,29,119
720,421139,28,109
721,421291,28,104
722,421443,28,102
723,421602,28,109
724,421859,28,100
725,422010,32,116
726,422177,29,131
727,422352,29,99
728,422495,28,117
729,422659,28,104
730,422913,28,104
731,423059,27,100
732,423209,28,92
733,423366,30,166
734,423572,27,117
735,423829,28,97
736,423968,27,112
737,424135,28,100
738,424392,28,100
739,424625,28,105
740,424775,36,142
741,424964,36,146
742,425077,31,110
743,425227,37,109
744,425376,35,117
745,425541,33,126
746,425709,29,215
747,425968,31,159
748,426178,32,160
749,426466,35,104
750,426434,31,95
751,426574,37,171
752,426784,31,101
753,427044,31,130
754,427217,33,128
755,427489,31,166
756,427779,32,134
757,428046,31,96
758,428307,31,160
759,428596,32,148
760,428883,30,95
761,428949,36,131
762,429142,32,120
763,429397,32,98
764,429669,32,134
765,429939,32,126
766,430234,32,99
767,430484,31,115
768,430734,31,111
769,432609,31,123
770,432773,30,103
771,432921,32,120
772,433078,61,148
773,433290,31,130
774,433460,31,117
775,433708,32,123
776,433871,32,100
777,434010,30,180
778,434231,35,132
779,434506,31,127
780,434768,32,126
781,435042,32,170
782,435352,32,122
783,435522,30,113
784,435681,33,145
785,435833,31,150
786,436053,33,109
787,436234,31,146
788,436427,32,108
789,436696,30,142
790,436900,32,162
791,437111,32,147
792,437323,45,126
793,437519,31,147
794,437714,33,154
795,437997,31,147
796,438281,33,115
797,438548,30,146
798,438752,31,105
799,439004,31,113
800,439161,30,148
801,439357,31,150
802,439566,30,151
803,439765,31,101
804,440044,32,98
805,440277,33,147
806,440487,31,160
807,440692,31,102
808,440948,31,146
809,441140,33,142
810,441341,32,153
811,441623,32,146
812,441516,31,100
813,441645,31,170
814,441856,31,145
815,442130,31,146
816,442417,30,150
817,442699,30,151
818,442984,36,170
819,443200,31,120
820,443483,31,96
821,443648,33,116
822,443810,31,112
823,443964,31,190
824,444196,30,152
825,444486,32,177
826,444801,39,179
827,445030,31,162
828,445327,32,124
829,445586,32,126
830,445859,30,111
831,446016,30,97
832,446268,31,98
833,446407,33,128
834,446584,33,116
835,446839,31,98
836,446906,73,157
837,447109,32,110
838,447362,38,103
839,447513,37,103
840,447667,31,114
841,447828,32,100
842,447967,32,106
843,448133,31,107
844,448389,30,103
845,448542,31,97
846,448695,30,113
847,448850,31,103
848,449004,31,105
849,449266,31,98
850,449550,30,97
851,449615,32,111
852,449668,31,104
853,449825,32,119
854,450076,32,114
855,450234,36,120
856,450401,32,106
857,450552,36,117
858,450709,31,95
859,450770,32,118
860,450951,31,115
861,451133,32,114
862,451311,32,114
863,451592,31,97
864,451845,32,99
865,451990,31,114
866,452141,31,114
867,452309,31,120
868,452571,32,116
869,452847,32,106
870,453110,33,87
871,453243,31,97
872,453403,32,98
873,453550,32,114
874,453707,32,98
875,453564,31,99
876,453724,31,97
877,453984,31,119
878,454252,32,100
879,454322,32,105
880,454604,30,96
881,454857,31,97
882,455000,30,117
883,455163,31,114
884,455434,31,98
885,455696,31,98
886,455841,31,106
887,455994,30,97
888,456151,32,217
889,456416,32,115
890,456689,32,99
891,456958,30,119
892,457225,31,115
893,457385,30,126
894,457568,31,116
895,457732,31,106
896,457878,32,98
897,459695,33,215
898,459956,30,108
899,460228,31,101
900,460298,88,177
901,460520,35,140
902,460723,31,165
903,461029,31,105
904,461182,32,106
905,461350,33,100
906,461603,31,121
907,461868,38,115
908,462130,31,113
909,462310,32,120
910,462575,32,120
911,462847,31,119
912,463012,30,116
913,463175,31,114
914,463337,33,117
915,463500,32,116
916,463656,31,117
917,463818,31,97
918,463964,31,115
919,464127,32,115
920,464376,31,114
921,464541,32,100
922,464686,31,121
923,464858,32,127
924,465134,32,100
925,465401,31,98
926,465549,31,99
927,465696,30,95
928,465856,31,97
929,465998,32,99
930,466248,32,111
931,466403,32,122
932,466674,33,120
933,466898,31,121
934,467061,32,113
935,467232,32,107
936,467383,31,98
937,467241,32,137
938,467420,33,154
939,467710,31,100
940,467965,31,120
941,468130,31,113
942,468290,33,108
943,468448,32,85
944,468579,30,101
945,468746,32,112
946,469008,31,111
947,469272,32,126
948,469541,31,165
949,469750,31,116
950,470008,31,114
951,470273,32,99
952,470528,31,115
953,470687,31,114
954,470852,31,117
955,471015,31,143
956,471225,30,11311
957,482584,31,130
958,482889,30,101
959,483141,31,134
960,483356,30,119
961,483532,31,107
962,483782,32,129
963,483941,31,120
964,484105,67,140
965,484418,31,100
966,484676,31,99
967,484961,31,113
968,485222,32,188
969,485458,32,110
970,485720,32,120
971,485881,33,161
972,486091,32,118
973,486354,31,116
974,486509,32,124
975,486678,31,97
976,486823,32,98
977,486982,30,131
978,487082,30,99
979,487316,32,118
980,487585,31,115
981,487755,33,132
982,488016,33,116
983,488281,32,100
984,488350,32,131
985,488526,33,130
986,488789,32,109
987,488939,32,164
988,489159,32,109
989,489415,32,117
990,489581,33,163
991,489800,32,225
992,490072,33,109
993,490341,32,115
994,490501,31,193
995,490757,31,115
996,491029,31,114
997,491193,32,163
998,491485,33,117
999,491463,31,97
1000,491606,36,1873
1001,493532,33,136
1002,493807,31,110
1003,493970,33,133
1004,494243,31,118
1005,494411,32,166
1006,494709,32,171
1007,494927,32,162
1008,495221,33,120
1009,495487,30,110
1010,495647,31,91
1011,495785,32,111
1012,495950,32,119
1013,496175,32,90
1014,496408,31,186
1015,496637,31,165
1016,496945,33,117
1017,497100,30,183
1018,497331,32,104
1019,497583,32,116
1020,497743,32,171
1021,498052,31,115
1022,498218,31,115
1023,498478,32,132
1024,498763,32,113
1025,500713,31,127
1026,500968,32,166
1027,501261,31,163
1028,501561,73,216
1029,501820,31,123
1030,502088,41,178
1031,502385,32,122
1032,502549,32,131
1033,502808,31,129
1034,503076,32,116
1035,503337,31,119
1036,503611,32,99
1037,503889,31,98
1038,504172,30,112
1039,504436,31,104
1040,504587,31,99
1041,504730,39,166
1042,504939,32,134
1043,505212,31,164
1044,505508,31,117
1045,505765,31,116
1046,506035,31,113
1047,506194,31,134
1048,506377,32,116
1049,506533,31,114
1050,506694,31,134
1051,506874,31,106
1052,507018,32,100
1053,507178,31,115
1054,507424,31,114
1055,507587,30,101
1056,507727,30,102
1057,507882,32,134
1058,508149,32,116
1059,508409,32,116
1060,508563,31,100
1061,508711,32,101
1062,508567,32,101
1063,508713,32,137
1064,508988,33,120
1065,509266,33,125
1066,509547,32,101
1067,509806,32,102
1068,510081,121,2845
1069,512974,37,196
1070,513223,33,148
1071,513506,29,118
1072,513773,32,123
1073,514034,44,226
1074,514383,28,106
1075,514532,32,215
1076,514789,33,130
1077,515054,31,118
1078,515321,29,145
1079,515511,31,135
1080,515693,32,130
1081,515870,32,229
1082,516144,28,123
1083,516409,28,95
1084,516547,31,143
1085,516743,28,113
1086,516904,30,84
1087,517034,32,117
1088,517200,28,123
1089,517361,27,139
1090,517619,28,102
1091,517753,27,120
1092,517792,80,136
1093,518104,31,124
1094,518361,28,100
1095,518508,28,119
1096,518662,28,109
1097,518806,28,111
1098,518934,31,85
1099,519065,28,84
1100,519192,30,343
1101,519579,28,176
1102,519890,28,139
1103,520099,29,159
1104,513298,32,233
1105,513570,30,190
1106,513803,30,110
1107,514073,28,110
1108,514331,29,93
1109,514389,31,115
1110,514558,32,114
1111,514728,29,106
1112,514996,29,108
1113,515261,29,103
1114,515528,31,144
1115,515804,29,147
1116,516072,31,165
1117,516288,28,130
1118,516556,130,4030
1119,520629,34,122
1120,520888,27,111
1121,521035,32,136
1122,521343,28,126
1123,521520,28,350
1124,521622,29,111
1125,521880,27,103
1126,522037,32,309
1127,522390,28,94
1128,522527,28,156
1129,522722,27,220
1130,522983,28,104
1131,523134,28,112
1132,523292,27,106
1133,523443,45,221
1134,523706,28,112
1135,523968,31,124
1136,524144,27,111
1137,524406,28,103
1138,524548,28,124
1139,524717,28,106
1140,524973,30,123
1141,525143,31,112
1142,525419,28,113
1143,525577,28,84
1144,525705,28,159
1145,525910,28,106
1146,526183,31,113
1147,526347,38,198
1148,526597,32,157
1149,526887,27,93
1150,527035,28,114
1151,527298,28,102
1152,527539,28,115
1153,530287,28,136
1154,530448,28,128
1155,530619,29,96
1156,530628,70,150
1157,530690,30,105
1158,530838,27,100
1159,530872,28,116
1160,530912,36,205
1161,531043,33,144
1162,531202,27,121
1163,531374,28,135
1164,531617,27,110
1165,531878,27,113
1166,532038,28,107
1167,532291,27,145
1168,532501,47,134
1169,532699,39,145
1170,532901,36,114
1171,533125,36,212
1172,533381,36,106
1173,533527,36,109
1174,533681,36,213
1175,533936,37,115
1176,534199,36,102
1177,534348,35,158
1178,534565,36,141
1179,534840,32,98
1180,535103,35,112
1181,535264,36,123
1182,535434,35,131
1183,535608,37,118
1184,535774,32,136
1185,535964,35,124
1186,536129,37,167
1187,536046,31,118
1188,536309,31,125
1189,536481,31,97
1190,536731,31,203
1191,536982,40,208
1192,537243,32,103
1193,537392,32,112
1194,537550,36,223
1195,537821,31,106
1196,538087,36,111
1197,538359,31,103
1198,538627,35,119
1199,538794,36,116
1200,538960,31,111
1201,539118,31,133
1202,539296,36,116
1203,539462,36,119
1204,539630,35,118
1205,539796,31,121
1206,539966,31,115
1207,540124,36,129
1208,540299,32,128
1209,540467,31,118
1210,540629,31,107
1211,540779,30,156
1212,540979,30,128
1213,541243,31,116
1214,541327,33,215
1215,541587,32,108
1216,541744,31,133
1217,541899,32,114
1218,541776,31,127
1219,541946,30,176
1220,542040,60,152
1221,542317,32,113
1222,542578,33,106
1223,542825,31,117
1224,542871,30,111
1225,542901,30,109
1226,543052,31,149
1227,543148,31,121
1228,543419,33,143
1229,543706,30,112
1230,543965,32,270
1231,544281,31,118
1232,544441,31,123
1233,544612,32,199
1234,544854,35,115
1235,545008,32,119
1236,545178,35,139
1237,545493,32,106
1238,545754,33,117
1239,545987,32,120
1240,546253,32,108
1241,546409,33,109
1242,546569,33,113
1243,546729,33,132
1244,546999,33,106
1245,547257,32,109
1246,547411,32,109
1247,547558,32,107
1248,547709,32,128
1249,547587,32,116
1250,547845,30,113
1251,548009,31,110
1252,548168,32,124
1253,548341,32,107
1254,548488,30,120
1255,548659,36,133
1256,548925,31,111
1257,549190,32,114
1258,549273,31,125
1259,549363,31,220
1260,549624,31,99
1261,549771,32,113
1262,549939,32,131
1263,550123,31,104
1264,550278,31,132
1265,550459,30,108
1266,550612,31,171
1267,550827,31,125
1268,551104,32,103
1269,551269,31,107
1270,551532,31,112
1271,551791,31,135
1272,552062,31,126
1273,552337,39,125
1274,552509,31,101
1275,552766,31,112
1276,552918,32,201
1277,553167,32,111
1278,553437,37,117
1279,553698,33,112
1280,553860,30,123
1281,555943,35,103
1282,555919,30,103
1283,556188,33,114
1284,556306,72,172
1285,556411,39,125
1286,556668,31,103
1287,556799,32,117
1288,556959,32,193
1289,557192,32,97
1290,557430,33,110
1291,557458,31,116
1292,557618,31,126
1293,557787,31,89
1294,557925,33,106
1295,558082,32,120
1296,558335,37,122
1297,558603,30,106
1298,558868,33,126
1299,559147,32,118
1300,559420,31,117
1301,559687,32,116
1302,559940,32,141
1303,560214,32,118
1304,560376,32,107
1305,560531,31,112
1306,560683,32,114
1307,560845,32,105
1308,561088,35,134
1309,561402,31,106
1310,561668,31,114
1311,561550,32,108
1312,561705,32,114
1313,561870,33,190
1314,562108,32,112
1315,562363,32,90
1316,562394,37,162
1317,562604,31,129
1318,562882,33,170
1319,563104,32,95
1320,563350,137,1795
1321,565195,34,148
1322,565478,32,152
1323,565769,28,106
1324,566021,32,197
1325,566269,32,112
1326,566548,32,129
1327,566812,31,130
1328,567085,32,124
1329,567349,32,107
1330,567505,31,105
1331,567651,27,108
1332,567808,33,124
1333,567982,33,111
1334,568252,27,106
1335,568509,28,131
1336,568781,27,126
1337,569036,32,101
1338,569300,28,100
1339,569456,28,96
1340,569612,28,101
1341,569866,28,97
1342,570133,33,115
1343,570294,32,122
1344,570460,28,97
1345,570599,27,107
1346,570765,28,106
1347,570917,27,120
1348,571095,75,153
1349,571370,27,107
1350,571513,32,120
1351,571683,32,127
1352,571870,29,107
1353,572042,28,112
1354,572296,28,162
1355,572408,40,198
1356,572649,27,100
1357,572907,28,122
1358,573075,38,219
1359,573341,28,99
1360,573597,28,172
1361,573899,32,123
1362,574075,28,101
1363,574329,32,137
1364,574600,31,106
1365,574753,28,92
1366,574896,29,122
1367,575064,28,115
1368,575323,28,112
1369,575586,28,100
1370,575735,36,118
1371,575911,35,100
1372,576054,36,246
1373,576365,36,115
1374,576344,36,160
1375,576645,37,127
1376,576909,34,127
1377,577192,33,95
1378,577259,35,130
1379,577435,31,105
1380,577691,31,116
1381,577853,32,100
1382,578001,36,124
1383,578169,36,130
1384,578449,31,123
1385,578617,30,98
1386,578883,36,127
1387,579056,35,108
1388,579216,30,105
1389,579333,30,105
1390,579483,31,117
1391,579646,35,125
1392,579922,35,115
1393,580005,32,115
1394,580089,32,117
1395,580377,34,116
1396,580647,36,122
1397,580909,31,131
1398,581089,31,111
1399,581246,31,129
1400,581422,31,140
1401,581636,31,129
1402,581816,36,145
1403,582102,31,154
1404,582391,31,101
1405,582648,31,145
1406,582930,31,112
1407,583197,30,98
1408,583428,32,112
1409,585038,40,369
1410,585327,32,114
1411,585596,33,151
1412,585884,63,164
1413,586184,33,121
1414,586432,32,107
1415,586445,36,126
1416,586702,37,134
1417,586697,32,112
1418,586751,38,106
1419,586821,32,101
1420,586966,31,122
1421,587131,32,113
1422,587411,32,109
1423,587682,33,122
1424,587955,33,151
1425,588245,32,99
1426,588506,32,132
1427,588779,36,128
1428,589051,33,112
1429,589333,32,130
1430,589601,31,204
1431,589848,32,184
1432,590075,30,113
1433,590342,30,118
1434,590615,31,99
1435,590878,36,130
1436,590897,31,117
1437,591170,31,117
1438,591437,31,113
1439,591698,31,103
1440,591849,32,120
1441,592010,31,120
1442,592179,31,107
1443,592336,31,114
1444,592496,31,110
1445,592766,31,94
1446,592831,31,117
1447,592993,32,107
1448,593265,32,125
1449,593536,30,106
1450,593688,32,117
1451,593851,31,111
1452,594118,33,123
1453,594379,32,115
1454,594539,30,118
1455,594697,31,136
1456,594888,31,134
1457,594993,31,119
1458,595262,31,110
1459,595522,35,113
1460,595681,32,122
1461,595819,32,114
1462,595982,31,128
1463,596156,31,102
1464,596310,31,111
1465,596466,32,114
1466,596633,32,150
1467,596924,30,133
1468,597189,32,115
1469,597465,30,126
1470,597732,30,108
1471,597896,31,116
1472,598051,32,146
1473,598250,32,169
1474,598463,32,117
1475,598621,32,117
1476,598676,63,123
1477,598738,32,102
1478,598704,39,108
1479,598857,31,114
1480,599033,31,113
1481,599200,31,183
1482,599513,31,157
1483,599611,32,177
1484,599928,32,124
1485,600193,32,126
1486,600476,32,129
1487,600746,31,134
1488,601022,32,116
1489,601295,33,115
1490,601455,32,151
1491,601677,32,172
1492,601900,32,119
1493,602065,32,102
1494,602213,33,116
1495,602384,31,109
1496,602641,32,133
1497,602845,32,116
1498,603027,33,117
1499,602913,34,102
1500,603064,32,130
1501,603237,39,98
1502,603380,32,102
1503,603624,32,117
1504,603806,33,125
1505,604071,33,217
1506,604332,33,100
1507,604478,32,129
1508,604654,33,117
1509,604821,31,100
1510,604972,32,102
1511,605131,31,110
1512,605386,31,107
1513,605660,30,150
1514,605951,32,128
1515,606126,33,117
1516,606397,32,126
1517,606568,32,98
1518,606709,33,117
1519,606875,32,116
1520,607143,32,100
1521,607217,32,99
1522,607366,32,113
1523,607519,31,110
1524,607677,31,100
1525,607828,32,116
1526,608092,31,126
1527,608365,32,132
1528,608630,32,101
1529,608898,32,129
1530,609208,32,122
1531,609468,32,121
1532,609686,32,98
1533,609833,31,114
1534,609993,32,100
1535,610149,31,114
1536,610398,31,97
1537,612050,50,155
1538,612233,31,109
1539,612498,30,115
1540,612768,62,153
1541,613056,32,120
1542,613198,33,132
1543,613461,36,123
1544,613613,30,115
1545,613761,31,134
1546,613926,31,115
1547,614205,31,114
1548,614432,32,104
1549,614701,31,117
1550,614864,33,113
1551,615018,32,118
1552,615183,32,131
1553,615367,32,101
1554,615516,31,117
1555,615676,31,111
1556,615832,31,107
1557,615992,31,109
1558,616248,31,129
1559,616418,31,96
1560,616558,32,108
1561,616422,31,115
1562,616688,32,134
1563,616959,32,98
1564,617226,31,124
1565,617393,31,116
1566,617551,30,116
1567,617713,31,123
1568,617882,31,121
1569,618043,31,112
1570,618206,32,101
1571,618349,32,118
1572,618508,32,124
1573,618777,32,132
1574,619043,33,117
1575,619128,30,113
1576,619373,31,104
1577,619637,32,118
1578,619900,32,134
1579,620206,32,127
1580,620373,30,143
1581,620694,31,113
1582,620961,32,101
1583,621033,30,115
1584,621207,31,100
1585,621352,31,105
1586,621501,31,104
1587,621655,32,107
1588,621908,31,110
1589,622063,32,107
1590,622211,33,119
1591,622380,32,105
1592,622635,31,110
1593,622918,31,120
1594,623202,30,108
1595,623465,31,124
1596,623631,31,121
1597,623793,32,123
1598,623965,31,115
1599,624121,30,125
1600,624285,32,125
1601,624451,30,108
1602,624591,30,114
1603,624635,134,1599
1604,626265,74,262
1605,626363,30,111
1606,626534,31,268
1607,626845,32,105
1608,627008,33,136
1609,627182,29,99
1610,627316,32,118
1611,627590,32,114
1612,627800,29,118
1613,628065,32,128
1614,628237,30,152
1615,628453,29,118
1616,628640,28,122
1617,628823,31,119
1618,629072,31,128
1619,629383,33,110
1620,629543,33,142
1621,629759,30,102
1622,629907,28,101
1623,629775,32,107
1624,629927,30,266
1625,630238,28,111
1626,630500,28,120
1627,630665,27,100
1628,630812,29,97
1629,630960,28,114
1630,631225,32,123
1631,631481,29,120
1632,631647,28,161
1633,631870,31,111
1634,632126,28,113
1635,632393,29,108
1636,632545,31,106
1637,632696,27,138
1638,632880,28,101
1639,633140,29,172
1640,633444,27,114
1641,633709,28,106
1642,633970,28,103
1643,634119,28,143
1644,634338,31,131
1645,634642,32,159
1646,634939,27,128
1647,635203,32,110
1648,635283,27,113
1649,635465,31,130
1650,635733,29,138
1651,636005,29,100
1652,636269,28,109
1653,636429,37,126
1654,636695,30,110
1655,636855,31,129
1656,637018,31,109
1657,637172,36,204
1658,637420,35,118
1659,637692,31,111
1660,637948,30,104
1661,638097,32,120
1662,638259,31,207
1663,638507,36,126
1664,638678,47,173
1665,640501,39,117
1666,640777,36,149
1667,640963,32,129
1668,641218,62,137
1669,641403,32,120
1670,641571,31,109
1671,641715,32,159
1672,641842,35,244
1673,642044,36,121
1674,642214,31,115
1675,642282,33,122
1676,642445,32,116
1677,642607,36,119
1678,642778,32,185
1679,643009,30,104
1680,643272,31,105
1681,643528,31,105
1682,643681,30,117
1683,643843,32,129
1684,644016,34,140
1685,644324,37,243
1686,644326,31,119
1687,644592,31,116
1688,644867,30,165
1689,645169,31,100
1690,645444,31,112
1691,645706,32,123
1692,645983,39,109
1693,646255,32,101
1694,646523,31,127
1695,646692,32,124
1696,646870,31,97
1697,647012,31,122
1698,647182,36,116
1699,647443,32,120
1700,647610,31,128
1701,647874,32,125
1702,648043,31,119
1703,648210,31,99
1704,648359,32,116
1705,648522,32,118
1706,648785,32,189
1707,649020,31,100
1708,649269,32,119
1709,649433,32,124
1710,649599,32,114
1711,649759,31,144
1712,649971,31,110
1713,650147,36,134
1714,650324,32,115
1715,650593,32,123
1716,650864,31,107
1717,651010,36,126
1718,651181,31,109
1719,651332,33,114
1720,651500,31,142
1721,651772,31,122
1722,652030,31,98
1723,652170,30,98
1724,652326,31,221
1725,652592,33,126
1726,652861,30,126
1727,653131,124,1664
1728,654848,31,120
1729,654909,32,126
1730,654859,33,157
1731,654977,29,125
1732,655154,67,141
1733,655261,31,179
1734,655410,29,161
1735,655616,33,101
1736,655756,30,123
1737,655920,28,105
1738,656072,31,126
1739,656117,31,148
1740,656325,32,115
1741,656457,32,109
1742,656709,29,114
1743,656865,31,145
1744,657187,27,91
1745,657247,31,106
1746,657424,32,114
1747,657604,29,111
1748,657605,31,146
1749,657887,33,129
1750,658057,28,118
1751,658320,28,115
1752,658480,29,116
1753,658643,28,101
1754,658788,32,188
1755,659024,32,126
1756,659291,33,108
1757,659551,28,97
1758,659801,29,104
1759,659950,28,118
1760,660112,28,96
1761,660256,28,116
1762,660420,27,121
1763,660678,33,216
1764,660947,28,109
1765,661204,32,151
1766,661415,27,110
1767,661677,29,120
1768,661955,31,118
1769,662236,28,126
1770,662513,27,103
1771,662777,33,286
1772,663110,31,119
1773,663363,27,100
1774,663518,31,137
1775,663786,28,109
1776,663939,28,99
1777,664082,36,128
1778,664265,36,110
1779,664526,36,119
1780,664803,37,116
1781,665070,35,114
1782,665222,31,118
1783,665391,36,112
1784,665556,32,106
1785,665794,32,100
1786,665938,35,115
1787,666098,30,113
1788,666242,31,126
1789,666418,31,104
1790,666566,33,102
1791,666720,30,156
1792,666926,31,113
1793,668836,31,162
1794,669121,40,188
1795,669340,30,108
1796,669608,80,183
1797,669919,35,143
1798,670120,32,107
1799,670315,36,125
1800,670378,37,180
1801,670596,30,100
1802,670738,31,104
1803,670887,31,111
1804,671101,32,114
1805,671185,31,105
1806,671258,36,130
1807,671433,31,114
1808,671589,32,128
1809,671764,36,106
1810,671917,33,114
1811,671776,31,114
1812,671933,31,120
1813,672101,32,126
1814,672370,31,252
1815,672669,36,135
1816,672977,30,127
1817,673243,31,141
1818,673519,30,104
1819,673664,33,147
1820,673858,32,120
1821,674024,33,132
1822,674195,31,127
1823,674368,126,1344
1824,675755,28,119
1825,676024,32,116
1826,676296,32,121
1827,676564,29,131
1828,676835,29,200
1829,677080,28,107
1830,677239,29,118
1831,677403,27,117
1832,677563,32,123
1833,677731,32,193
1834,677969,32,150
1835,678256,29,103
1836,678509,28,105
1837,678662,29,111
1838,678819,29,110
1839,678975,29,116
1840,679229,29,109
1841,679379,29,97
1842,679523,31,113
1843,679687,29,104
1844,679942,29,111
1845,680110,31,280
1846,680436,28,158
1847,680731,32,115
1848,680982,28,101
1849,681127,27,110
1850,681284,28,131
1851,681461,28,81
1852,681512,33,120
1853,681692,31,170
1854,681910,32,112
1855,682067,28,112
1856,682232,28,160
1857,682412,28,104
1858,682559,28,101
1859,682697,31,107
1860,682762,89,175
1861,682883,32,114
1862,683024,28,111
1863,683178,33,171
1864,683491,27,114
1865,683671,27,113
1866,683712,28,94
1867,683761,28,106
1868,683913,27,94
1869,684051,32,128
1870,684170,32,127
1871,684435,28,98
1872,684503,27,105
1873,684389,130,1587
1874,686022,33,134
1875,686291,28,95
1876,686339,27,119
1877,686518,28,113
1878,686781,32,125
1879,687044,32,132
1880,687346,27,109
1881,687611,32,111
1882,687890,27,106
1883,688170,28,117
1884,688432,32,152
1885,688640,28,108
1886,688894,31,114
1887,689152,29,97
1888,689217,29,94
1889,689355,32,160
1890,689576,28,148
1891,689860,31,150
1892,690152,31,114
1893,690414,27,104
1894,690683,29,118
1895,690848,28,101
1896,690999,28,116
1897,691162,29,103
1898,691312,30,134
1899,691497,28,114
1900,691654,28,122
1901,691824,33,118
1902,691984,29,106
1903,692131,32,120
1904,692298,28,107
1905,692553,27,180
1906,692778,27,120
1907,693028,28,116
1908,693185,28,102
1909,693335,28,106
1910,693411,28,116
1911,693574,31,120
1912,693846,29,111
1913,693999,31,111
1914,694158,28,104
1915,694309,27,107
1916,694478,27,113
1917,694732,27,108
1918,694990,27,97
1919,695133,28,154
1920,695333,32,210
1921,697475,28,124
1922,697586,30,108
1923,697751,32,107
1924,697933,67,153
1925,698049,32,98
1926,698177,32,97
1927,698322,30,114
1928,698334,31,101
1929,698589,33,129
1930,698667,32,123
1931,698838,31,135
1932,699024,33,105
1933,699153,32,115
1934,699286,31,126
1935,699265,37,120
1936,699529,36,116
1937,699799,36,128
1938,700081,38,117
1939,700351,31,123
1940,700618,32,105
1941,700695,32,113
1942,700873,35,112
1943,701129,32,103
1944,701273,31,108
1945,701432,32,102
1946,701687,32,118
1947,701853,32,91
1948,701987,33,107
1949,702120,32,118
1950,702382,31,90
1951,702443,31,103
1952,702592,31,113
1953,702753,32,110
1954,702904,35,105
1955,703052,31,112
1956,703213,31,209
1957,703464,32,120
1958,703631,32,121
1959,703796,32,96
1960,703937,36,130
1961,704107,31,102
1962,704365,34,148
1963,704595,36,132
1964,704786,36,163
1965,705088,31,108
1966,705352,35,105
1967,705608,31,118
1968,705771,30,115
1969,705931,35,146
1970,706135,31,109
1971,706397,31,105
1972,706549,31,109
1973,706702,31,107
1974,706853,31,106
1975,707011,30,110
1976,707257,32,113
1977,707415,31,115
1978,707578,32,121
1979,707743,32,97
1980,707886,32,116
1981,708047,35,129
1982,708148,32,95
1983,708384,36,101
1984,708638,32,118
1985,708900,32,99
1986,708954,31,112
1987,709119,32,103
1988,709369,66,150
1989,709566,30,97
1990,709813,32,102
1991,709955,30,120
1992,710125,32,107
1993,710384,31,97
1994,710451,32,114
1995,710625,31,113
1996,710788,33,113
1997,710950,31,137
1998,710964,31,136
1999,711240,32,115
2000,711515,33,1455
2001,713021,34,124
2002,713322,37,125
2003,713586,32,124
2004,713853,31,118
2005,714023,31,117
2006,714191,39,117
2007,714358,31,100
2008,714508,31,108
2009,714669,30,117
2010,714939,31,100
2011,715195,30,122
2012,715392,30,100
2013,715635,31,113
2014,715917,36,112
2015,716180,31,99
2016,716251,36,121
2017,716431,31,100
2018,716575,33,122
2019,716741,33,117
2020,717002,32,102
2021,717076,33,121
2022,717251,32,129
2023,717490,36,133
2024,717760,31,116
2025,718037,32,101
2026,718300,33,113
2027,718576,32,113
2028,718737,33,112
2029,718894,32,102
2030,719042,32,132
2031,719224,31,100
2032,719478,32,101
2033,719622,32,121
2034,719791,32,124
2035,720052,30,99
2036,720305,32,101
2037,720452,32,112
2038,720614,32,115
2039,720875,31,109
2040,721027,31,125
2041,721208,32,117
2042,721371,32,138
2043,721686,32,113
2044,721847,32,109
2045,722112,32,101
2046,722257,32,101
2047,722414,32,112
2048,722668,31,100
2049,724587,31,125
2050,724854,32,123
2051,725125,31,103
2052,725382,71,159
2053,725663,32,110
2054,725933,37,122
2055,726209,30,100
2056,726463,31,123
2057,726630,32,101
2058,726783,32,117
2059,726948,33,118
2060,726913,30,109
2061,727204,31,111
2062,727481,30,98
2063,727747,32,99
2064,728018,30,123
2065,728189,31,123
2066,728483,33,125
2067,728766,32,99
2068,728925,31,114
2069,729203,30,98
2070,729474,32,115
2071,729755,31,114
2072,730021,30,98
2073,730276,32,108
2074,730427,32,98
2075,730569,32,113
2076,730725,32,115
2077,730986,32,113
2078,731152,32,98
2079,731300,31,131
2080,731474,31,113
2081,731643,31,111
2082,731799,32,97
2083,731862,31,101
2084,732009,30,96
2085,732292,32,111
2086,732557,32,96
2087,732693,35,228
2088,732970,32,108
2089,733228,32,112
2090,733383,31,151
2091,733719,32,113
2092,733981,30,105
2093,734126,32,177
2094,734352,32,97
2095,734602,32,97
2096,734668,30,103
2097,734818,31,107
2098,734971,30,111
2099,735131,33,98
2100,735386,32,108
2101,735533,32,112
2102,735692,32,91
2103,735828,32,113
2104,735986,31,112
2105,736241,31,112
2106,736504,31,93
2107,736564,31,106
2108,736844,30,108
2109,737015,31,98
2110,737267,32,116
2111,737430,31,111
2112,737585,30,98
2113,737737,30,100
2114,737897,32,112
2115,738051,32,98
2116,738116,95,169
2117,738249,32,112
2118,738390,30,96
2119,738532,33,112
2120,738692,32,107
2121,738954,32,111
2122,739000,30,97
2123,738799,30,113
2124,738961,31,112
2125,739228,32,118
2126,739362,31,98
2127,739508,31,106
2128,739665,35,188
2129,739902,32,98
2130,740169,31,98
2131,740239,33,114
2132,740321,32,101
2133,740481,33,129
2134,740743,31,104
2135,741023,30,119
2136,741205,31,106
2137,741370,31,98
2138,741519,33,109
2139,741672,31,97
2140,741829,31,101
2141,742083,31,109
2142,742163,31,123
2143,742348,32,99
2144,742567,30,116
2145,742837,31,114
2146,743110,31,119
2147,743388,31,111
2148,743658,32,110
2149,743815,32,104
2150,743965,31,131
2151,744142,33,167
2152,744450,32,96
2153,744593,31,95
2154,744742,31,97
2155,744998,32,100
2156,745280,31,112
2157,745552,31,97
2158,745782,30,108
2159,746040,31,117
2160,746203,31,113
2161,746360,31,120
2162,746526,33,121
2163,746696,33,113
2164,746854,31,112
2165,747019,31,100
2166,747282,30,111
2167,747545,31,104
2168,747817,31,115
2169,748089,31,103
2170,748349,32,99
2171,748497,32,98
2172,748648,33,119
2173,748911,32,114
2174,748994,32,124
2175,749286,31,115
2176,749447,32,113
2177,751134,32,125
2178,751243,32,121
2179,751391,32,129
2180,751555,68,139
2181,751723,31,120
2182,751983,32,224
2183,752250,31,156
2184,752538,30,126
2185,752444,32,125
2186,752719,127,1942
2187,754600,35,190
2188,754843,31,118
2189,755104,33,111
2190,755188,32,119
2191,755367,28,104
2192,755527,33,163
2193,755829,33,115
2194,755983,29,112
2195,756138,27,104
2196,756286,28,108
2197,756451,32,138
2198,756635,31,106
2199,756786,32,120
2200,756955,29,109
2201,757112,33,117
2202,757277,31,96
2203,757417,32,109
2204,757574,28,96
2205,757826,28,95
2206,757968,32,116
2207,758125,27,105
2208,758380,29,114
2209,758535,28,105
2210,758685,28,160
2211,758905,28,94
2212,759154,31,121
2213,759320,28,109
2214,759474,31,120
2215,759605,29,105
2216,759867,28,103
2217,760125,28,114
2218,760283,32,127
2219,760456,31,122
2220,760633,29,106
2221,760781,28,111
2222,760935,28,101
2223,761198,28,115
2224,761455,31,116
2225,761617,28,104
2226,761770,28,97
2227,761917,28,128
2228,762179,28,125
2229,762457,28,105
2230,762714,28,110
2231,762873,31,156
2232,763166,32,321
2233,763539,29,120
2234,763705,29,111
2235,763865,33,172
2236,764087,133,1360
2237,765495,34,185
2238,765818,28,106
2239,765966,28,107
2240,766116,28,97
2241,766246,32,123
2242,766507,43,119
2243,766772,36,126
2244,766840,57,141
2245,767047,27,227
2246,767321,28,164
2247,767239,27,112
2248,767508,27,115
2249,767705,28,110
2250,767953,33,123
2251,768116,28,188
2252,768348,27,111
2253,768612,28,129
2254,768775,31,109
2255,768928,28,174
2256,769154,32,197
2257,769401,35,187
2258,769640,29,121
2259,769824,37,133
2260,770078,29,160
2261,772289,37,141
2262,772480,46,166
2263,772784,30,441
2264,773278,30,124
2265,773559,35,153
2266,773860,28,124
2267,774028,50,154
2268,774328,42,138
2269,774614,34,211
2270,774875,32,111
2271,775137,36,158
2272,775350,35,243
2273,775638,31,133
2274,775915,32,148
2275,776123,45,233
2276,776406,43,129
2277,776683,29,130
2278,776861,28,102
2279,777141,28,136
2280,777325,39,111
2281,777483,27,126
2282,777654,29,92
2283,777791,28,104
2284,777960,30,124
2285,778227,35,195
2286,778485,267,2552
2287,781088,34,162
2288,781228,35,142
2289,781515,36,122
2290,781784,29,117
2291,781948,45,167
2292,782169,37,102
2293,782426,34,140
2294,782617,32,134
2295,782898,33,139
2296,783090,29,146
2297,783287,27,107
2298,783463,34,124
2299,783643,28,132
2300,783916,34,178
2301,784234,29,105
2302,784386,28,88
2303,784443,27,106
2304,784682,28,256
2305,798286,29,138
2306,798389,28,126
2307,798540,27,127
2308,798585,80,151
2309,798854,28,98
2310,798809,28,113
2311,798869,28,93
2312,799006,27,110
2313,799053,29,113
2314,799301,32,128
2315,799472,32,125
2316,799744,28,97
2317,799981,28,106
2318,800129,32,167
2319,800352,28,108
2320,800611,27,129
2321,800894,28,138
2322,801187,32,138
2323,801391,27,104
2324,801678,28,121
2325,801944,28,114
2326,802207,29,106
2327,802362,29,103
2328,802616,29,147
2329,802828,28,140
2330,803017,27,120
2331,803288,28,116
2332,803520,27,101
2333,803758,28,116
2334,803917,28,108
2335,804066,28,113
2336,804226,36,110
2337,804485,37,125
2338,804656,32,124
2339,804827,35,121
2340,804993,31,128
2341,805171,36,104
2342,805325,35,118
2343,805485,35,102
2344,805637,31,106
2345,805879,37,103
2346,806027,32,101
2347,806180,33,142
2348,806366,31,125
2349,806531,32,115
2350,806694,31,98
2351,806843,32,97
2352,806999,32,115
2353,807084,33,99
2354,807154,32,99
2355,807304,32,98
2356,807447,32,108
2357,807602,32,192
2358,814072,40,249
2359,814372,32,178
2360,814671,36,142
2361,814951,32,120
2362,815214,31,102
2363,815364,32,118
2364,815530,33,100
2365,815671,30,103
2366,815826,37,105
2367,816087,35,123
2368,816298,30,128
2369,816467,33,160
2370,816625,31,127
2371,816697,33,98
2372,816472,117,212
2373,816733,39,122
2374,816813,30,115
2375,816937,35,122
2376,817103,30,97
2377,817240,31,113
2378,817395,32,106
2379,817474,30,95
2380,817727,31,119
2381,817891,30,123
2382,818059,30,96
2383,818209,31,96
2384,818351,31,119
2385,818516,31,97
2386,818775,31,102
2387,819050,38,103
2388,819284,31,97
2389,819424,31,98
2390,819565,31,120
2391,819731,31,185
2392,819965,32,111
2393,820125,32,123
2394,820296,31,99
2395,820562,30,115
2396,820821,31,100
2397,821065,30,96
2398,821202,32,116
2399,821363,30,118
2400,821528,31,98
2401,821667,30,124
2402,821834,31,116
2403,822094,31,124
2404,822256,31,102
2405,822405,32,141
2406,822691,33,110
2407,822949,31,110
2408,823104,33,126
2409,823373,32,100
2410,823521,31,212
2411,823776,32,142
2412,823982,37,192
2413,824220,33,109
2414,824477,31,118
2415,824641,31,142
2416,824754,32,119
2417,825001,31,102
2418,825147,31,111
2419,825410,33,119
2420,825573,33,122
2421,825838,33,122
2422,826106,31,119
2423,826277,35,117
2424,826544,32,117
2425,826715,32,113
2426,826988,31,113
2427,827256,35,150
2428,827436,31,110
2429,827592,32,97
2430,827732,31,120
2431,827899,33,123
2432,828159,30,98
2433,830275,33,137
2434,830546,32,103
2435,830356,31,104
2436,830338,92,191
2437,830477,40,137
2438,830614,31,209
2439,830750,32,134
2440,830761,32,118
2441,830842,33,125
2442,830817,32,117
2443,830986,31,119
2444,831246,33,118
2445,831408,33,99
2446,831556,32,109
2447,831710,33,152
2448,831904,33,129
2449,832165,31,120
2450,832438,32,111
2451,832698,33,112
2452,832830,36,156
2453,833047,32,167
2454,833276,32,99
2455,833541,31,117
2456,833803,31,100
2457,833949,30,124
2458,834117,30,100
2459,834376,32,100
2460,834629,32,101
2461,834773,31,101
2462,834916,31,100
2463,835070,32,112
2464,835324,30,106
2465,835597,31,156
2466,835809,39,125
2467,836072,31,98
2468,836326,30,111
2469,836482,32,114
2470,836635,31,107
2471,836791,32,98
2472,837050,30,98
2473,837120,32,138
2474,837318,31,96
2475,837572,30,120
2476,837842,30,119
2477,838095,32,115
2478,838195,31,104
2479,838437,36,126
2480,838611,32,103
2481,838761,31,98
2482,838899,31,120
2483,839070,32,112
2484,839336,32,125
2485,839606,37,120
2486,839777,33,123
2487,839953,33,119
2488,840121,31,105
2489,840271,32,100
2490,840422,36,133
2491,840694,32,128
2492,840971,33,100
2493,841232,33,120
2494,841502,32,207
2495,841755,36,132
2496,841933,36,126
2497,841817,32,110
2498,841971,36,143
2499,842087,32,105
2500,842363,72,139
2501,842677,35,123
2502,842858,33,113
2503,843116,32,116
2504,843392,36,136
2505,843658,37,123
2506,843933,31,111
2507,844092,32,112
2508,844347,32,175
2509,844567,38,119
2510,844833,31,102
2511,845098,36,122
2512,845366,30,107
2513,845653,36,104
2514,845917,31,105
2515,846182,31,104
2516,846333,32,107
2517,846486,32,107
2518,846637,30,103
2519,846792,37,118
2520,847049,30,105
2521,847127,31,105
2522,847289,31,113
2523,847557,30,99
2524,847817,30,206
2525,848072,31,106
2526,848348,30,117
2527,848611,32,105
2528,848730,30,94
2529,848990,31,107
2530,849254,30,94
2531,849317,31,105
2532,849494,32,105
2533,849776,36,136
2534,849966,31,119
2535,850227,31,113
2536,850489,35,181
2537,850716,30,116
2538,850981,31,109
2539,851244,31,125
2540,851417,31,110
2541,851573,32,121
2542,851743,31,105
2543,851897,31,124
2544,852073,36,126
2545,852340,31,99
2546,852494,33,114
2547,852658,32,125
2548,852834,32,121
2549,853001,31,101
2550,853153,32,113
2551,853314,31,106
2552,853466,32,101
2553,853617,31,124
2554,853880,30,117
2555,854146,32,107
2556,854413,31,126
2557,854676,31,166
2558,854887,33,110
2559,854862,31,107
2560,855015,32,101
2561,857201,38,126
2562,857346,32,115
2563,857621,33,112
2564,857881,72,156
2565,858081,32,107
2566,858341,31,108
2567,858609,30,143
2568,858886,31,125
2569,859167,30,110
2570,859433,31,114
2571,859702,30,107
2572,859849,36,122
2573,860016,33,117
2574,860281,30,135
2575,860469,31,100
2576,860564,32,121
2577,860733,31,122
2578,860905,33,100
2579,861053,31,121
2580,861222,32,104
2581,861369,32,112
2582,861529,32,112
2583,861795,30,116
2584,861961,31,106
2585,862110,32,110
2586,862262,33,99
2587,862419,32,127
2588,862684,31,118
2589,862773,32,119
2590,862946,32,107
2591,863210,32,105
2592,863360,31,100
2593,863515,33,144
2594,863700,31,106
2595,863953,32,169
2596,864173,32,111
2597,864429,32,133
2598,864733,32,145
2599,865016,33,120
2600,865280,32,100
2601,865423,34,167
2602,865645,32,102
2603,865905,32,126
2604,866213,32,134
2605,866485,39,110
2606,866755,31,101
2607,867022,33,102
2608,867291,35,108
2609,867549,32,101
2610,867695,33,116
2611,867852,31,115
2612,868010,33,103
2613,868151,33,123
2614,868312,32,102
2615,868460,34,122
2616,868626,32,101
2617,868772,33,113
2618,868926,32,117
2619,869089,32,114
2620,869247,32,118
2621,869410,33,120
2622,869289,32,99
2623,869432,32,100
2624,869575,33,124
2625,869739,34,149
2626,869934,33,115
2627,870201,33,108
2628,870478,89,168
2629,870708,32,107
2630,870802,33,99
2631,871069,33,133
2632,871355,37,120
2633,871621,37,135
2634,871939,35,132
2635,872217,32,125
2636,872396,31,183
2637,872457,30,107
2638,872712,34,117
2639,872872,31,107
2640,873025,31,102
2641,873176,31,108
2642,873342,31,99
2643,873586,32,114
2644,873742,30,127
2645,873914,30,115
2646,874076,31,115
2647,874233,31,116
2648,874396,31,117
2649,874406,31,98
2650,874492,32,117
2651,874475,32,115
2652,874696,32,99
2653,874958,31,138
2654,875241,33,100
2655,875486,31,99
2656,875630,32,120
2657,875628,31,99
2658,875720,31,98
2659,875795,31,99
2660,875901,32,98
2661,876144,32,112
2662,876136,31,118
2663,876255,31,112
2664,876350,30,86
2665,876506,31,115
2666,876667,31,117
2667,876664,30,115
2668,876770,32,115
2669,876834,31,99
2670,876921,30,98
2671,876906,31,123
2672,877112,30,97
2673,877295,30,96
2674,877505,32,126
2675,877797,35,151
2676,877893,32,88
2677,877866,31,128
2678,877885,32,98
2679,878076,31,120
2680,878052,32,97
2681,878140,37,139
2682,878246,31,110
2683,878515,30,98
2684,878508,30,114
2685,878692,31,173
2686,878852,31,168
2687,879055,31,102
2688,879271,31,134
2689,881110,31,154
2690,881336,30,100
2691,881503,40,105
2692,881716,64,149
2693,881997,238,2634
2694,884498,32,111
2695,884589,33,123
2696,884709,32,121
2697,884871,28,95
2698,885009,31,165
2699,885222,31,140
2700,885500,28,110
2701,885758,28,157
2702,886052,28,109
2703,886226,32,125
2704,886493,29,112
2705,886758,28,110
2706,886924,31,148
2707,887136,31,127
2708,887439,29,103
2709,887703,29,119
2710,887958,31,237
2711,888238,31,109
2712,888505,32,122
2713,888674,31,100
2714,888824,27,114
2715,888984,28,110
2716,889141,28,114
2717,889398,28,114
2718,889677,32,176
2719,889979,32,160
2720,890276,32,132
2721,890544,27,117
2722,890801,27,96
2723,890938,28,144
2724,891127,28,105
2725,891279,29,260
2726,891420,37,173
2727,891668,28,144
2728,891871,29,106
2729,892129,28,114
2730,892115,27,102
2731,892022,27,110
2732,892131,27,107
2733,892314,27,113
2734,892421,27,117
2735,892422,31,150
2736,892593,27,108
2737,892802,32,109
2738,893004,29,120
2739,893081,29,109
2740,893253,31,157
2741,893287,27,116
2742,893486,27,115
2743,893568,136,1168
2744,894781,28,111
2745,894874,32,116
2746,895093,27,115
2747,895019,28,103
2748,895114,29,150
2749,895166,28,114
2750,895402,27,99
2751,895663,27,101
2752,895835,32,123
2753,896085,28,198
2754,895801,27,112
2755,895883,28,101
2756,895846,63,172
2757,895909,27,130
2758,895998,33,114
2759,896208,28,116
2760,896471,28,109
2761,896743,28,96
2762,896808,31,380
2763,897232,28,111
2764,897494,28,99
2765,897747,28,128
2766,897920,31,131
2767,898221,32,113
2768,898480,40,126
2769,898650,32,132
2770,898827,28,108
2771,898982,27,99
2772,899124,28,117
2773,899285,32,109
2774,899263,28,120
2775,899369,29,107
2776,899557,28,113
2777,899664,28,103
2778,899812,28,210
2779,899881,28,102
2780,899975,28,125
2781,899963,28,194
2782,900161,28,110
2783,900354,29,102
2784,900372,39,124
2785,900382,28,194
2786,900448,27,183
2787,900703,29,144
2788,900812,28,106
2789,901013,28,94
2790,900998,28,120
2791,901160,32,108
2792,901270,32,135
2793,901324,36,90
2794,901212,31,116
2795,901318,31,101
2796,901463,35,119
2797,901626,31,113
2798,901604,31,149
2799,901819,36,138
2800,901827,32,112
2801,901923,31,116
2802,902047,31,105
2803,902229,32,115
2804,902331,37,119
2805,902494,32,112
2806,902482,33,111
2807,902585,31,98
2808,902577,32,127
2809,902438,31,105
2810,902628,32,126
2811,902739,32,86
2812,902782,31,131
2813,902912,35,126
2814,903159,33,104
2815,903419,30,128
2816,903679,31,95
2817,905500,40,138
2818,905647,31,123
2819,905741,32,111
2820,905821,74,152
2821,906017,31,134
2822,906289,35,130
2823,906571,32,100
2824,906834,32,203
2825,907092,32,97
2826,907299,32,174
2827,907533,36,142
2828,907811,30,181
2829,908129,30,99
2830,908293,38,110
2831,908556,31,112
2832,908821,31,125
2833,908989,31,105
2834,909136,37,116
2835,909301,30,159
2836,909518,33,116
2837,909770,30,95
2838,909908,35,190
2839,910143,31,105
2840,910395,31,117
2841,910555,31,124
2842,910725,33,129
2843,910899,45,137
2844,911104,36,135
2845,911289,31,124
2846,911557,35,117
2847,911827,37,144
2848,912102,31,135
2849,912370,36,127
2850,912643,31,117
2851,912802,31,105
2852,912956,31,117
2853,913116,34,115
2854,913270,31,110
2855,913418,37,109
2856,913583,32,116
2857,913861,33,112
2858,914130,31,131
2859,914420,32,123
2860,914683,32,117
2861,914845,32,99
2862,914989,32,116
2863,915149,31,114
2864,915401,31,150
2865,915690,32,115
2866,915962,31,126
2867,916223,31,99
2868,916368,31,111
2869,916528,32,103
2870,916787,36,179
2871,917009,32,282
2872,917338,31,120
2873,917619,32,119
2874,917886,35,148
2875,918096,31,103
2876,918353,31,112
2877,918511,32,143
2878,918725,31,126
2879,918905,30,134
2880,919163,32,124
2881,919428,31,115
2882,919583,32,125
2883,919754,38,108
2884,919904,73,154
2885,920242,33,140
2886,920447,36,149
2887,920641,40,136
2888,920924,31,108
2889,921189,31,118
2890,921458,31,111
2891,921682,31,132
2892,921860,31,125
2893,922027,33,124
2894,922197,31,111
2895,922475,31,117
2896,922644,31,112
2897,922923,30,100
2898,923080,32,115
2899,923347,32,113
2900,923614,32,120
2901,923887,33,177
2902,924109,32,115
2903,924374,32,111
2904,924649,35,121
2905,924817,30,116
2906,924974,33,115
2907,925131,31,96
2908,925266,31,114
2909,925430,31,116
2910,925700,32,121
2911,925967,37,126
2912,926137,30,120
2913,926303,31,127
2914,926475,32,118
2915,926636,32,118
2916,926804,38,113
2917,926962,32,111
2918,927120,32,123
2919,927287,30,93
2920,927425,31,102
2921,927580,30,116
2922,927851,32,113
2923,928123,32,104
2924,928386,31,133
2925,928657,32,142
2926,928932,31,117
2927,929202,31,97
2928,929266,32,113
2929,929440,31,117
2930,929692,31,202
2931,929941,30,108
2932,930199,32,123
2933,930363,32,87
2934,930403,31,118
2935,930577,30,110
2936,930833,33,132
2937,931010,30,129
2938,931188,32,120
2939,931359,32,115
2940,931517,30,109
2941,931673,32,138
2942,931860,31,99
2943,932028,31,97
2944,932175,36,122
2945,934204,32,127
2946,934377,32,129
2947,934660,33,129
2948,934925,80,162
2949,935133,30,108
2950,935393,32,143
2951,935606,32,115
2952,935789,32,112
2953,936072,31,107
2954,936337,31,138
2955,936605,32,106
2956,936877,32,97
2957,937150,34,121
2958,937419,33,114
2959,937688,32,119
2960,937976,33,111
2961,938237,32,105
2962,938391,32,109
2963,938545,33,115
2964,938675,32,114
2965,938827,33,105
2966,938979,34,114
2967,939140,37,151
2968,939426,36,104
2969,939573,33,100
2970,939721,32,109
2971,939889,32,115
2972,940145,32,110
2973,940403,32,127
2974,940572,30,109
2975,940729,32,98
2976,940831,31,110
2977,941007,31,163
2978,941139,32,118
2979,941321,31,173
2980,941542,31,111
2981,941804,31,144
2982,942083,31,165
2983,942383,32,101
2984,942638,32,110
2985,942905,31,116
2986,943171,31,107
2987,943436,31,111
2988,943697,33,133
2989,944003,32,122
2990,944262,31,113
2991,944525,32,127
2992,944797,33,125
2993,945054,36,149
2994,945265,35,109
2995,945522,36,109
2996,945586,32,165
2997,945810,32,126
2998,946074,32,101
2999,946342,32,113
3000,946498,31,1168
3001,947709,38,114
3002,947968,32,104
3003,948113,31,121
3004,948278,32,112
3005,948436,32,137
3006,948616,31,126
3007,948789,31,103
3008,949045,31,123
3009,949208,33,112
3010,949356,32,113
3011,949489,32,100
3012,949636,65,139
3013,949817,36,117
3014,950073,30,106
3015,950333,31,110
3016,950489,32,114
3017,950645,31,110
3018,950802,30,116
3019,950963,31,123
3020,951140,32,111
3021,951303,36,117
3022,951465,31,135
3023,951774,30,100
3024,952038,31,99
3025,952186,33,116
3026,952348,31,102
3027,952604,31,130
3028,952893,32,113
3029,953160,32,126
3030,953420,31,134
3031,953592,30,142
3032,953806,35,131
3033,953998,33,105
3034,954244,33,115
3035,954501,32,106
3036,954660,30,103
3037,954805,31,110
3038,954964,31,106
3039,955216,30,145
3040,955399,31,169
3041,955613,31,124
3042,955908,32,106
3043,956060,31,105
3044,956322,45,129
3045,956497,31,104
3046,956649,30,112
3047,956807,32,134
3048,956991,32,113
3049,957150,31,110
3050,957304,32,219
3051,957564,30,110
3052,957826,31,114
3053,957986,33,104
3054,958138,32,138
3055,958330,31,125
3056,958513,31,116
3057,958778,32,100
3058,958929,31,129
3059,959021,30,107
3060,959173,31,131
3061,959346,31,101
3062,959485,31,124
3063,959653,31,117
3064,959913,31,114
3065,960180,31,131
3066,960492,31,101
3067,960745,33,100
3068,960885,31,98
3069,961047,31,108
3070,961333,31,127
3071,961603,31,110
3072,961872,31,113
3073,964896,32,105
3074,965157,30,135
3075,965326,39,174
3076,965548,62,192
3077,965789,30,109
3078,965942,31,111
3079,966099,31,121
3080,966261,32,133
3081,966439,32,103
3082,966585,32,97
3083,966729,33,133
3084,966996,31,126
3085,967169,32,102
3086,967315,30,100
3087,967457,31,103
3088,967623,31,116
3089,967872,32,111
3090,968140,32,103
3091,968288,32,120
3092,968450,30,123
3093,968619,31,115
3094,968781,32,121
3095,968946,31,114
3096,969104,32,117
3097,969271,31,122
3098,969432,31,100
3099,969578,31,110
3100,969735,31,149
3101,970019,31,160
3102,970314,31,88
3103,970570,33,109
3104,970720,36,116
3105,970883,31,100
3106,971128,32,115
3107,971289,31,111
3108,971439,31,126
3109,971608,31,157
3110,971900,31,161
3111,972197,30,115
3112,972467,31,100
3113,972739,30,90
3114,972875,32,100
3115,973034,33,136
3116,973214,32,169
3117,973519,30,147
3118,973777,31,132
3119,974044,31,155
3120,974267,37,223
3121,974462,31,127
3122,974724,31,169
3123,975030,33,102
3124,975282,32,121
3125,975555,32,102
3126,975838,31,118
3127,976097,32,128
3128,976273,31,101
3129,976423,31,123
3130,976593,32,165
3131,976894,31,167
3132,977189,32,101
3133,977442,33,132
3134,977650,32,113
3135,977831,32,160
3136,978039,31,125
3137,978303,30,116
3138,978468,30,112
3139,978548,32,98
3140,978520,75,160
3141,978479,42,107
3142,978690,32,190
3143,978748,31,119
3144,978960,32,112
3145,979037,30,134
3146,978974,30,118
3147,979088,32,113
3148,979180,31,113
3149,979290,32,166
3150,979325,31,107
3151,979423,31,108
3152,979524,32,146
3153,979641,31,121
3154,979826,33,121
3155,979847,33,118
3156,979962,32,116
3157,980150,30,120
3158,980315,32,111
3159,980402,32,125
3160,980618,32,106
3161,980694,31,103
3162,980797,32,115
3163,980964,32,116
3164,981066,32,118
3165,981037,31,99
3166,981131,32,100
3167,981219,31,101
3168,981316,32,113
3169,981475,30,117
3170,981556,30,112
3171,981758,32,114
3172,981832,31,126
3173,982009,30,116
3174,981996,31,100
3175,982077,31,99
3176,982150,32,105
3177,982346,31,111
3178,982316,32,102
3179,982379,32,100
3180,982367,30,100
3181,982567,33,102
3182,982643,30,95
3183,982466,31,133
3184,982662,31,113
3185,982886,33,116
3186,983089,32,137
3187,983121,32,109
3188,983328,31,119
3189,983523,31,121
3190,983689,32,101
3191,983658,31,125
3192,983780,31,112
3193,983860,31,116
3194,983961,32,116
3195,983949,33,114
3196,984110,30,125
3197,984283,31,143
3198,984603,31,119
3199,984602,31,108
3200,984679,30,124
3201,986263,33,107
3202,986380,39,112
3203,986574,31,120
3204,986838,62,161
3205,986889,33,120
3206,986910,33,110
3207,987127,31,116
3208,987315,31,101
3209,987384,31,101
3210,987503,30,113
3211,987704,31,118
3212,987706,31,102
3213,987807,31,113
3214,987806,32,119
3215,988011,31,135
3216,988225,38,124
3217,988247,32,117
3218,988472,30,120
3219,988565,31,104
3220,988658,30,88
3221,988626,31,105
3222,988736,32,125
3223,988828,31,116
3224,989045,32,106
3225,989056,30,125
3226,989174,31,126
3227,989267,31,114
3228,989172,31,111
3229,989281,32,114
3230,989262,30,111
3231,989249,31,131
3232,989277,38,109
3233,989273,31,100
3234,989365,31,114
3235,989361,32,105
3236,989584,31,111
3237,989559,32,111
3238,989639,31,116
3239,989748,33,119
3240,989909,33,91
3241,990050,31,120
3242,990212,30,113
3243,990472,32,97
3244,990733,30,130
3245,991045,32,109
3246,991012,30,107
3247,991159,32,125
3248,991325,29,116
3249,991495,33,124
3250,991751,31,105
3251,992019,31,114
3252,992293,32,120
3253,992567,31,123
3254,992835,31,117
3255,993107,31,124
3256,993368,32,100
3257,993514,32,100
3258,993669,30,99
3259,993926,33,106
3260,994184,31,120
3261,994354,30,116
3262,994515,31,98
3263,994676,31,101
3264,994826,31,108
3265,994979,31,118
3266,995223,31,117
3267,995393,31,119
3268,995559,54,127
3269,995732,31,133
3270,995918,33,133
3271,996227,35,121
3272,996501,32,121
3273,996779,30,129
3274,997047,33,101
3275,997118,31,98
3276,997260,32,100
3277,997240,32,100
3278,997333,31,100
3279,997427,30,99
3280,997520,31,100
3281,997511,31,99
3282,997595,32,99
3283,997591,31,146
3284,997730,32,189
3285,997791,32,115
3286,997880,30,99
3287,998061,30,116
3288,998057,32,134
3289,998317,33,87
3290,998224,30,117
3291,998335,32,98
3292,998425,31,115
3293,998527,31,99
3294,998511,30,100
3295,998587,32,141
3296,998691,31,170
3297,998755,31,106
3298,998958,31,142
3299,999076,32,163
3300,999126,32,185
3301,999312,31,183
3302,999559,35,142
3303,999710,37,113
3304,999868,31,171
3305,999904,32,99
3306,999815,32,98
3307,999932,32,133
3308,999865,31,129
3309,1000040,38,107
3310,1000192,32,100
3311,1000334,31,100
3312,1000494,32,99
3313,1000743,31,122
3314,1000911,32,100
3315,1001055,31,114
3316,1001218,32,114
3317,1001309,31,166
3318,1001459,33,102
3319,1001553,30,117
3320,1001557,33,123
3321,1001557,31,162
3322,1001616,30,119
3323,1001795,31,97
3324,1001703,32,115
3325,1001813,33,128
3326,1001750,36,138
3327,1001884,31,170
3328,1002006,30,100
3329,1003563,31,166
3330,1003620,30,103
3331,1003791,31,195
3332,1003867,63,204
3333,1004063,32,103
3334,1004168,31,126
3335,1004395,30,100
3336,1004495,35,120
3337,1004608,31,99
3338,1004571,31,100
3339,1004551,31,102
3340,1004640,32,100
3341,1004705,31,113
3342,1004692,31,100
3343,1004891,30,119
3344,1004899,32,102
3345,1004984,32,149
3346,1004998,33,100
3347,1005090,33,111
3348,1005135,31,101
3349,1005123,31,100
3350,1005216,31,122
3351,1005307,30,104
3352,1005328,31,115
3353,1005426,31,96
3354,1005614,33,121
3355,1005601,31,99
3356,1005582,30,116
3357,1005599,31,100
3358,1005574,31,99
3359,1005659,32,129
3360,1005678,32,100
3361,1005781,30,121
3362,1005792,32,101
3363,1005888,30,115
3364,1005892,32,116
3365,1006102,31,105
3366,1006184,31,117
3367,1006106,33,100
3368,1006208,31,113
3369,1006308,30,101
3370,1006384,32,101
3371,1006174,31,115
3372,1006364,30,129
3373,1006355,30,122
3374,1006355,30,100
3375,1006435,31,113
3376,1006413,32,131
3377,1006597,32,107
3378,1006861,32,111
3379,1006834,30,102
3380,1006937,31,99
3381,1006916,32,113
3382,1007028,31,105
3383,1007106,31,119
3384,1007018,30,110
3385,1007230,30,101
3386,1007306,32,118
3387,1007495,33,118
3388,1007756,31,109
3389,1007723,32,116
3390,1007714,32,250
3391,1007848,36,186
3392,1008092,31,129
3393,1008105,32,127
3394,1007979,31,114
3395,1007970,33,100
3396,1007955,76,195
3397,1008038,32,104
3398,1008098,30,100
3399,1008250,39,106
3400,1008317,31,124
3401,1008361,36,119
3402,1008456,31,100
3403,1008443,32,127
3404,1008455,32,99
3405,1008546,33,131
3406,1008561,33,100
3407,1008543,31,113
3408,1008651,31,112
3409,1008664,31,106
3410,1008713,31,117
3411,1008821,31,122
3412,1008909,31,120
3413,1008828,31,105
3414,1008921,30,98
3415,1008874,32,116
3416,1008866,32,108
3417,1009071,32,109
3418,1009048,32,131
3419,1009170,32,118
3420,1009285,32,115
3421,1009381,32,100
3422,1009467,31,115
3423,1009469,31,101
3424,1009533,31,106
3425,1009691,31,109
3426,1009764,31,100
3427,1009826,31,124
3428,1009825,31,101
3429,1009914,31,113
3430,1009909,32,101
3431,1010122,32,116
3432,1010305,30,116
3433,1010286,33,100
3434,1010481,33,116
3435,1010582,31,99
3436,1010572,31,122
3437,1010695,31,128
3438,1010777,31,100
3439,1010940,32,110
3440,1010924,32,100
3441,1011017,33,135
3442,1011037,30,120
3443,1011237,32,119
3444,1011324,32,114
3445,1011434,32,100
3446,1011522,32,108
3447,1011624,32,100
3448,1011584,30,107
3449,1011559,32,109
3450,1011718,30,120
3451,1011716,31,117
3452,1011827,31,124
3453,1011831,31,127
3454,1011948,31,100
3455,1011917,30,103
3456,1012019,32,100
3457,1013554,31,103
3458,1013606,31,117
3459,1013701,30,102
3460,1013779,69,160
3461,1013810,31,120
3462,1014023,32,105
3463,1014289,31,115
3464,1014559,34,145
3465,1014842,31,118
3466,1015108,32,124
3467,1015376,32,99
3468,1015514,32,118
3469,1015673,32,122
3470,1015936,32,107
3471,1016205,32,115
3472,1016479,31,99
3473,1016739,32,146
3474,1016952,33,114
3475,1017125,34,140
3476,1017317,32,101
3477,1017575,31,111
3478,1017844,32,122
3479,1018012,32,147
3480,1018228,31,102
3481,1018372,31,105
3482,1018520,32,123
3483,1018693,32,118
3484,1018954,30,122
3485,1019217,30,130
3486,1019525,32,118
3487,1019787,32,118
3488,1019950,31,114
3489,1020110,31,113
3490,1020269,32,106
3491,1020423,32,114
3492,1020588,31,141
3493,1020616,32,110
3494,1020746,31,122
3495,1020621,31,117
3496,1020831,33,100
3497,1021036,31,90
3498,1021102,31,100
3499,1021212,32,110
3500,1021301,32,189
3501,1021479,31,99
3502,1021580,31,110
3503,1021670,30,114
3504,1021645,31,139
3505,1021659,32,101
3506,1021559,32,99
3507,1021545,31,121
3508,1021530,33,118
3509,1021517,30,109
3510,1021621,30,113
3511,1021622,31,105
3512,1021829,30,116
3513,1021823,30,109
3514,1021922,32,163
3515,1021972,32,108
3516,1022181,31,128
3517,1022199,34,125
3518,1022406,31,118
3519,1022387,31,128
3520,1022502,32,112
3521,1022495,31,128
3522,1022551,30,119
3523,1022654,33,135
3524,1022679,72,152
3525,1022961,31,117
3526,1023231,31,116
3527,1023496,31,111
3528,1023648,33,126
3529,1023818,37,142
3530,1024024,31,97
3531,1024163,38,121
3532,1024333,32,140
3533,1024539,35,160
3534,1024749,31,124
3535,1025012,30,123
3536,1025288,31,116
3537,1025553,31,209
3538,1025809,31,237
3539,1026093,140,1574
3540,1027717,34,158
3541,1028008,31,153
3542,1028290,33,154
3543,1028577,32,117
3544,1028838,28,152
3545,1029051,32,158
3546,1029367,28,119
3547,1029531,32,180
3548,1029759,32,150
3549,1030045,29,133
3550,1030228,32,194
3551,1030475,32,119
3552,1030743,33,115
3553,1030906,28,87
3554,1031041,29,102
3555,1031201,28,120
3556,1031498,32,192
3557,1031753,31,115
3558,1031730,32,120
3559,1031985,34,168
3560,1032200,31,133
3561,1032469,32,141
3562,1032748,28,97
3563,1033012,31,147
3564,1033290,32,118
3565,1033358,32,281
3566,1033629,28,115
3567,1033793,28,114
3568,1033775,33,126
3569,1033896,31,126
3570,1033877,33,203
3571,1033957,28,105
3572,1033820,28,138
3573,1034077,32,117
3574,1034191,36,222
3575,1034402,32,118
3576,1034408,29,136
3577,1034530,28,103
3578,1034497,30,184
3579,1034673,26,112
3580,1034740,28,122
3581,1028608,28,94
3582,1028750,29,108
3583,1028887,30,134
3584,1029148,31,146
3585,1030958,34,133
3586,1031263,29,128
3587,1031519,28,136
3588,1031720,78,154
3589,1031921,131,1371
3590,1033339,29,112
3591,1033599,32,119
3592,1033763,29,123
3593,1034022,27,120
3594,1034184,29,161
3595,1034402,32,125
3596,1034668,29,117
3597,1034937,29,125
3598,1035214,32,120
3599,1035482,29,106
3600,1035750,32,128
3601,1036027,28,124
3602,1036299,28,100
3603,1036534,29,133
3604,1036711,32,229
3605,1036981,30,111
3606,1037245,30,171
3607,1037554,32,118
3608,1037809,29,116
3609,1037967,28,168
3610,1038184,29,108
3611,1038437,29,108
3612,1038597,32,120
3613,1038762,29,111
3614,1038918,30,132
3615,1039096,29,107
3616,1039253,29,132
3617,1039431,29,132
3618,1039608,29,108
3619,1039769,29,158
3620,1039702,34,106
3621,1039988,32,129
3622,1040253,27,110
3623,1040515,28,103
3624,1040665,28,113
3625,1040822,28,106
3626,1040978,32,116
3627,1041244,28,138
3628,1041440,27,96
3629,1041704,32,125
3630,1041876,28,108
3631,1042029,32,125
3632,1042196,28,95
3633,1042334,27,122
3634,1042498,29,110
3635,1042755,32,120
3636,1042918,28,113
3637,1043078,29,100
3638,1043229,27,107
3639,1043382,32,104
3640,1043642,36,112
3641,1043899,32,108
3642,1044054,51,136
3643,1044237,32,103
3644,1044385,32,113
3645,1044551,37,134
3646,1044730,35,121
3647,1044897,36,121
3648,1045026,32,110
3649,1045155,31,139
3650,1045467,36,145
3651,1045741,32,127
3652,1046001,78,162
3653,1046293,31,131
3654,1046569,31,111
3655,1046817,37,134
3656,1046996,45,133
3657,1047285,36,118
3658,1047555,37,168
3659,1047857,36,118
3660,1048069,36,132
3661,1048331,31,133
3662,1048519,35,110
3663,1048781,32,107
3664,1048934,31,111
3665,1049090,37,112
3666,1049248,31,115
3667,1049419,38,118
3668,1049578,32,119
3669,1049743,32,117
3670,1049906,35,122
3671,1050077,31,117
3672,1050242,31,109
3673,1050397,32,120
3674,1050558,31,124
3675,1050808,31,163
3676,1051027,32,124
3677,1051285,36,127
3678,1051547,32,118
3679,1051711,31,174
3680,1051934,31,113
3681,1052204,32,116
3682,1052372,32,107
3683,1052525,30,123
3684,1052803,31,122
3685,1053080,32,121
3686,1053249,32,126
3687,1053428,31,120
3688,1053591,32,117
3689,1053758,31,117
3690,1053924,31,128
3691,1054097,33,120
3692,1054264,32,118
3693,1054427,31,110
3694,1054586,31,180
3695,1054814,31,110
3696,1055071,31,162
3697,1055290,32,115
3698,1055551,36,124
3699,1055827,32,107
3700,1056094,32,120
3701,1056257,32,123
3702,1056428,31,111
3703,1056586,38,128
3704,1056760,31,117
3705,1056921,36,116
3706,1057085,31,121
3707,1057256,32,107
3708,1057405,32,121
3709,1057572,37,111
3710,1057829,32,118
3711,1058103,32,110
3712,1058360,32,106
3713,1060121,39,160
3714,1060317,32,106
3715,1060584,32,103
3716,1060733,70,143
3717,1060918,32,112
3718,1060957,31,104
3719,1061104,30,121
3720,1061273,32,115
3721,1061437,31,121
3722,1061595,32,113
3723,1061622,33,135
3724,1061800,31,95
3725,1061938,33,122
3726,1062106,31,123
3727,1062373,31,114
3728,1062646,31,112
3729,1062913,33,111
3730,1063074,32,106
3731,1063229,30,104
3732,1063364,31,161
3733,1063653,32,106
3734,1063916,32,137
3735,1064178,31,99
3736,1064329,32,137
3737,1064512,31,107
3738,1064660,32,112
3739,1064815,32,118
3740,1064971,32,111
3741,1065127,31,107
3742,1065279,38,135
3743,1065468,32,105
3744,1065612,32,100
3745,1065678,33,120
3746,1065841,32,87
3747,1065892,32,99
3748,1066033,32,106
3749,1066182,37,127
3750,1066350,31,106
3751,1066494,32,130
3752,1066674,31,113
3753,1066938,32,114
3754,1067203,32,104
3755,1067452,31,101
3756,1067598,31,115
3757,1067759,128,1546
3758,1069349,35,135
3759,1069621,32,111
3760,1069780,32,168
3761,1070078,29,140
3762,1070351,28,112
3763,1070609,32,189
3764,1070851,29,104
3765,1070927,29,110
3766,1071078,33,155
3767,1071280,29,106
3768,1071544,30,119
3769,1071822,28,102
3770,1072085,34,108
3771,1072265,33,128
3772,1072528,33,120
3773,1072801,29,135
3774,1073111,31,112
3775,1073373,29,124
3776,1073642,29,152
3777,1073845,29,103
3778,1074007,29,115
3779,1074264,32,176
3780,1074566,73,153
3781,1074852,34,111
3782,1075114,29,178
3783,1075314,32,131
3784,1075570,29,104
3785,1075830,29,106
3786,1075978,31,175
3787,1076205,28,112
3788,1076461,28,106
3789,1076614,32,118
3790,1076778,28,97
3791,1076929,29,106
3792,1077088,29,126
3793,1077350,29,103
3794,1077613,29,110
3795,1077870,29,118
3796,1078025,27,121
3797,1078187,31,117
3798,1078350,28,126
3799,1078521,28,241
3800,1078805,28,106
3801,1079064,32,113
3802,1079349,29,107
3803,1079611,32,120
3804,1079844,31,114
3805,1080005,32,242
3806,1080295,29,114
3807,1080485,35,132
3808,1080757,31,108
3809,1081024,32,113
3810,1081294,30,107
3811,1081447,31,117
3812,1081610,31,106
3813,1081766,36,128
3814,1081940,35,120
3815,1082111,31,112
3816,1082272,30,102
3817,1082420,31,106
3818,1082575,31,104
3819,1082842,48,267
3820,1083157,35,205
3821,1083407,32,120
3822,1083569,30,102
3823,1083715,30,123
3824,1083883,31,133
3825,1084143,32,131
3826,1084417,31,111
3827,1084571,32,126
3828,1084736,31,119
3829,1084899,36,140
3830,1085080,31,110
3831,1085237,32,115
3832,1085402,32,114
3833,1085656,33,125
3834,1085913,30,109
3835,1086070,31,107
3836,1086221,31,108
3837,1086377,32,174
3838,1086703,33,129
3839,1086974,36,155
3840,1087268,32,103
3841,1089192,31,128
3842,1089348,40,154
3843,1089552,33,199
3844,1089784,64,165
3845,1089892,36,121
3846,1090161,31,120
3847,1090338,30,120
3848,1090605,36,115
3849,1090656,31,118
3850,1090712,32,93
3851,1090745,32,119
3852,1090907,32,117
3853,1091178,32,126
3854,1091452,36,117
3855,1091727,31,117
3856,1092012,32,144
3857,1092293,30,109
3858,1092561,35,114
3859,1092828,32,116
3860,1092993,33,128
3861,1093170,31,122
3862,1093343,31,127
3863,1093516,32,112
3864,1093669,31,183
3865,1093897,31,113
3866,1094157,32,113
3867,1094432,32,157
3868,1094733,32,266
3869,1095048,33,113
3870,1095212,33,213
3871,1095465,32,131
3872,1095728,32,116
3873,1095855,32,128
3874,1096034,31,107
3875,1096186,32,152
3876,1096510,31,109
3877,1096785,32,116
3878,1097052,32,110
3879,1097203,31,113
3880,1097369,33,119
3881,1097533,30,113
3882,1097694,32,119
3883,1097855,30,100
3884,1098000,32,112
3885,1098167,31,93
3886,1098416,37,125
3887,1098587,31,106
3888,1098743,31,99
3889,1098892,32,107
3890,1099043,33,108
3891,1099307,31,106
3892,1099644,38,166
3893,1099867,37,99
3894,1100123,38,133
3895,1100436,39,136
3896,1100618,36,119
3897,1102707,37,196
3898,1102951,37,114
3899,1103211,36,130
3900,1103395,40,157
3901,1103691,37,142
3902,1103971,44,152
3903,1104192,37,129
3904,1104493,48,240
3905,1104777,42,141
3906,1105057,37,354
3907,1105446,31,130
3908,1105718,108,210
3909,1105993,36,130
3910,1106266,33,121
3911,1106536,32,126
3912,1106707,36,153
3913,1107011,51,157
3914,1107316,43,122
3915,1107587,42,152
3916,1107880,40,209
3917,1108140,39,135
3918,1108419,39,122
3919,1108597,41,136
3920,1108800,33,117
3921,1109075,37,180
3922,1109308,40,165
3923,1109524,49,167
3924,1109840,38,141
3925,1110037,40,181
3926,1110283,34,112
3927,1110558,33,149
3928,1110761,38,169
3929,1111076,35,144
3930,1111269,33,128
3931,1111446,35,118
3932,1111533,33,146
3933,1111829,33,135
3934,1112011,32,114
3935,1112276,34,103
3936,1112442,33,95
3937,1112746,46,135
3938,1112923,36,288
3939,1113256,32,118
3940,1113497,31,114
3941,1113657,188,276
3942,1113981,31,122
3943,1114254,33,123
3944,1114531,32,118
3945,1114694,33,124
3946,1114863,32,104
3947,1115016,32,107
3948,1115167,31,119
3949,1115331,32,166
3950,1115553,32,123
3951,1115821,33,107
3952,1115976,32,110
3953,1116245,33,119
3954,1116415,31,106
3955,1116670,31,135
3956,1116848,32,121
3957,1117016,31,124
3958,1117179,30,112
3959,1117335,31,112
3960,1117488,32,110
3961,1117640,31,103
3962,1117794,30,111
3963,1118052,31,113
3964,1118224,32,130
3965,1118499,35,240
3966,1118783,31,133
3967,1119097,36,133
3968,1119280,31,118
3969,1121183,33,121
3970,1121447,32,175
3971,1121757,40,223
3972,1122029,72,150
3973,1122322,34,122
3974,1122490,32,113
3975,1122764,34,120
3976,1123031,31,134
3977,1123306,31,112
3978,1123563,31,119
3979,1123728,31,111
3980,1123995,36,126
3981,1124164,31,103
3982,1124313,35,139
3983,1124496,30,107
3984,1124646,31,124
3985,1124816,32,121
3986,1124981,31,120
3987,1125154,31,113
3988,1125291,32,111
3989,1125448,31,104
3990,1125698,32,121
3991,1125868,30,112
3992,1126027,30,122
3993,1126196,33,98
3994,1126341,245,2131
3995,1128428,34,137
3996,1128734,33,122
3997,1128997,32,140
3998,1129201,28,83
3999,1129331,33,107
4000,1129478,40,1119
4001,1130645,28,108
4002,1130907,31,129
4003,1131076,28,198
4004,1131315,29,127
4005,1131411,29,148
4006,1131602,29,112
4007,1131765,28,123
4008,1131929,32,123
4009,1132102,32,101
4010,1132246,27,99
4011,1132410,34,119
4012,1132676,31,123
4013,1132950,28,171
4014,1133271,28,128
4015,1133448,28,119
4016,1133613,28,118
4017,1133777,29,229
4018,1134057,28,124
4019,1134326,28,114
4020,1134489,27,124
4021,1134777,28,111
4022,1135036,28,117
4023,1135200,28,129
4024,1135374,29,100
4025,1135523,28,113
4026,1135683,28,112
4027,1135943,27,171
4028,1136159,27,113
4029,1136412,27,106
4030,1136566,28,117
4031,1136730,28,102
4032,1136882,32,232
4033,1137160,31,102
4034,1137421,32,123
4035,1137590,27,126
4036,1137760,71,226
4037,1138037,27,97
4038,1138296,34,104
4039,1138448,29,118
4040,1138615,27,112
4041,1138774,28,98
4042,1138917,27,119
4043,1139086,29,95
4044,1139336,36,128
4045,1139513,31,105
4046,1139661,35,119
4047,1139828,36,120
4048,1139996,36,113
4049,1140146,32,200
4050,1140390,31,122
4051,1140561,35,107
4052,1140734,31,98
4053,1140875,36,122
4054,1141039,35,120
4055,1141203,32,108
4056,1141359,36,118
4057,1141439,36,140
4058,1141611,37,120
4059,1141707,36,118
4060,1141920,36,119
4061,1142189,32,108
4062,1142269,37,126
4063,1142269,31,115
4064,1142253,36,125
4065,1142260,30,115
4066,1142260,129,1453
4067,1143702,34,122
4068,1143799,32,114
4069,1143708,28,157
4070,1143871,27,114
4071,1144046,33,120
4072,1144211,32,125
4073,1144224,28,148
4074,1144378,28,109
4075,1144553,32,121
4076,1144831,28,104
4077,1144939,28,115
4078,1145144,27,115
4079,1145402,28,104
4080,1145556,28,97
4081,1145699,28,111
4082,1145706,28,104
4083,1145905,29,109
4084,1145983,28,119
4085,1146150,33,118
4086,1146137,27,119
4087,1146250,32,119
4088,1146345,32,113
4089,1146447,28,105
4090,1146595,33,111
4091,1146683,28,103
4092,1146936,32,117
4093,1146908,32,115
4094,1147014,28,103
4095,1147075,28,122
4096,1147242,28,122
4097,1148885,29,140
4098,1149150,29,114
4099,1149221,29,119
4100,1149446,63,154
4101,1149500,31,101
4102,1149592,28,113
4103,1149557,28,122
4104,1149728,27,113
4105,1149887,28,121
4106,1149877,28,106
4107,1149854,33,120
4108,1149848,32,245
4109,1149980,31,102
4110,1150087,33,111
4111,1150204,28,105
4112,1150378,27,99
4113,1150346,26,95
4114,1150437,28,123
4115,1150536,27,117
4116,1150747,36,128
4117,1150745,36,119
4118,1150849,36,115
4119,1150688,32,203
4120,1150866,31,120
4121,1151087,36,120
4122,1151174,31,114
4123,1151335,31,108
4124,1151313,31,107
4125,1151422,30,113
4126,1151504,32,110
4127,1151717,32,124
4128,1151730,32,110
4129,1151924,36,169
4130,1152049,36,126
4131,1152221,31,156
4132,1152250,35,120
4133,1152460,35,137
4134,1152658,31,117
4135,1152922,34,197
4136,1153010,30,102
4137,1153208,36,121
4138,1153291,30,103
4139,1153439,36,135
4140,1153470,31,104
4141,1153568,32,118
4142,1153659,32,109
4143,1153760,32,120
4144,1153747,32,99
4145,1153720,32,115
4146,1153711,35,124
4147,1153710,35,115
4148,1153711,31,135
4149,1153933,32,126
4150,1154043,36,160
4151,1154284,32,111
4152,1154451,33,130
4153,1154626,35,135
4154,1154768,31,104
4155,1154972,31,103
4156,1155159,31,100
4157,1155441,32,132
4158,1155543,36,114
4159,1155568,35,119
4160,1155780,32,138
4161,1155966,31,115
4162,1156028,30,122
4163,1156131,31,115
4164,1156229,83,167
4165,1156441,35,141
4166,1156719,32,117
4167,1156986,32,120
4168,1157268,36,131
4169,1157284,36,111
4170,1157303,30,114
4171,1157226,36,122
4172,1157463,33,156
4173,1157690,31,110
4174,1157811,31,108
4175,1157896,31,115
4176,1157972,32,116
4177,1157890,31,108
4178,1157995,36,174
4179,1158029,31,123
4180,1158126,37,125
4181,1158308,35,114
4182,1158138,36,128
4183,1158241,31,127
4184,1158251,32,110
4185,1158400,31,116
4186,1158379,32,113
4187,1158366,32,123
4188,1158376,32,136
4189,1158623,30,124
4190,1158815,31,104
4191,1158728,31,111
4192,1158830,31,126
4193,1158922,36,122
4194,1159095,30,130
4195,1159093,30,128
4196,1159220,30,117
4197,1159311,32,109
4198,1159405,30,108
4199,1159361,31,113
4200,1159466,31,115
4201,1159656,33,110
4202,1159917,31,115
4203,1159904,31,119
4204,1160018,32,118
4205,1160110,31,111
4206,1160205,31,130
4207,1160196,32,108
4208,1160297,31,108
4209,1160280,31,116
4210,1160299,31,108
4211,1160292,32,103
4212,1160366,30,115
4213,1160356,31,111
4214,1160563,30,121
4215,1160652,31,124
4216,1160750,32,117
4217,1160907,31,110
4218,1161064,30,123
4219,1161234,30,112
4220,1161497,37,217
4221,1161758,32,123
4222,1161927,34,128
4223,1162202,32,124
4224,1162455,36,158
4225,1164325,41,142
4226,1164501,32,117
4227,1164768,33,105
4228,1165028,62,153
4229,1165322,31,118
4230,1165571,32,122
4231,1165740,31,186
4232,1165968,30,106
4233,1166244,31,93
4234,1166308,37,126
4235,1166491,31,116
4236,1166650,31,129
4237,1166827,35,117
4238,1167075,31,118
4239,1167233,31,115
4240,1167387,37,127
4241,1167557,32,121
4242,1167717,32,182
4243,1167942,30,109
4244,1167918,36,132
4245,1168185,32,117
4246,1168450,32,111
4247,1168717,30,109
4248,1168877,30,114
4249,1169139,31,122
4250,1169248,31,133
4251,1169464,32,177
4252,1169676,33,114
4253,1169891,31,126
4254,1170152,32,119
4255,1170318,37,137
4256,1170632,31,117
4257,1170903,31,110
4258,1171169,32,117
4259,1171345,31,135
4260,1171617,30,107
4261,1171876,32,106
4262,1172029,32,109
4263,1172191,33,110
4264,1172351,32,101
4265,1172506,30,102
4266,1172655,35,129
4267,1172923,36,121
4268,1173186,31,116
4269,1173345,33,104
4270,1173489,31,116
4271,1173652,32,116
4272,1173916,30,102
4273,1173984,31,120
4274,1174144,30,114
4275,1174304,32,128
4276,1174290,32,214
4277,1174460,31,116
4278,1174565,37,118
4279,1174732,33,108
4280,1174887,31,107
4281,1174846,35,167
4282,1174881,30,107
4283,1174983,31,109
4284,1175077,31,134
4285,1175219,35,122
4286,1175418,31,108
4287,1175461,32,120
4288,1175582,31,110
4289,1175731,30,118
4290,1175898,31,143
4291,1175930,31,111
4292,1176022,62,152
4293,1176151,32,115
4294,1176366,31,118
4295,1176449,33,107
4296,1176662,32,113
4297,1176628,32,125
4298,1176540,32,110
4299,1176638,32,111
4300,1176615,32,118
4301,1176594,31,116
4302,1176709,31,116
4303,1176776,33,118
4304,1176883,31,114
4305,1176833,36,132
4306,1176963,32,163
4307,1176837,31,114
4308,1177044,31,111
4309,1177042,30,129
4310,1177258,33,91
4311,1177409,32,112
4312,1177493,32,122
4313,1177715,31,116
4314,1177801,31,116
4315,1177909,31,111
4316,1178002,30,93
4317,1177966,31,107
4318,1178073,31,118
4319,1178186,30,116
4320,1178404,31,114
4321,1178585,31,168
4322,1178746,31,108
4323,1178821,32,111
4324,1178784,32,116
4325,1178777,31,103
4326,1178879,32,116
4327,1178956,31,117
4328,1179068,31,101
4329,1179216,31,108
4330,1179197,31,123
4331,1179400,31,120
4332,1179565,32,117
4333,1179655,31,121
4334,1179822,31,111
4335,1179982,33,122
4336,1179948,32,105
4337,1179932,31,120
4338,1180041,31,115
4339,1180110,32,130
4340,1180237,31,123
4341,1180231,31,129
4342,1180353,32,124
4343,1180352,32,261
4344,1180600,31,125
4345,1180768,32,103
4346,1180731,32,119
4347,1180715,31,123
4348,1180823,31,110
4349,1180906,31,111
4350,1180901,32,110
4351,1180883,32,116
4352,1181047,32,180
4353,1182609,33,154
4354,1182845,30,170
4355,1183030,39,130
4356,1183209,89,174
4357,1183249,32,114
4358,1183446,31,111
4359,1183442,31,145
4360,1183605,32,104
4361,1183676,32,123
4362,1183793,33,111
4363,1183763,31,109
4364,1183867,32,113
4365,1184040,31,114
4366,1184224,134,1299
4367,1185573,27,127
4368,1185834,32,121
4369,1185721,31,118
4370,1185817,28,120
4371,1185931,27,118
4372,1185935,28,106
4373,1186036,32,167
4374,1186178,31,131
4375,1186388,32,117
4376,1186478,28,122
4377,1186694,28,106
4378,1186797,32,124
4379,1187005,31,108
4380,1187081,39,134
4381,1187212,28,176
4382,1187274,32,112
4383,1187493,28,105
4384,1187751,27,117
4385,1187929,28,106
4386,1188196,29,126
4387,1188167,28,108
4388,1188065,29,110
4389,1188155,28,130
4390,1188329,28,115
4391,1188415,29,118
4392,1188410,33,146
4393,1188433,28,114
4394,1188633,28,112
4395,1188744,31,130
4396,1188759,28,111
4397,1188745,32,171
4398,1189046,27,104
4399,1189304,28,126
4400,1189583,28,122
4401,1189673,32,163
4402,1189913,28,109
4403,1190092,31,139
4404,1190375,27,109
4405,1190353,28,124
4406,1190470,32,126
4407,1190488,31,115
4408,1190596,29,133
4409,1190599,28,117
4410,1190587,28,117
4411,1190583,31,115
4412,1190588,27,111
4413,1190565,32,115
4414,1190724,32,114
4415,1190818,28,113
4416,1190921,31,137
4417,1190922,32,117
4418,1191032,30,123
4419,1191029,31,110
4420,1191128,76,191
4421,1191293,33,133
4422,1191415,32,111
4423,1191389,36,126
4424,1191503,31,135
4425,1191613,31,119
4426,1191731,31,152
4427,1191941,36,122
4428,1192012,36,118
4429,1192034,32,116
4430,1192118,32,115
4431,1191889,31,119
4432,1191984,31,121
4433,1192084,35,164
4434,1192123,35,115
4435,1192333,32,114
4436,1192305,31,125
4437,1192294,32,118
4438,1192457,32,115
4439,1192457,31,141
4440,1192609,30,142
4441,1192727,32,107
4442,1192984,32,117
4443,1193262,31,108
4444,1193357,30,114
4445,1193468,31,116
4446,1193470,31,114
4447,1193387,30,117
4448,1193586,36,126
4449,1193568,36,105
4450,1193715,36,132
4451,1193893,31,102
4452,1194042,36,124
4453,1194211,34,136
4454,1194488,32,112
4455,1194752,33,128
4456,1194929,30,105
4457,1195077,37,120
4458,1195248,32,125
4459,1195414,32,114
4460,1195577,30,132
4461,1195757,32,135
4462,1196065,37,127
4463,1196327,33,114
4464,1196597,33,120
4465,1196867,31,122
4466,1197035,30,121
4467,1197204,31,121
4468,1197377,31,117
4469,1197538,31,110
4470,1197698,32,115
4471,1197855,33,188
4472,1198097,31,110
4473,1198351,32,183
4474,1198667,31,111
4475,1198932,31,107
4476,1199208,30,111
4477,1199472,32,104
4478,1199725,32,122
4479,1199893,31,122
4480,1200064,30,129
4481,1202026,32,128
4482,1202283,32,115
4483,1202549,31,93
4484,1202687,71,151
4485,1202885,35,107
4486,1203042,31,216
4487,1203309,32,118
4488,1203568,30,104
4489,1203729,32,116
4490,1203894,31,130
4491,1204067,32,95
4492,1204052,32,132
4493,1204173,31,99
4494,1204101,32,117
4495,1204322,32,112
4496,1204435,32,120
4497,1204645,31,129
4498,1204874,32,110
4499,1205074,32,115
4500,1205235,32,129
4501,1205408,31,116
4502,1205395,31,134
4503,1205391,32,124
4504,1205500,31,115
4505,1205481,31,122
4506,1205475,33,134
4507,1205610,30,112
4508,1205770,31,126
4509,1205764,33,100
4510,1205739,31,109
4511,1205696,32,129
4512,1205910,31,118
4513,1206012,31,120
4514,1206128,31,109
4515,1206099,32,118
4516,1206079,32,109
4517,1206183,31,116
4518,1206158,33,133
4519,1206258,31,128
4520,1206477,31,109
4521,1206644,36,113
4522,1206749,88,1381
4523,1208012,34,121
4524,1208236,32,126
4525,1208347,27,127
4526,1208463,28,91
4527,1208516,32,121
4528,1208633,32,114
4529,1208735,32,173
4530,1208903,31,140
4531,1209104,29,115
4532,1209323,28,102
4533,1209400,28,115
4534,1209502,26,98
4535,1209691,28,118
4536,1209770,30,117
4537,1209889,33,114
4538,1209862,28,105
4539,1209960,28,115
4540,1210034,32,116
4541,1210249,31,111
4542,1210332,27,113
4543,1210539,32,160
4544,1210850,31,143
4545,1211054,31,121
4546,1211311,31,123
4547,1211437,28,116
4548,1211602,70,268
4549,1211914,28,121
4550,1212185,33,172
4551,1212501,28,107
4552,1212756,32,106
4553,1212909,31,120
4554,1213077,29,102
4555,1213237,32,125
4556,1213202,31,117
4557,1213475,31,189
4558,1213721,27,108
4559,1213984,33,110
4560,1214247,29,113
4561,1214407,30,131
4562,1214586,31,103
4563,1214743,32,125
4564,1214913,28,111
4565,1215069,28,115
4566,1215231,32,120
4567,1215398,28,97
4568,1215365,32,120
4569,1215293,28,102
4570,1215497,28,128
4571,1215478,33,144
4572,1215635,30,125
4573,1215667,31,121
4574,1215613,30,113
4575,1215842,36,140
4576,1215938,31,103
4577,1216048,36,113
4578,1216117,32,105
4579,1216220,30,136
4580,1216210,33,120
4581,1216219,31,111
4582,1216219,32,116
4583,1216214,33,104
4584,1216214,32,117
4585,1216231,32,115
4586,1216472,32,124
4587,1216744,32,153
4588,1216959,31,119
4589,1217229,32,119
4590,1217321,31,105
4591,1217504,32,240
4592,1217620,32,116
4593,1217719,32,107
4594,1217824,33,106
4595,1217905,31,118
4596,1217919,32,109
4597,1218129,32,114
4598,1218214,32,144
4599,1218532,32,141
4600,1218654,30,122
4601,1218859,35,129
4602,1218850,30,125
4603,1218848,31,111
4604,1218951,32,113
4605,1219107,31,106
4606,1219086,32,108
4607,1219198,30,111
4608,1219370,30,92
4609,1221066,40,108
4610,1221006,33,126
4611,1221039,31,119
4612,1221256,72,177
4613,1221386,31,99
4614,1221362,31,104
4615,1221356,32,108
4616,1221332,30,120
4617,1221326,32,120
4618,1221505,32,121
4619,1221439,33,110
4620,1221643,32,123
4621,1221637,32,123
4622,1221754,32,108
4623,1221749,31,121
4624,1221859,32,130
4625,1221849,32,113
4626,1221832,32,100
4627,1221912,34,112
4628,1222013,32,113
4629,1222209,142,1311
4630,1223487,28,123
4631,1223754,32,137
4632,1223857,28,138
4633,1224075,32,137
4634,1224170,33,122
4635,1224289,32,131
4636,1224437,28,108
4637,1224643,32,198
4638,1224726,31,252
4639,1224851,31,121
4640,1224942,27,109
4641,1225043,28,113
4642,1225029,28,100
4643,1225125,32,118
4644,1225127,32,100
4645,1225329,32,170
4646,1225379,28,104
4647,1225580,32,140
4648,1225579,27,92
4649,1225535,28,106
4650,1225518,28,115
4651,1225585,32,104
4652,1225682,28,112
4653,1225765,32,111
4654,1225673,27,106
4655,1225860,27,117
4656,1225854,27,111
4657,1225849,28,122
4658,1225955,32,122
4659,1226067,28,100
4660,1226158,32,107
4661,1226308,28,117
4662,1226292,31,162
4663,1226429,27,91
4664,1226610,33,115
4665,1226691,32,131
4666,1226752,32,123
4667,1226871,27,116
4668,1226837,28,96
4669,1226933,28,93
4670,1226906,27,124
4671,1227021,32,122
4672,1227089,28,115
4673,1227073,28,113
4674,1227145,27,126
4675,1227144,28,111
4676,1227236,79,150
4677,1227273,27,106
4678,1227359,32,208
4679,1227443,36,132
4680,1227534,32,123
4681,1227479,31,116
4682,1227569,35,116
4683,1227678,32,118
4684,1227659,32,118
4685,1227655,36,103
4686,1227648,36,122
4687,1227760,31,114
4688,1227842,31,100
4689,1227943,31,100
4690,1228143,32,105
4691,1228100,32,114
4692,1228188,32,87
4693,1228155,31,104
4694,1228267,31,107
4695,1228342,31,122
4696,1228566,32,99
4697,1228679,34,101
4698,1228887,31,99
4699,1228775,33,100
4700,1228892,32,121
4701,1228993,32,112
4702,1229197,33,110
4703,1229169,31,99
4704,1229063,30,111
4705,1229164,33,100
4706,1229263,32,100
4707,1229353,31,120
4708,1229369,32,99
4709,1229464,32,99
4710,1229456,32,130
4711,1229664,30,101
4712,1229750,32,99
4713,1229837,37,109
4714,1229816,36,103
4715,1229914,32,123
4716,1230136,31,111
4717,1230238,31,121
4718,1230351,33,100
4719,1230424,32,160
4720,1230559,32,117
4721,1230653,31,100
4722,1230634,32,104
4723,1230637,30,102
4724,1230900,32,112
4725,1230989,31,99
4726,1231005,35,114
4727,1231180,31,105
4728,1231157,31,118
4729,1231267,31,104
4730,1231235,32,125
4731,1231233,32,111
4732,1231340,31,126
4733,1231346,31,100
4734,1231314,31,105
4735,1231325,32,203
4736,1231425,31,101
4737,1233087,34,173
4738,1233342,31,116
4739,1233398,31,137
4740,1233550,73,127
4741,1233666,32,113
4742,1233757,32,102
4743,1233578,33,118
4744,1233669,31,100
4745,1233763,30,100
4746,1233923,31,117
4747,1234176,33,275
4748,1234497,32,165
4749,1234797,32,115
4750,1235055,31,102
4751,1235313,33,108
4752,1235465,35,134
4753,1235641,31,131
4754,1235947,30,115
4755,1236108,31,99
4756,1236253,36,113
4757,1236415,33,132
4758,1236589,31,104
4759,1236749,31,103
4760,1236896,32,99
4761,1237039,31,114
4762,1237199,33,127
4763,1237463,31,106
4764,1237718,31,97
4765,1237856,31,113
4766,1238016,31,113
4767,1238273,32,98
4768,1238416,31,127
4769,1238599,31,131
4770,1238904,36,125
4771,1239176,32,104
4772,1239437,31,113
4773,1239703,32,99
4774,1239612,30,140
4775,1239743,32,106
4776,1239840,31,113
4777,1239849,32,111
4778,1239860,32,105
4779,1239925,32,114
4780,1240085,32,99
4781,1240071,32,115
4782,1240180,31,106
4783,1240266,31,106
4784,1240356,31,126
4785,1240448,33,99
4786,1240422,31,103
4787,1240573,31,108
4788,1240542,31,98
4789,1240622,30,113
4790,1240711,32,99
4791,1240679,31,100
4792,1240784,31,112
4793,1240881,32,120
4794,1240989,32,100
4795,1240944,31,99
4796,1240936,32,99
4797,1241120,32,126
4798,1241203,32,107
4799,1241411,32,105
4800,1241478,30,114
4801,1241577,33,188
4802,1241623,31,119
4803,1241727,32,115
4804,1241730,60,142
4805,1241932,30,126
4806,1241862,32,113
4807,1242093,31,99
4808,1242179,32,223
4809,1242274,30,100
4810,1242267,31,173
4811,1242423,30,123
4812,1242501,31,113
4813,1242595,32,111
4814,1242667,32,111
4815,1242640,32,115
4816,1242746,31,98
4817,1242855,32,132
4818,1242901,32,115
4819,1242882,32,97
4820,1242971,33,99
4821,1242947,33,113
4822,1243018,31,108
4823,1243004,32,115
4824,1243109,31,209
4825,1243210,31,110
4826,1243436,32,114
4827,1243542,33,100
4828,1243636,31,119
4829,1243645,31,151
4830,1243815,32,127
4831,1243815,31,99
4832,1243787,31,120
4833,1243865,32,115
4834,1243863,31,110
4835,1243966,31,114
4836,1243939,31,114
4837,1243929,31,114
4838,1243915,31,88
4839,1243984,33,102
4840,1244042,32,99
4841,1244131,32,105
4842,1244291,31,115
4843,1244546,31,108
4844,1244816,31,101
4845,1245075,31,108
4846,1245232,32,112
4847,1245385,32,112
4848,1245544,31,119
4849,1245789,32,105
4850,1246049,31,125
4851,1246323,32,114
4852,1246590,32,103
4853,1246739,33,121
4854,1246911,30,113
4855,1247070,32,125
4856,1247223,32,115
4857,1247387,31,117
4858,1247546,32,109
4859,1247702,32,108
4860,1247860,32,110
4861,1248114,32,115
4862,1248279,30,103
4863,1248428,32,127
4864,1248596,32,112
4865,1250440,30,133
4866,1250516,31,116
4867,1250608,32,125
4868,1250406,69,184
4869,1250563,30,113
4870,1250661,30,113
4871,1250845,32,140
4872,1250935,32,131
4873,1251143,32,116
4874,1251255,32,171
4875,1251417,32,107
4876,1251494,32,108
4877,1251595,32,117
4878,1251599,33,107
4879,1251704,34,124
4880,1251699,32,127
4881,1251827,32,108
4882,1251810,32,115
4883,1251922,32,131
4884,1251936,36,121
4885,1251938,30,107
4886,1252027,35,127
4887,1252010,30,106
4888,1252002,30,105
4889,1251996,30,121
4890,1251975,30,106
4891,1252049,31,101
4892,1252256,36,117
4893,1252230,32,123
4894,1252237,32,122
4895,1252243,30,107
4896,1252233,35,145
4897,1252461,32,115
4898,1252549,31,117
4899,1252660,32,115
4900,1252658,32,107
4901,1252764,34,124
4902,1252859,32,113
4903,1253064,32,123
4904,1253149,31,170
4905,1253194,31,113
4906,1253294,32,124
4907,1253400,32,116
4908,1253480,31,115
4909,1253476,31,110
4910,1253576,36,118
4911,1253551,35,117
4912,1253552,32,116
4913,1253550,32,213
4914,1253645,32,118
4915,1253826,33,109
4916,1253917,32,104
4917,1254012,31,116
4918,1253989,30,101
4919,1253988,31,133
4920,1254176,31,121
4921,1254251,33,159
4922,1254367,30,137
4923,1254580,31,108
4924,1254649,35,127
4925,1254728,32,108
4926,1254715,32,180
4927,1254889,30,120
4928,1255087,32,138
4929,1255303,31,117
4930,1255240,34,108
4931,1255049,31,108
4932,1255149,80,149
4933,1255171,36,106
4934,1255279,32,114
4935,1255379,31,101
4936,1255347,32,117
4937,1255511,32,109
4938,1255591,31,114
4939,1255679,32,116
4940,1255788,31,94
4941,1255742,32,100
4942,1255834,31,115
4943,1255917,31,112
4944,1255916,31,100
4945,1256149,32,110
4946,1256238,31,109
4947,1256337,32,102
4948,1256406,32,116
4949,1256569,32,88
4950,1256453,30,115
4951,1256585,31,102
4952,1256566,30,109
4953,1256666,31,157
4954,1256719,32,121
4955,1256853,33,152
4956,1256968,33,125
4957,1257184,31,211
4958,1257279,33,101
4959,1257373,32,119
4960,1257366,31,121
4961,1257566,30,115
4962,1257557,31,120
4963,1257642,31,105
4964,1257638,32,136
4965,1257765,32,152
4966,1257816,32,111
4967,1257922,32,108
4968,1257911,31,128
4969,1258034,31,136
4970,1258056,31,114
4971,1258090,32,133
4972,1258301,31,105
4973,1258488,31,129
4974,1258768,32,113
4975,1258951,32,128
4976,1259069,31,109
4977,1259270,31,105
4978,1259542,32,115
4979,1259700,31,133
4980,1260004,32,122
4981,1260268,33,121
4982,1260541,31,126
4983,1260803,32,122
4984,1260968,30,101
4985,1261110,30,111
4986,1261270,30,109
4987,1261428,31,116
4988,1261589,31,101
4989,1261734,32,170
4990,1261953,31,112
4991,1262037,31,118
4992,1262283,31,112
4993,1264706,29,124
4994,1264968,31,115
4995,1265242,32,121
4996,1265512,73,199
4997,1265762,30,97
4998,1266025,30,110
4999,1266189,32,107
5000,1266162,31,1100
5001,1267137,39,123
5002,1267149,31,128
5003,1267257,30,115
5004,1267334,31,113
5005,1267436,30,102
5006,1267453,31,200
5007,1267522,33,117
5008,1267603,31,89
5009,1267575,31,107
5010,1267753,32,109
5011,1267850,32,106
5012,1268065,31,121
5013,1268069,31,111
5014,1268279,32,114
5015,1268276,34,134
5016,1268401,32,122
5017,1268407,32,110
5018,1268516,33,114
5019,1268678,31,112
5020,1268748,32,110
5021,1268737,32,121
5022,1268725,31,120
5023,1268713,31,146
5024,1268849,30,122
5025,1268924,31,205
5026,1268994,31,141
5027,1269217,30,87
5028,1269092,31,107
5029,1269059,32,141
5030,1269264,32,123
5031,1269273,31,115
5032,1269268,30,108
5033,1269236,31,104
5034,1269315,32,119
5035,1269530,31,113
5036,1269626,30,115
5037,1269841,31,92
5038,1269811,30,106
5039,1269908,32,115
5040,1270003,32,153
5041,1270124,32,102
5042,1270341,36,144
5043,1270434,30,100
5044,1270521,30,106
5045,1270496,31,99
5046,1270587,35,119
5047,1270567,32,120
5048,1270790,30,115
5049,1270979,30,154
5050,1271134,31,136
5051,1271313,31,111
5052,1271305,31,110
5053,1271275,35,126
5054,1271272,33,123
5055,1271111,32,107
5056,1271195,31,117
5057,1271114,32,107
5058,1270869,33,117
5059,1270869,33,116
5060,1271059,62,139
5061,1271267,32,122
5062,1271298,32,120
5063,1271510,33,114
5064,1271605,32,106
5065,1271703,33,111
5066,1271688,33,114
5067,1271798,31,105
5068,1271782,32,99
5069,1271869,33,103
5070,1271853,32,121
5071,1272113,33,99
5072,1272201,31,102
5073,1272296,30,173
5074,1272446,36,123
5075,1272642,32,109
5076,1272619,31,100
5077,1272594,30,146
5078,1272625,33,109
5079,1272707,36,105
5080,1272801,31,143
5081,1272935,32,91
5082,1272946,36,126
5083,1273127,30,114
5084,1273218,31,131
5085,1273194,32,109
5086,1273410,32,109
5087,1273309,32,104
5088,1273399,31,95
5089,1273383,31,132
5090,1273509,32,113
5091,1273592,33,103
5092,1273742,31,114
5093,1273742,32,122
5094,1273852,32,128
5095,1273938,31,99
5096,1274127,32,123
5097,1274214,32,150
5098,1274446,33,107
5099,1274461,32,109
5100,1274647,31,137
5101,1274742,30,131
5102,1274961,31,131
5103,1275048,32,121
5104,1275153,31,144
5105,1275210,32,116
5106,1275232,31,113
5107,1275334,32,112
5108,1275407,32,106
5109,1275517,30,128
5110,1275605,32,122
5111,1275711,32,106
5112,1275703,32,122
5113,1275787,31,142
5114,1275805,31,112
5115,1275911,32,118
5116,1275924,32,97
5117,1276009,31,107
5118,1275837,32,99
5119,1275862,32,110
5120,1276066,32,133
5121,1277730,34,110
5122,1277711,32,98
5123,1277693,32,109
5124,1277771,69,144
5125,1277873,30,122
5126,1278056,31,108
5127,1278022,32,169
5128,1278050,30,117
5129,1278123,31,106
5130,1278022,32,133
5131,1278276,32,120
5132,1278359,30,109
5133,1278349,31,101
5134,1278416,32,111
5135,1278401,32,126
5136,1278615,30,100
5137,1278696,32,113
5138,1278804,30,121
5139,1278807,31,98
5140,1278897,31,132
5141,1278894,31,113
5142,1278971,31,122
5143,1278950,32,97
5144,1278929,31,105
5145,1278924,31,115
5146,1279100,31,108
5147,1279197,32,104
5148,1279285,30,103
5149,1279278,32,105
5150,1279388,32,112
5151,1279478,33,105
5152,1279480,37,129
5153,1279411,32,142
5154,1279554,32,112
5155,1279646,32,127
5156,1279825,31,107
5157,1279806,36,126
5158,1279923,31,113
5159,1279926,32,111
5160,1280030,33,117
5161,1280013,32,127
5162,1280020,33,107
5163,1280092,32,113
5164,1280087,32,118
5165,1280291,32,113
5166,1280402,32,120
5167,1280513,30,89
5168,1280495,31,109
5169,1280605,32,101
5170,1280705,32,122
5171,1280907,31,124
5172,1280892,33,113
5173,1280879,30,130
5174,1280878,33,118
5175,1280877,31,110
5176,1280875,31,114
5177,1280981,32,106
5178,1281152,32,121
5179,1281405,31,112
5180,1281283,31,117
5181,1281448,30,118
5182,1281611,32,114
5183,1281768,32,107
5184,1281923,31,114
5185,1282074,34,138
5186,1282258,32,112
5187,1282418,33,114
5188,1282576,76,155
5189,1282793,32,110
5190,1283066,31,113
5191,1283333,30,110
5192,1283593,31,115
5193,1283757,31,107
5194,1283908,31,109
5195,1284062,32,106
5196,1284324,31,103
5197,1284609,33,110
5198,1284872,32,128
5199,1284963,31,182
5200,1285198,32,117
5201,1285295,32,100
5202,1285386,32,132
5203,1285401,31,111
5204,1285485,31,155
5205,1285816,32,123
5206,1285721,31,110
5207,1285731,31,124
5208,1285860,31,92
5209,1286126,31,118
5210,1286114,30,94
5211,1286272,30,113
5212,1286267,31,114
5213,1286387,31,107
5214,1286391,31,103
5215,1286485,32,113
5216,1286490,33,124
5217,1286705,31,113
5218,1286807,30,112
5219,1286902,31,112
5220,1287012,30,97
5221,1286998,32,113
5222,1287100,32,106
5223,1287168,32,112
5224,1287159,30,109
5225,1287148,32,118
5226,1287149,32,92
5227,1287130,31,124
5228,1287149,30,132
5229,1287254,31,119
5230,1287427,31,116
5231,1287422,36,188
5232,1287613,36,150
5233,1287640,31,129
5234,1287733,33,99
5235,1287904,32,115
5236,1287985,35,118
5237,1288197,33,118
5238,1288296,32,115
5239,1288514,31,124
5240,1288623,32,148
5241,1288756,31,117
5242,1288926,31,122
5243,1288829,33,114
5244,1289044,32,101
5245,1289045,32,115
5246,1289220,31,117
5247,1289304,32,122
5248,1289529,30,88
5249,1290970,40,115
5250,1291193,32,115
5251,1291175,31,119
5252,1291173,62,149
5253,1291215,32,114
5254,1291304,30,111
5255,1291485,31,115
5256,1291583,32,109
5257,1291786,33,109
5258,1291872,31,113
5259,1292029,31,199
5260,1292273,31,105
5261,1292250,31,104
5262,1292242,31,106
5263,1292235,35,128
5264,1292258,31,108
5265,1292436,31,110
5266,1292540,33,103
5267,1292633,32,103
5268,1292637,31,133
5269,1292768,30,114
5270,1292872,31,120
5271,1293084,32,118
5272,1293172,31,126
5273,1293172,32,108
5274,1293068,31,117
5275,1293170,31,107
5276,1293167,31,119
5277,1293278,33,107
5278,1293355,32,120
5279,1293356,32,121
5280,1293353,31,117
5281,1293356,32,117
5282,1293332,32,113
5283,1293493,32,117
5284,1293656,33,112
5285,1293810,32,111
5286,1293971,31,108
5287,1294120,31,97
5288,1294276,31,120
5289,1294539,31,122
5290,1294709,33,109
5291,1294970,30,117
5292,1295244,31,104
5293,1295511,32,111
5294,1295766,30,107
5295,1295921,31,114
5296,1296084,31,115
5297,1296245,32,123
5298,1296410,31,116
5299,1296575,32,113
5300,1296834,32,181
5301,1297060,33,165
5302,1297359,32,118
5303,1297614,32,117
5304,1297880,31,112
5305,1297752,30,113
5306,1297913,31,109
5307,1298069,32,100
5308,1298335,31,120
5309,1298502,31,109
5310,1298658,33,158
5311,1298865,31,111
5312,1299120,30,119
5313,1299380,31,120
5314,1299544,147,1467
5315,1301057,34,117
5316,1301317,72,160
5317,1301523,31,136
5318,1301801,27,137
5319,1302076,27,106
5320,1302344,28,105
5321,1302604,31,114
5322,1302765,32,155
5323,1302980,27,112
5324,1303245,31,169
5325,1303546,28,150
5326,1303833,32,104
5327,1304100,32,134
5328,1304381,32,115
5329,1304661,31,130
5330,1304926,32,103
5331,1305186,32,123
5332,1305357,28,98
5333,1305503,33,132
5334,1305681,32,109
5335,1305838,31,132
5336,1306014,28,99
5337,1306156,32,117
5338,1306317,34,385
5339,1306749,33,115
5340,1307014,32,113
5341,1307275,32,336
5342,1307654,30,147
5343,1307935,32,158
5344,1308151,31,159
5345,1308449,29,108
5346,1308704,32,123
5347,1308875,28,125
5348,1309046,28,102
5349,1309191,28,142
5350,1309379,28,118
5351,1309511,28,108
5352,1309662,28,151
5353,1309856,29,120
5354,1310022,28,103
5355,1310171,31,121
5356,1310333,29,132
5357,1310600,28,107
5358,1310864,28,139
5359,1311068,31,119
5360,1311251,28,106
5361,1311405,33,116
5362,1311568,32,122
5363,1311733,28,111
5364,1311887,140,1365
5365,1313294,33,106
5366,1313568,32,120
5367,1313745,32,136
5368,1313947,28,103
5369,1314096,33,113
5370,1314252,30,118
5371,1314419,29,113
5372,1314575,28,287
5373,1314907,31,122
5374,1315175,31,124
5375,1315457,31,115
5376,1315694,28,109
5377,1317434,28,126
5378,1317693,30,125
5379,1317972,28,118
5380,1318248,67,156
5381,1318538,28,120
5382,1318800,32,114
5383,1318959,28,117
5384,1319126,32,111
5385,1319288,28,187
5386,1319520,28,193
5387,1319763,32,126
5388,1320023,32,154
5389,1320307,32,162
5390,1320604,28,120
5391,1320877,28,115
5392,1321137,32,112
5393,1321298,28,103
5394,1321447,28,111
5395,1321606,28,111
5396,1321872,28,102
5397,1322143,31,110
5398,1322407,33,124
5399,1322580,29,109
5400,1322740,32,215
5401,1322998,28,124
5402,1323265,32,146
5403,1323483,28,154
5404,1323684,29,109
5405,1323941,32,108
5406,1324202,33,131
5407,1324376,28,133
5408,1324561,28,108
5409,1324718,36,127
5410,1324891,28,102
5411,1325042,29,108
5412,1325193,29,118
5413,1325357,29,116
5414,1325621,36,123
5415,1325893,35,102
5416,1326149,32,114
5417,1326303,31,123
5418,1326466,36,128
5419,1326636,35,106
5420,1326784,35,141
5421,1326938,32,120
5422,1327109,31,106
5423,1327257,32,103
5424,1327402,31,153
5425,1327601,31,114
5426,1327872,32,165
5427,1328182,31,122
5428,1328342,31,120
5429,1328507,30,112
5430,1328569,32,111
5431,1328728,30,147
5432,1329047,30,120
5433,1329314,30,106
5434,1329587,31,219
5435,1329853,31,113
5436,1330011,30,101
5437,1330158,31,107
5438,1330318,31,111
5439,1330577,31,163
5440,1330872,31,116
5441,1331140,36,134
5442,1331447,32,105
5443,1331712,32,107
5444,1331872,74,155
5445,1332091,31,113
5446,1332386,33,252
5447,1332683,30,132
5448,1332989,37,142
5449,1333264,31,122
5450,1333549,31,117
5451,1333822,37,144
5452,1334101,32,98
5453,1334363,37,146
5454,1334571,31,92
5455,1334708,31,117
5456,1334866,30,117
5457,1335034,32,166
5458,1335263,31,122
5459,1335529,31,125
5460,1335788,32,116
5461,1335952,35,119
5462,1336118,32,125
5463,1336283,32,93
5464,1336246,32,118
5465,1336167,31,128
5466,1336307,33,130
5467,1336385,31,119
5468,1336473,35,117
5469,1336475,32,113
5470,1336686,32,122
5471,1336786,32,118
5472,1336898,31,125
5473,1336890,35,133
5474,1337020,31,109
5475,1337008,31,119
5476,1337118,32,108
5477,1337117,32,110
5478,1337225,31,109
5479,1337225,31,121
5480,1337425,31,110
5481,1337418,32,124
5482,1337513,31,115
5483,1337722,32,158
5484,1337868,32,131
5485,1338081,30,103
5486,1337977,31,110
5487,1337967,32,130
5488,1338183,33,128
5489,1338161,30,134
5490,1338185,31,122
5491,1338196,32,116
5492,1338034,31,113
5493,1338118,31,105
5494,1338214,31,105
5495,1338201,33,101
5496,1338314,31,107
5497,1338387,31,114
5498,1338547,31,108
5499,1338529,34,128
5500,1338652,31,122
5501,1338665,31,135
5502,1338921,30,121
5503,1339028,31,116
5504,1339134,31,104
5505,1340756,35,119
5506,1340958,31,134
5507,1340957,30,115
5508,1340954,70,153
5509,1341004,31,112
5510,1341104,32,122
5511,1341077,33,125
5512,1341090,30,107
5513,1341071,31,132
5514,1341193,32,108
5515,1341186,30,120
5516,1341287,30,123
5517,1341384,32,114
5518,1341542,32,97
5519,1341522,32,116
5520,1341436,31,116
5521,1341658,30,109
5522,1341853,32,116
5523,1341772,31,118
5524,1341885,31,137
5525,1341883,30,121
5526,1341994,31,111
5527,1342068,31,118
5528,1342233,31,108
5529,1342332,31,160
5530,1342412,33,103
5531,1342664,31,110
5532,1342946,31,148
5533,1343235,31,143
5534,1343506,31,111
5535,1343779,30,110
5536,1344035,32,127
5537,1344203,31,106
5538,1344350,31,120
5539,1344520,31,130
5540,1344694,32,103
5541,1344846,30,114
5542,1345005,32,124
5543,1345279,31,128
5544,1345444,32,115
5545,1345604,31,127
5546,1345775,45,194
5547,1346017,32,136
5548,1346203,29,117
5549,1346472,31,116
5550,1346742,31,196
5551,1346983,36,129
5552,1347250,31,115
5553,1347430,31,125
5554,1347691,32,116
5555,1347614,32,102
5556,1347706,32,141
5557,1347807,32,98
5558,1347949,31,108
5559,1347935,32,118
5560,1348148,32,112
5561,1348240,31,123
5562,1348136,31,116
5563,1348244,32,125
5564,1348251,31,119
5565,1348342,31,125
5566,1348470,30,104
5567,1348665,30,112
5568,1348633,31,112
5569,1348746,35,127
5570,1348724,33,120
5571,1348735,31,108
5572,1348803,54,150
5573,1348841,30,103
5574,1349062,32,121
5575,1349169,34,120
5576,1349273,31,108
5577,1349342,32,106
5578,1349449,32,125
5579,1349715,31,104
5580,1349812,32,107
5581,1350018,33,113
5582,1350179,30,116
5583,1350159,31,110
5584,1350145,31,112
5585,1350131,31,121
5586,1350241,31,113
5587,1350419,33,122
5588,1350589,31,100
5589,1350566,31,120
5590,1350680,36,132
5591,1350760,31,122
5592,1350686,33,124
5593,1350799,32,116
5594,1350891,32,100
5595,1351108,32,112
5596,1351304,32,113
5597,1351311,31,112
5598,1351407,33,112
5599,1351565,32,107
5600,1351721,31,109
5601,1351882,31,100
5602,1352153,31,109
5603,1352413,31,114
5604,1352568,30,113
5605,1352733,31,110
5606,1352895,32,121
5607,1353058,31,109
5608,1353214,31,116
5609,1353379,32,123
5610,1353643,31,121
5611,1353812,32,113
5612,1353971,32,108
5613,1354150,30,108
5614,1354408,32,123
5615,1354690,30,103
5616,1354841,31,118
5617,1354734,32,107
5618,1354995,32,112
5619,1355154,32,114
5620,1355432,31,120
5621,1355609,31,116
5622,1355705,31,114
5623,1355923,31,129
5624,1356041,31,103
5625,1356246,33,126
5626,1356342,31,111
5627,1356452,33,123
5628,1356421,30,241
5629,1356658,32,147
5630,1356783,32,141
5631,1357016,30,132
5632,1357131,30,136
5633,1359385,30,165
5634,1359422,38,167
5635,1359553,31,107
5636,1359773,64,144
5637,1359837,32,107
5638,1359942,31,107
5639,1359948,32,132
5640,1360070,31,171
5641,1360209,32,114
5642,1360417,31,109
5643,1360525,31,118
5644,1360740,31,169
5645,1360798,33,129
5646,1361009,35,140
5647,1361115,31,114
5648,1361321,30,115
5649,1361408,31,142
5650,1361529,32,119
5651,1361609,32,107
5652,1361753,31,115
5653,1361755,30,114
5654,1361854,31,109
5655,1361848,30,119
5656,1361956,30,122
5657,1361958,32,118
5658,1362076,32,139
5659,1362221,31,143
5660,1362439,32,126
5661,1362527,32,115
5662,1362643,34,102
5663,1362538,32,228
5664,1362658,32,118
5665,1362666,32,113
5666,1362651,30,126
5667,1362739,31,111
5668,1362731,33,146
5669,1362859,32,144
5670,1362894,30,134
5671,1362919,31,127
5672,1363098,32,121
5673,1363205,31,102
5674,1363414,31,107
5675,1363321,31,125
5676,1363440,31,101
5677,1363521,30,116
5678,1363452,32,108
5679,1363358,31,118
5680,1363540,31,101
5681,1363644,32,116
5682,1363623,32,107
5683,1363742,31,101
5684,1363828,32,117
5685,1363934,30,130
5686,1364083,31,117
5687,1364323,32,100
5688,1364431,32,119
5689,1364641,32,100
5690,1364755,31,169
5691,1365002,31,117
5692,1365279,32,128
5693,1365575,32,130
5694,1365839,32,118
5695,1366000,31,100
5696,1366146,31,100
5697,1366264,30,101
5698,1366430,30,100
5699,1366673,31,115
5700,1366945,82,149
5701,1367227,32,125
5702,1367506,31,100
5703,1367574,31,131
5704,1367756,32,119
5705,1368017,32,86
5706,1368150,30,114
5707,1368313,31,99
5708,1368573,31,158
5709,1368860,31,116
5710,1369033,30,106
5711,1369264,30,119
5712,1369528,32,115
5713,1369800,33,120
5714,1370062,31,100
5715,1370317,31,100
5716,1370386,33,102
5717,1370526,31,122
5718,1370698,32,114
5719,1370859,31,118
5720,1371026,35,110
5721,1371182,30,113
5722,1371339,30,114
5723,1371504,32,100
5724,1371656,30,98
5725,1371914,33,100
5726,1372164,32,144
5727,1372378,32,124
5728,1372566,31,115
5729,1372849,30,108
5730,1373123,32,128
5731,1373296,31,108
5732,1373454,32,118
5733,1373617,37,174
5734,1373836,30,121
5735,1374110,33,114
5736,1374210,31,113
5737,1374228,31,112
5738,1374329,31,123
5739,1374338,33,115
5740,1374450,31,125
5741,1374463,32,127
5742,1374280,32,206
5743,1374478,30,100
5744,1374359,31,122
5745,1374375,31,110
5746,1374648,30,107
5747,1374761,32,168
5748,1375017,31,101
5749,1374998,30,103
5750,1375080,32,202
5751,1375127,32,106
5752,1375103,31,131
5753,1375096,32,124
5754,1375099,32,115
5755,1375258,34,178
5756,1375311,32,124
5757,1375514,32,107
5758,1375486,31,167
5759,1375618,31,114
5760,1375794,32,118
5761,1377468,40,133
5762,1377474,32,119
5763,1377656,31,123
5764,1377756,65,158
5765,1377797,31,125
5766,1377999,31,115
5767,1377976,32,106
5768,1377965,32,127
5769,1377979,30,123
5770,1377881,31,122
5771,1377994,31,124
5772,1378002,32,114
5773,1378102,31,129
5774,1378086,30,120
5775,1378092,31,102
5776,1378196,32,131
5777,1378215,30,118
5778,1378194,32,130
5779,1378316,31,108
5780,1378598,32,107
5781,1378752,31,118
5782,1378917,31,130
5783,1378998,32,99
5784,1379203,31,106
5785,1379474,32,118
5786,1379460,31,100
5787,1379429,32,110
5788,1379593,31,154
5789,1379603,32,118
5790,1379782,30,87
5791,1379745,31,101
5792,1379662,31,100
5793,1379861,31,114
5794,1379859,32,113
5795,1379977,32,99
5796,1379970,30,114
5797,1380059,32,121
5798,1380154,30,101
5799,1380042,31,116
5800,1379957,30,100
5801,1380051,31,101
5802,1380046,32,108
5803,1380148,31,115
5804,1380026,31,115
5805,1380113,32,117
5806,1380225,31,104
5807,1380192,33,108
5808,1380178,31,107
5809,1380390,32,100
5810,1380493,31,110
5811,1380695,30,115
5812,1380863,32,108
5813,1381015,32,131
5814,1381190,32,101
5815,1381338,31,114
5816,1381500,31,114
5817,1381767,31,115
5818,1381933,31,111
5819,1382096,33,109
5820,1382250,32,101
5821,1382398,30,116
5822,1382566,33,99
5823,1382815,30,115
5824,1383088,30,107
5825,1383347,32,127
5826,1383625,31,100
5827,1383888,33,117
5828,1384051,57,188
5829,1384280,32,120
5830,1384560,31,99
5831,1384824,32,114
5832,1384980,31,134
5833,1385156,33,111
5834,1385311,30,106
5835,1385463,30,101
5836,1385622,30,114
5837,1385876,34,106
5838,1386023,31,114
5839,1386188,31,100
5840,1386333,30,110
5841,1386497,31,121
5842,1386762,32,116
5843,1386919,30,115
5844,1387058,30,122
5845,1387224,32,123
5846,1387393,31,104
5847,1387540,32,118
5848,1387701,31,125
5849,1387972,30,110
5850,1388128,30,100
5851,1388279,30,116
5852,1388441,30,86
5853,1388494,32,121
5854,1388770,30,114
5855,1388930,31,108
5856,1389082,31,110
5857,1389245,31,119
5858,1389523,31,129
5859,1389792,32,112
5860,1390055,32,141
5861,1390261,32,125
5862,1390446,31,128
5863,1390637,32,116
5864,1390927,31,109
5865,1391078,32,112
5866,1391236,31,119
5867,1391294,31,103
5868,1391438,32,118
5869,1391605,31,121
5870,1391858,32,108
5871,1392015,31,124
5872,1392183,33,129
5873,1392360,30,120
5874,1392361,30,111
5875,1392457,33,119
5876,1392443,31,114
5877,1392449,32,115
5878,1392528,36,137
5879,1392531,32,119
5880,1392525,32,112
5881,1392682,32,105
5882,1392827,31,111
5883,1393003,31,116
5884,1393006,31,120
5885,1393209,32,105
5886,1393213,34,118
5887,1393133,31,123
5888,1393331,32,119
5889,1395080,33,130
5890,1395120,32,120
5891,1395316,31,105
5892,1395579,70,153
5893,1395633,32,112
5894,1395833,31,107
5895,1395919,31,116
5896,1395923,32,112
5897,1395908,33,103
5898,1395984,31,124
5899,1396153,32,121
5900,1396424,30,108
5901,1396514,32,130
5902,1396678,33,116
5903,1396793,33,142
5904,1396935,33,120
5905,1397031,32,121
5906,1397151,32,101
5907,1397108,33,101
5908,1397188,32,100
5909,1397155,33,130
5910,1397278,32,115
5911,1397361,32,120
5912,1397530,33,102
5913,1397498,32,100
5914,1397583,33,103
5915,1397677,33,117
5916,1397681,32,130
5917,1397872,33,100
5918,1398146,32,126
5919,1398261,31,127
5920,1398483,33,111
5921,1398675,33,100
5922,1398678,32,117
5923,1398582,32,111
5924,1398681,32,119
5925,1398769,32,100
5926,1398673,32,100
5927,1398897,32,124
5928,1399083,30,139
5929,1399085,33,112
5930,1399283,32,117
5931,1399484,31,118
5932,1399644,32,116
5933,1399798,31,119
5934,1400044,32,100
5935,1400300,33,100
5936,1400448,30,107
5937,1400597,33,99
5938,1400764,32,100
5939,1400908,30,101
5940,1401053,32,100
5941,1401218,31,109
5942,1401476,32,116
5943,1401743,31,99
5944,1402009,32,139
5945,1402215,32,100
5946,1402356,31,116
5947,1402522,31,109
5948,1402657,32,124
5949,1402835,33,100
5950,1402983,32,131
5951,1403160,32,118
5952,1403319,30,117
5953,1403454,33,100
5954,1403597,31,102
5955,1403762,31,115
5956,1404022,73,130
5957,1404297,31,116
5958,1404557,33,101
5959,1404696,31,125
5960,1404861,32,107
5961,1405117,31,117
5962,1405278,32,116
5963,1405435,31,122
5964,1405607,33,124
5965,1405774,32,121
5966,1405940,32,116
5967,1406101,32,100
5968,1406247,31,100
5969,1406402,35,133
5970,1406683,33,118
5971,1406948,31,100
5972,1407054,30,114
5973,1407154,31,100
5974,1407141,32,100
5975,1407245,32,102
5976,1407319,32,100
5977,1407487,30,99
5978,1407632,32,100
5979,1407626,32,100
5980,1407715,31,109
5981,1407613,31,108
5982,1407605,37,133
5983,1407708,32,133
5984,1407821,32,109
5985,1408029,32,103
5986,1408096,31,107
5987,1408211,33,118
5988,1408219,31,100
5989,1408308,31,98
5990,1408316,33,100
5991,1408242,30,98
5992,1408427,31,121
5993,1408649,32,117
5994,1408729,30,120
5995,1408811,32,116
5996,1408774,32,114
5997,1408762,31,118
5998,1408873,33,100
5999,1408857,32,100
6000,1408965,31,1067
6001,1409894,31,86
6002,1409860,31,124
6003,1409858,31,100
6004,1409868,30,107
6005,1410063,32,124
6006,1410057,31,115
6007,1410054,32,118
6008,1410048,32,100
6009,1410144,32,100
6010,1410140,31,98
6011,1410306,32,120
6012,1410303,30,115
6013,1410294,32,117
6014,1410285,31,101
6015,1410368,31,120
6016,1410470,30,116
6017,1411971,30,142
6018,1412015,32,102
6019,1411989,31,107
6020,1412082,65,152
6021,1412234,31,112
6022,1412410,32,115
6023,1412532,32,124
6024,1412766,31,183
6025,1412844,31,119
6026,1412841,33,180
6027,1413007,137,1393
6028,1414260,35,146
6029,1414391,32,119
6030,1414477,29,99
6031,1414690,30,103
6032,1414789,29,97
6033,1414884,31,166
6034,1414945,32,160
6035,1415187,32,122
6036,1415199,31,154
6037,1415346,32,147
6038,1415454,33,125
6039,1415560,29,115
6040,1415658,31,161
6041,1415714,32,144
6042,1415820,31,180
6043,1415893,29,97
6044,1415996,31,200
6045,1416070,29,108
6046,1416064,29,107
6047,1416055,29,125
6048,1416055,29,115
6049,1416028,28,98
6050,1416031,32,102
6051,1416201,29,158
6052,1416495,31,109
6053,1416487,30,87
6054,1416269,30,125
6055,1416390,28,95
6056,1416646,28,97
6057,1416609,32,118
6058,1416605,33,116
6059,1416585,30,129
6060,1416584,28,132
6061,1416679,31,98
6062,1416652,28,108
6063,1416755,29,97
6064,1416740,28,105
6065,1416945,32,100
6066,1417055,28,116
6067,1417170,28,85
6068,1417117,28,186
6069,1417183,28,85
6070,1417070,32,153
6071,1417180,29,217
6072,1417439,29,168
6073,1417501,29,151
6074,1417736,32,199
6075,1417837,29,107
6076,1417937,29,111
6077,1417941,133,1173
6078,1419106,32,152
6079,1419204,28,118
6080,1419471,27,117
6081,1419633,29,138
6082,1419743,31,127
6083,1419857,33,115
6084,1419947,69,137
6085,1420150,28,127
6086,1420146,28,94
6087,1420230,28,94
6088,1420200,28,113
6089,1420105,28,93
6090,1420313,31,118
6091,1420322,28,110
6092,1420423,31,114
6093,1420426,32,161
6094,1420599,28,177
6095,1420648,31,120
6096,1420750,28,95
6097,1420727,32,113
6098,1420834,28,108
6099,1420932,32,128
6100,1420953,27,94
6101,1421037,28,107
6102,1421016,31,118
6103,1421115,28,108
6104,1421211,27,114
6105,1421276,29,96
6106,1421236,32,120
6107,1421347,28,103
6108,1421413,28,100
6109,1421401,28,110
6110,1421406,29,129
6111,1421499,28,108
6112,1421569,27,177
6113,1421595,28,104
6114,1421614,28,114
6115,1421630,28,102
6116,1421573,32,117
6117,1421670,27,114
6118,1421779,27,81
6119,1421908,28,128
6120,1422096,32,129
6121,1422191,31,133
6122,1422308,27,95
6123,1422406,32,98
6124,1422379,27,105
6125,1422364,28,107
6126,1422442,28,104
6127,1422359,36,101
6128,1422334,36,112
6129,1422434,32,117
6130,1422525,30,107
6131,1422429,31,122
6132,1422548,30,96
6133,1422646,36,155
6134,1422597,31,90
6135,1422613,36,111
6136,1422619,32,121
6137,1422834,32,100
6138,1423021,36,116
6139,1423042,31,87
6140,1423217,31,117
6141,1423320,33,105
6142,1423417,35,123
6143,1423514,31,123
6144,1423741,31,128
6145,1425359,32,111
6146,1425576,32,116
6147,1425563,31,100
6148,1425549,64,137
6149,1425662,31,105
6150,1425936,32,130
6151,1426210,32,112
6152,1426369,30,126
6153,1426544,32,112
6154,1426701,35,122
6155,1426869,30,105
6156,1427032,31,128
6157,1427205,36,131
6158,1427382,37,131
6159,1427565,36,120
6160,1427735,30,108
6161,1427898,31,114
6162,1428049,31,119
6163,1428221,32,112
6164,1428391,33,121
6165,1428552,30,120
6166,1428716,36,128
6167,1429025,32,113
6168,1429288,34,124
6169,1429457,32,123
6170,1429623,32,122
6171,1429785,31,138
6172,1429999,32,130
6173,1430261,32,119
6174,1430536,31,111
6175,1430799,32,105
6176,1430951,36,110
6177,1431110,33,120
6178,1431285,33,130
6179,1431131,31,99
6180,1431226,31,114
6181,1431216,30,117
6182,1431427,33,119
6183,1431511,32,115
6184,1431496,32,108
6185,1431609,32,120
6186,1431611,30,170
6187,1431777,31,115
6188,1431868,32,110
6189,1431861,33,113
6190,1431945,32,131
6191,1432154,36,117
6192,1432141,32,111
6193,1432142,35,105
6194,1432141,31,123
6195,1432139,33,99
6196,1432316,32,110
6197,1432429,32,150
6198,1432361,32,109
6199,1432466,30,113
6200,1432474,33,131
6201,1432599,31,108
6202,1432593,31,119
6203,1432708,30,101
6204,1432698,32,115
6205,1432804,32,108
6206,1432812,30,118
6207,1432923,31,133
6208,1432947,31,119
6209,1432854,32,115
6210,1432956,32,120
6211,1432930,32,117
6212,1432927,75,149
6213,1432966,31,110
6214,1433038,31,109
6215,1433018,33,116
6216,1433125,30,109
6217,1433101,31,102
6218,1432973,32,109
6219,1433183,33,171
6220,1433301,31,106
6221,1433396,33,115
6222,1433401,30,105
6223,1433387,30,118
6224,1433369,35,167
6225,1433613,31,112
6226,1433606,31,116
6227,1433708,31,117
6228,1433871,33,159
6229,1433918,33,99
6230,1434115,33,161
6231,1434137,31,107
6232,1434232,31,109
6233,1434439,31,119
6234,1434421,31,105
6235,1434570,32,113
6236,1434724,32,116
6237,1434884,32,119
6238,1435151,31,109
6239,1435415,33,119
6240,1435584,31,98
6241,1435412,35,144
6242,1435605,30,118
6243,1435872,32,118
6244,1436147,42,167
6245,1436461,33,146
6246,1436661,30,109
6247,1436818,32,110
6248,1436970,32,107
6249,1437129,31,104
6250,1437394,30,124
6251,1437565,31,98
6252,1437839,31,107
6253,1438102,31,118
6254,1438263,31,110
6255,1438427,31,127
6256,1438601,31,119
6257,1438571,31,106
6258,1438662,32,118
6259,1438656,32,111
6260,1438759,32,103
6261,1438735,31,114
6262,1438841,32,117
6263,1438921,33,120
6264,1439188,30,113
6265,1439184,31,99
6266,1439278,32,105
6267,1439275,33,118
6268,1439390,30,106
6269,1439499,32,116
6270,1439720,31,103
6271,1439818,32,113
6272,1439920,31,126
6273,1441357,30,113
6274,1441472,30,92
6275,1441484,32,148
6276,1441694,71,225
6277,1441777,32,130
6278,1442001,31,142
6279,1442126,31,105
6280,1442139,32,117
6281,1442244,32,125
6282,1442259,32,129
6283,1442382,33,112
6284,1442397,31,116
6285,1442507,31,109
6286,1442477,32,107
6287,1442541,31,116
6288,1442534,30,120
6289,1442650,30,117
6290,1442762,32,128
6291,1442980,31,108
6292,1442971,31,116
6293,1443056,33,126
6294,1443061,32,123
6295,1443144,30,107
6296,1443146,31,127
6297,1443270,30,108
6298,1443264,33,109
6299,1443369,31,107
6300,1443356,32,121
6301,1443470,32,107
6302,1443448,32,143
6303,1443303,32,120
6304,1443392,33,115
6305,1443505,33,119
6306,1443497,31,119
6307,1443611,32,108
6308,1443602,31,129
6309,1443718,32,100
6310,1443677,31,107
6311,1443686,33,96
6312,1443692,31,100
6313,1443788,32,105
6314,1443868,32,114
6315,1443854,31,115
6316,1444016,32,87
6317,1443987,32,116
6318,1444096,31,106
6319,1444100,32,126
6320,1444310,30,104
6321,1444389,33,196
6322,1444454,30,106
6323,1444552,31,111
6324,1444560,32,105
6325,1444658,32,114
6326,1444636,31,111
6327,1444740,31,116
6328,1444814,31,115
6329,1444807,32,105
6330,1444909,31,98
6331,1444915,31,216
6332,1445128,31,108
6333,1445192,31,119
6334,1445203,32,122
6335,1445205,33,107
6336,1445284,32,120
6337,1445446,32,108
6338,1445592,32,119
6339,1445565,31,108
6340,1445667,58,146
6341,1445726,32,122
6342,1445856,32,120
6343,1445928,31,122
6344,1446038,31,105
6345,1446044,30,135
6346,1446166,32,121
6347,1446162,31,106
6348,1446251,32,111
6349,1446230,29,110
6350,1446331,30,107
6351,1446412,31,114
6352,1446508,31,113
6353,1446688,31,102
6354,1446649,31,113
6355,1446745,31,110
6356,1446833,32,113
6357,1446853,30,108
6358,1447038,32,98
6359,1447009,32,122
6360,1447009,32,102
6361,1447100,31,110
6362,1447199,34,110
6363,1447271,32,108
6364,1447244,31,111
6365,1447344,32,124
6366,1447179,32,122
6367,1447390,32,146
6368,1447385,32,113
6369,1447602,31,107
6370,1447592,31,131
6371,1447712,30,109
6372,1447678,32,123
6373,1447676,31,127
6374,1447785,31,127
6375,1447879,32,110
6376,1447848,31,116
6377,1447846,30,116
6378,1447947,32,123
6379,1447929,31,123
6380,1448053,30,114
6381,1448045,30,99
6382,1448132,32,114
6383,1448147,33,113
6384,1448251,31,161
6385,1448309,33,122
6386,1448502,32,136
6387,1448728,36,132
6388,1449009,32,182
6389,1449184,31,118
6390,1449282,32,123
6391,1449493,36,173
6392,1449802,31,107
6393,1449974,31,120
6394,1450235,31,107
6395,1450495,33,143
6396,1450778,32,140
6397,1451058,31,112
6398,1451314,30,103
6399,1451462,31,137
6400,1451647,31,120
6401,1453369,38,162
6402,1453589,33,120
6403,1453852,32,116
6404,1454131,64,137
6405,1454405,36,108
6406,1454662,33,108
6407,1454818,32,114
6408,1454979,30,123
6409,1455147,31,124
6410,1455318,32,134
6411,1455625,37,127
6412,1455885,33,113
6413,1456165,32,114
6414,1456256,32,122
6415,1456511,32,99
6416,1456659,138,1555
6417,1458261,28,120
6418,1458344,28,97
6419,1458542,31,114
6420,1458553,32,119
6421,1458664,28,142
6422,1458695,28,120
6423,1458823,28,103
6424,1458790,27,114
6425,1458892,27,172
6426,1459040,27,111
6427,1459303,28,107
6428,1459077,32,133
6429,1459326,32,130
6430,1459447,27,114
6431,1459417,28,105
6432,1459414,29,118
6433,1459422,33,131
6434,1459524,28,96
6435,1459495,28,118
6436,1459597,27,110
6437,1459575,27,117
6438,1459695,28,112
6439,1459699,32,168
6440,1459864,32,120
6441,1459978,31,134
6442,1460196,27,94
6443,1460088,27,104
6444,1460185,28,86
6445,1460155,28,113
6446,1460262,28,133
6447,1460370,28,103
6448,1460573,31,199
6449,1460659,31,109
6450,1460873,33,119
6451,1460976,28,118
6452,1461186,32,139
6453,1461268,28,109
6454,1461528,27,111
6455,1461507,32,110
6456,1461484,28,97
6457,1461567,32,129
6458,1461579,33,135
6459,1461817,28,116
6460,1461934,32,132
6461,1462153,31,111
6462,1462234,32,122
6463,1462230,33,113
6464,1462427,28,98
6465,1462433,28,108
6466,1462460,35,110
6467,1462574,31,118
6468,1462785,84,162
6469,1462902,31,117
6470,1462995,30,105
6471,1462992,32,123
6472,1463000,32,115
6473,1463078,32,110
6474,1463061,36,117
6475,1463174,32,128
6476,1463186,32,113
6477,1463302,31,99
6478,1463293,31,104
6479,1463390,31,125
6480,1463387,32,105
6481,1463602,31,108
6482,1463670,31,108
6483,1463740,35,155
6484,1463774,31,104
6485,1463979,132,1259
6486,1465132,28,137
6487,1465285,26,112
6488,1465385,28,109
6489,1465472,33,130
6490,1465652,31,115
6491,1465488,29,144
6492,1465645,32,178
6493,1465682,27,113
6494,1465797,31,139
6495,1465822,32,129
6496,1465839,27,114
6497,1465938,28,123
6498,1466031,28,115
6499,1466138,28,115
6500,1466236,28,111
6501,1466436,31,116
6502,1466524,32,125
6503,1466742,28,115
6504,1466817,28,95
6505,1466906,29,96
6506,1466894,28,130
6507,1467096,28,96
6508,1467089,32,101
6509,1467184,29,98
6510,1467154,28,95
6511,1467131,27,130
6512,1467161,33,101
6513,1467121,29,123
6514,1467097,28,97
6515,1467182,28,118
6516,1467161,28,97
6517,1467247,33,145
6518,1467366,29,111
6519,1467542,32,202
6520,1467609,33,159
6521,1467772,29,124
6522,1467874,27,93
6523,1467884,28,96
6524,1467870,32,117
6525,1467985,28,121
6526,1468154,33,102
6527,1468118,29,100
6528,1468100,32,123
6529,1470097,29,133
6530,1470175,28,108
6531,1470282,29,134
6532,1470383,64,137
6533,1470600,33,119
6534,1470610,28,97
6535,1470705,31,168
6536,1470759,37,166
6537,1471018,32,108
6538,1471123,30,114
6539,1471326,30,107
6540,1471295,31,100
6541,1471268,33,141
6542,1471258,32,132
6543,1471565,35,132
6544,1471647,36,104
6545,1471750,32,133
6546,1471974,35,220
6547,1472057,33,109
6548,1472154,31,110
6549,1472135,32,130
6550,1472124,32,120
6551,1472106,31,112
6552,1472072,37,137
6553,1471897,31,118
6554,1472121,32,120
6555,1472338,30,101
6556,1472422,35,119
6557,1472421,36,121
6558,1472530,32,115
6559,1472529,31,114
6560,1472650,31,120
6561,1472637,32,117
6562,1472643,31,100
6563,1472611,30,100
6564,1472608,31,180
6565,1472745,31,109
6566,1472839,33,127
6567,1472966,32,98
6568,1472945,31,115
6569,1473055,31,100
6570,1472961,31,115
6571,1473166,37,127
6572,1473356,32,112
6573,1473483,32,110
6574,1473580,33,107
6575,1473676,31,97
6576,1473630,32,123
6577,1473622,32,115
6578,1473799,32,107
6579,1473772,32,111
6580,1473879,30,98
6581,1473861,32,115
6582,1473945,33,117
6583,1473930,32,115
6584,1474038,31,114
6585,1474226,32,109
6586,1474340,32,110
6587,1474553,35,133
6588,1474660,31,125
6589,1474782,31,152
6590,1474918,32,110
6591,1475119,33,110
6592,1475116,33,108
6593,1475214,30,102
6594,1475186,32,123
6595,1475081,32,128
6596,1475295,56,176
6597,1475449,36,108
6598,1475670,32,104
6599,1475744,32,103
6600,1475655,32,123
6601,1475751,32,101
6602,1475837,33,123
6603,1475954,31,101
6604,1475916,30,124
6605,1476037,33,96
6606,1476176,32,114
6607,1476335,32,142
6608,1476621,31,99
6609,1476873,36,140
6610,1477083,31,107
6611,1477240,31,113
6612,1477511,31,106
6613,1477785,30,116
6614,1477942,33,119
6615,1477835,31,108
6616,1477986,32,102
6617,1478129,32,110
6618,1478287,31,113
6619,1478542,31,121
6620,1478710,32,109
6621,1478868,33,111
6622,1479024,30,109
6623,1479180,30,107
6624,1479161,32,97
6625,1479276,31,114
6626,1479262,31,129
6627,1479475,32,119
6628,1479480,31,103
6629,1479578,32,137
6630,1479604,33,112
6631,1479707,31,100
6632,1479688,32,125
6633,1479804,33,102
6634,1479902,31,115
6635,1480009,31,115
6636,1480017,31,119
6637,1480125,31,123
6638,1480134,32,127
6639,1480255,31,149
6640,1480313,33,123
6641,1480446,32,109
6642,1480466,36,144
6643,1480603,30,117
6644,1480708,30,109
6645,1480816,31,113
6646,1480919,32,133
6647,1481061,31,111
6648,1481169,31,117
6649,1481260,32,130
6650,1481365,32,109
6651,1481474,36,119
6652,1481569,30,108
6653,1481564,31,126
6654,1481569,32,103
6655,1481635,32,115
6656,1481637,38,123
6657,1483434,41,134
6658,1483507,32,103
6659,1483594,30,119
6660,1483675,71,143
6661,1483720,31,115
6662,1483847,32,100
6663,1483835,32,119
6664,1483946,31,123
6665,1483961,31,109
6666,1484050,37,129
6667,1484034,30,111
6668,1484125,32,104
6669,1484232,33,140
6670,1484272,32,103
6671,1484263,32,118
6672,1484270,31,104
6673,1484258,31,91
6674,1484321,31,112
6675,1484303,31,125
6676,1484507,33,109
6677,1484498,31,96
6678,1484290,33,116
6679,1484406,31,108
6680,1484477,32,107
6681,1484693,33,99
6682,1484792,37,118
6683,1485002,32,124
6684,1485095,32,129
6685,1485296,31,115
6686,1485373,32,103
6687,1485334,32,117
6688,1485220,33,110
6689,1485431,31,99
6690,1485338,31,115
6691,1485554,30,125
6692,1485631,32,109
6693,1485539,31,113
6694,1485724,32,114
6695,1485829,30,113
6696,1486030,30,115
6697,1486009,32,118
6698,1485992,32,112
6699,1486061,31,117
6700,1486062,31,105
6701,1486161,32,96
6702,1486151,33,117
6703,1486355,31,110
6704,1486447,31,114
6705,1486555,31,97
6706,1486543,32,104
6707,1486637,31,111
6708,1486611,31,109
6709,1486608,30,106
6710,1486601,32,101
6711,1486575,31,114
6712,1486583,31,111
6713,1486680,31,107
6714,1486790,35,91
6715,1486766,31,105
6716,1486763,32,108
6717,1486861,31,101
6718,1487004,31,116
6719,1487174,31,114
6720,1487437,32,110
6721,1487699,32,114
6722,1487850,32,114
6723,1488013,34,128
6724,1488182,77,167
6725,1488400,32,123
6726,1488660,31,125
6727,1488828,31,107
6728,1488985,30,121
6729,1489148,32,109
6730,1489304,32,113
6731,1489462,31,114
6732,1489620,31,110
6733,1489879,32,118
6734,1490141,31,115
6735,1490298,32,98
6736,1490437,33,114
6737,1490598,31,111
6738,1490856,32,114
6739,1491014,32,115
6740,1490864,32,115
6741,1490955,31,113
6742,1490860,33,122
6743,1490969,31,117
6744,1491053,32,126
6745,1491265,30,113
6746,1491267,32,114
6747,1491366,32,114
6748,1491440,32,115
6749,1491660,32,109
6750,1491720,32,142
6751,1491941,32,101
6752,1492039,31,114
6753,1492035,32,122
6754,1492147,32,114
6755,1492123,32,109
6756,1492102,32,118
6757,1492081,33,114
6758,1492061,32,113
6759,1492054,32,115
6760,1492151,31,115
6761,1492128,31,114
6762,1492221,31,117
6763,1492199,33,115
6764,1492196,31,122
6765,1492176,31,113
6766,1492269,32,98
6767,1492372,31,96
6768,1492429,31,97
6769,1492573,32,98
6770,1492728,32,120
6771,1492981,31,97
6772,1493095,31,118
6773,1493308,31,191
6774,1493365,32,108
6775,1493454,32,113
6776,1493542,32,111
6777,1493536,32,113
6778,1493431,31,104
6779,1493529,31,118
6780,1493604,31,127
6781,1493709,31,114
6782,1493700,32,102
6783,1493798,30,112
6784,1493801,32,112
6785,1495768,30,129
6786,1495849,32,131
6787,1495892,33,102
6788,1495951,63,133
6789,1495948,32,116
6790,1496055,32,118
6791,1496059,33,103
6792,1496154,32,116
6793,1496127,32,118
6794,1496326,37,122
6795,1496334,32,117
6796,1496439,30,124
6797,1496429,30,114
6798,1496430,32,99
6799,1496369,30,100
6800,1496254,32,99
6801,1496450,32,106
6802,1496428,32,99
6803,1496232,32,114
6804,1496149,31,113
6805,1496264,32,115
6806,1496365,33,108
6807,1496577,32,110
6808,1496570,31,110
6809,1496678,30,115
6810,1496769,31,114
6811,1496679,31,108
6812,1496770,30,121
6813,1496756,31,112
6814,1496873,31,100
6815,1496950,31,113
6816,1497040,31,107
6817,1497014,32,113
6818,1497120,37,113
6819,1497117,31,113
6820,1497223,30,101
6821,1497186,31,97
6822,1497182,30,117
6823,1497286,30,102
6824,1497557,33,108
6825,1497633,31,111
6826,1497612,32,110
6827,1497680,31,113
6828,1497784,31,111
6829,1498039,31,99
6830,1498188,33,107
6831,1498353,33,107
6832,1498601,33,99
6833,1498748,30,110
6834,1498907,32,98
6835,1499162,30,112
6836,1499319,30,119
6837,1499480,32,113
6838,1499635,30,97
6839,1499784,33,114
6840,1499939,31,114
6841,1500102,31,113
6842,1500360,32,98
6843,1500508,32,98
6844,1500660,33,124
6845,1500921,31,97
6846,1501061,33,114
6847,1501221,32,114
6848,1501482,31,98
6849,1501723,31,132
6850,1501998,32,96
6851,1502062,32,113
6852,1502191,61,149
6853,1502419,32,97
6854,1502512,30,113
6855,1502615,34,114
6856,1502613,32,115
6857,1502726,32,99
6858,1502717,32,98
6859,1502922,32,133
6860,1503024,32,114
6861,1503246,31,97
6862,1503347,31,148
6863,1503569,33,98
6864,1503530,33,98
6865,1503389,32,103
6866,1503346,32,99
6867,1503544,32,98
6868,1503491,31,128
6869,1503506,32,99
6870,1503607,32,98
6871,1503507,32,113
6872,1503619,32,154
6873,1503734,32,97
6874,1503933,31,130
6875,1504084,33,111
6876,1504289,33,138
6877,1504306,32,99
6878,1504277,31,97
6879,1504257,31,111
6880,1504254,30,112
6881,1504251,30,126
6882,1504458,32,101
6883,1504444,31,103
6884,1504546,32,113
6885,1504642,33,98
6886,1504843,31,113
6887,1504956,31,98
6888,1504967,31,143
6889,1504979,31,97
6890,1505179,33,98
6891,1505259,32,102
6892,1505360,31,103
6893,1505348,30,107
6894,1505454,31,97
6895,1505544,31,108
6896,1505650,31,97
6897,1505627,31,138
6898,1505759,32,119
6899,1505831,31,97
6900,1505711,31,104
6901,1505694,33,153
6902,1505834,30,108
6903,1505940,31,123
6904,1506153,31,111
6905,1506350,30,106
6906,1506363,32,99
6907,1506444,31,98
6908,1506431,32,128
6909,1506354,30,104
6910,1506330,31,97
6911,1506391,32,97
6912,1506371,32,111
6913,1508773,31,136
6914,1508967,32,128
6915,1509231,32,105
6916,1509509,65,141
6917,1509616,30,111
6918,1509829,31,104
6919,1509800,30,121
6920,1509790,31,104
6921,1509771,32,117
6922,1509784,32,104
6923,1509857,31,127
6924,1509949,32,108
6925,1510102,31,94
6926,1510245,32,118
6927,1510036,32,128
6928,1510230,31,101
6929,1510249,32,102
6930,1510222,30,101
6931,1510199,31,100
6932,1510190,32,132
6933,1510378,30,127
6934,1510469,31,121
6935,1510693,31,122
6936,1510687,31,100
6937,1510774,31,114
6938,1510746,31,123
6939,1510927,31,99
6940,1510828,32,113
6941,1511061,33,117
6942,1511164,31,107
6943,1511263,31,101
6944,1511249,30,100
6945,1511461,30,119
6946,1511542,31,100
6947,1511609,30,116
6948,1511769,31,119
6949,1512031,31,101
6950,1512175,31,100
6951,1512328,31,128
6952,1512588,32,101
6953,1512737,30,100
6954,1512898,32,121
6955,1513083,32,113
6956,1513377,31,89
6957,1513435,33,105
6958,1513716,33,117
6959,1513878,30,114
6960,1514040,32,100
6961,1514191,32,124
6962,1514358,31,100
6963,1514614,31,101
6964,1514766,31,118
6965,1514926,31,108
6966,1515079,32,101
6967,1515238,31,113
6968,1515508,32,118
6969,1515768,33,274
6970,1516099,31,151
6971,1516383,32,130
6972,1516647,32,113
6973,1516633,32,148
6974,1516751,31,114
6975,1516848,31,149
6976,1516962,31,114
6977,1517167,30,114
6978,1517135,31,150
6979,1517181,33,109
6980,1517190,77,190
6981,1517479,33,145
6982,1517576,30,148
6983,1517736,31,148
6984,1517855,32,149
6985,1518082,31,88
6986,1517982,31,164
6987,1518139,32,131
6988,1518241,32,121
6989,1518234,32,102
6990,1517998,32,114
6991,1518111,32,103
6992,1518078,32,101
6993,1518185,31,101
6994,1517977,31,88
6995,1518047,31,114
6996,1518028,32,122
6997,1518022,32,101
6998,1517905,32,115
6999,1518118,30,107
7000,1518102,33,3039
7001,1521010,31,141
7002,1521156,32,121
7003,1521152,31,117
7004,1521190,32,105
7005,1521309,33,129
7006,1521429,32,116
7007,1521513,33,109
7008,1521724,34,111
7009,1521649,34,111
7010,1521553,32,119
7011,1521668,32,121
7012,1521650,30,113
7013,1521645,36,193
7014,1521724,32,98
7015,1521895,32,145
7016,1521910,31,130
7017,1522124,32,124
7018,1522128,31,100
7019,1522277,32,103
7020,1522246,32,98
7021,1522339,32,112
7022,1522414,31,118
7023,1522424,33,99
7024,1522630,32,92
7025,1522521,31,120
7026,1522642,31,115
7027,1522738,31,98
7028,1522836,32,113
7029,1522836,30,104
7030,1523038,31,113
7031,1523141,31,117
7032,1523247,31,115
7033,1523325,32,99
7034,1523477,138,2217
7035,1525741,32,194
7036,1525907,32,142
7037,1526127,32,121
7038,1526211,32,136
7039,1526522,32,146
7040,1526617,31,118
7041,1528804,35,161
7042,1528814,32,135
7043,1528926,32,155
7044,1529145,76,183
7045,1529199,34,129
7046,1529411,31,133
7047,1529519,31,113
7048,1529628,34,191
7049,1529705,33,116
7050,1529809,32,125
7051,1529796,31,116
7052,1529588,31,151
7053,1529730,28,122
7054,1529935,32,145
7055,1530142,32,142
7056,1530258,31,127
7057,1530525,32,153
7058,1530560,33,118
7059,1530575,28,132
7060,1530685,39,126
7061,1530785,31,116
7062,1530892,29,99
7063,1530882,31,119
7064,1531070,29,98
7065,1531058,30,99
7066,1531258,32,131
7067,1531438,32,118
7068,1531602,31,110
7069,1531762,28,113
7070,1532022,29,101
7071,1532166,28,100
7072,1532329,29,115
7073,1532589,30,98
7074,1532853,28,125
7075,1533024,29,100
7076,1533177,29,98
7077,1533330,28,89
7078,1533487,29,99
7079,1533742,29,99
7080,1534010,29,113
7081,1534275,28,113
7082,1534543,30,96
7083,1534689,29,98
7084,1534842,132,1253
7085,1536140,28,100
7086,1536320,29,100
7087,1536579,28,115
7088,1536740,29,108
7089,1537011,29,99
7090,1537278,27,97
7091,1537421,28,108
7092,1537567,29,108
7093,1537724,31,120
7094,1538018,28,108
7095,1538107,31,190
7096,1538291,30,100
7097,1538357,31,124
7098,1538576,29,96
7099,1538638,32,125
7100,1538854,29,96
7101,1538755,28,171
7102,1538916,28,95
7103,1538982,28,94
7104,1538944,28,110
7105,1539014,28,99
7106,1539086,32,126
7107,1539083,28,116
7108,1539073,64,147
7109,1539081,28,96
7110,1539174,32,129
7111,1539191,28,98
7112,1539395,33,138
7113,1539505,28,96
7114,1539592,29,96
7115,1539411,28,109
7116,1539611,27,95
7117,1539584,28,96
7118,1539690,28,109
7119,1539670,28,96
7120,1539655,28,123
7121,1539659,32,122
7122,1539835,28,96
7123,1539908,32,105
7124,1540006,28,105
7125,1540079,27,126
7126,1540290,33,128
7127,1540463,31,144
7128,1540783,27,94
7129,1540848,27,94
7130,1540722,28,107
7131,1540821,29,112
7132,1540911,28,95
7133,1540917,32,116
7134,1540909,35,103
7135,1540971,36,103
7136,1541120,35,103
7137,1541085,35,116
7138,1541070,36,119
7139,1541148,30,112
7140,1541139,36,135
7141,1541318,31,121
7142,1541482,32,129
7143,1541658,37,103
7144,1541808,30,115
7145,1541975,35,113
7146,1542234,37,103
7147,1542489,35,129
7148,1542668,32,99
7149,1542814,34,114
7150,1542981,32,99
7151,1543235,35,103
7152,1543505,36,114
7153,1543772,31,121
7154,1543939,30,128
7155,1544118,37,124
7156,1544283,36,114
7157,1544440,31,114
7158,1544604,36,122
7159,1544770,32,98
7160,1544909,32,103
7161,1544909,30,97
7162,1545097,31,116
7163,1545100,32,102
7164,1545190,32,118
7165,1545190,31,115
7166,1545392,31,99
7167,1545376,31,117
7168,1545485,48,156
7169,1547272,41,140
7170,1547493,126,1485
7171,1549022,29,161
7172,1549060,70,169
7173,1549200,33,206
7174,1549288,33,321
7175,1549497,28,120
7176,1549596,29,109
7177,1549459,28,137
7178,1549570,28,115
7179,1549681,27,114
7180,1549654,27,110
7181,1549639,31,156
7182,1549778,32,121
7183,1549911,27,112
7184,1550120,28,148
7185,1550219,29,121
7186,1550320,27,109
7187,1550388,32,214
7188,1550473,32,116
7189,1550578,27,114
7190,1550569,28,109
7191,1550664,27,117
7192,1550927,28,116
7193,1551195,33,122
7194,1551189,33,117
7195,1551301,28,105
7196,1551287,32,114
7197,1551394,32,170
7198,1551427,33,108
7199,1551511,28,113
7200,1551690,33,109
7201,1551667,33,154
7202,1551885,28,102
7203,1551957,28,99
7204,1552221,29,118
7205,1552304,29,136
7206,1552424,28,105
7207,1552529,27,103
7208,1552623,28,125
7209,1552875,29,129
7210,1552979,32,165
7211,1553213,28,156
7212,1553317,27,125
7213,1553425,32,127
7214,1553531,27,161
7215,1553696,28,117
7216,1553800,33,143
7217,1553932,27,315
7218,1554139,32,113
7219,1554360,28,110
7220,1554420,37,177
7221,1554595,35,121
7222,1554664,32,140
7223,1554846,30,147
7224,1554939,35,191
7225,1555092,32,121
7226,1555179,32,117
7227,1555169,34,194
7228,1555348,30,116
7229,1555450,133,1506
7230,1556938,31,138
7231,1557029,29,162
7232,1557333,32,164
7233,1557542,28,111
7234,1557806,32,126
7235,1558072,27,112
7236,1558342,89,198
7237,1558597,29,193
7238,1558832,28,130
7239,1558820,28,184
7240,1559143,29,196
7241,1559386,27,180
7242,1559701,28,97
7243,1559849,28,117
7244,1560008,28,112
7245,1560268,28,113
7246,1560526,27,119
7247,1560686,27,123
7248,1560856,27,119
7249,1561021,28,171
7250,1561247,27,111
7251,1561499,33,129
7252,1561512,28,99
7253,1561607,27,115
7254,1561610,27,162
7255,1561745,29,98
7256,1561832,28,269
7257,1562096,32,144
7258,1562224,28,160
7259,1562459,29,106
7260,1562535,28,121
7261,1562528,32,142
7262,1562681,31,123
7263,1562708,32,118
7264,1562840,27,151
7265,1562946,29,125
7266,1563150,29,175
7267,1563213,28,113
7268,1563430,32,129
7269,1563426,33,123
7270,1563436,32,118
7271,1563544,29,109
7272,1563545,33,137
7273,1563673,27,107
7274,1563664,28,105
7275,1563749,28,107
7276,1563841,28,115
7277,1563952,28,125
7278,1564163,29,90
7279,1564044,32,130
7280,1564162,36,164
7281,1564278,37,127
7282,1564489,33,131
7283,1564590,33,127
7284,1564805,36,112
7285,1564890,33,116
7286,1564985,31,140
7287,1565042,36,120
7288,1565072,33,117
7289,1565167,33,123
7290,1565354,37,107
7291,1565320,31,130
7292,1565331,31,119
7293,1565316,38,184
7294,1565386,31,116
7295,1565566,31,126
7296,1565649,31,100
7297,1567466,33,157
7298,1567550,33,166
7299,1567671,34,105
7300,1567872,63,138
7301,1567898,35,103
7302,1567695,32,141
7303,1567850,33,112
7304,1567870,36,110
7305,1567984,32,116
7306,1567982,32,129
7307,1568009,37,114
7308,1568111,37,131
7309,1568296,33,130
7310,1568393,32,173
7311,1568656,32,124
7312,1568676,36,102
7313,1568896,38,108
7314,1568980,32,111
7315,1569068,32,114
7316,1569329,32,139
7317,1569443,32,106
7318,1569545,32,120
7319,1569661,36,124
7320,1569829,31,193
7321,1570073,36,117
7322,1570345,32,116
7323,1570615,32,119
7324,1570887,32,124
7325,1571176,32,117
7326,1571438,32,125
7327,1571701,31,103
7328,1571958,31,115
7329,1572121,30,116
7330,1572287,31,114
7331,1572464,30,112
7332,1572622,30,99
7333,1572764,32,94
7334,1573025,31,114
7335,1573189,32,119
7336,1573350,31,113
7337,1573504,32,101
7338,1573652,30,111
7339,1573813,30,127
7340,1573985,32,104
7341,1574139,32,109
7342,1574294,32,149
7343,1574581,31,124
7344,1574851,32,112
7345,1575132,31,115
7346,1575400,31,106
7347,1575554,31,115
7348,1575565,31,111
7349,1575674,32,110
7350,1575670,31,113
7351,1575780,32,118
7352,1575880,33,123
7353,1575989,31,121
7354,1575967,32,122
7355,1575977,30,120
7356,1576091,33,110
7357,1576062,32,115
7358,1576136,30,104
7359,1576119,32,123
7360,1576319,30,109
7361,1576398,31,109
7362,1576379,31,116
7363,1576360,30,121
7364,1576141,55,147
7365,1576387,31,117
7366,1576597,32,101
7367,1576551,33,111
7368,1576654,31,116
7369,1576756,31,110
7370,1576759,32,157
7371,1576914,31,123
7372,1577008,30,118
7373,1577218,32,114
7374,1577215,31,112
7375,1577324,31,109
7376,1577310,31,109
7377,1577396,33,126
7378,1577402,32,117
7379,1577513,31,102
7380,1577469,31,110
7381,1577543,31,122
7382,1577646,33,111
7383,1577855,33,117
7384,1577837,32,116
7385,1577828,31,110
7386,1577908,32,110
7387,1577902,31,108
7388,1578098,31,124
7389,1578103,30,107
7390,1578201,32,109
7391,1578173,31,106
7392,1578263,32,120
7393,1578268,33,105
7394,1578335,31,91
7395,1578315,30,123
7396,1578533,31,106
7397,1578533,31,125
7398,1578618,32,115
7399,1578717,32,133
7400,1578917,33,124
7401,1578897,33,126
7402,1579012,32,109
7403,1578979,33,114
7404,1579074,33,177
7405,1579220,32,135
7406,1579318,32,103
7407,1579424,32,134
7408,1579504,32,110
7409,1579714,32,111
7410,1579716,33,126
7411,1579830,31,171
7412,1579867,30,112
7413,1579960,31,112
7414,1580077,31,113
7415,1580176,32,118
7416,1580288,32,199
7417,1580337,35,165
7418,1580396,32,109
7419,1580499,31,121
7420,1580680,35,172
7421,1580740,32,121
7422,1580929,33,109
7423,1581012,35,225
7424,1581202,31,112
7425,1582894,31,144
7426,1582925,32,197
7427,1582833,39,149
7428,1583060,80,170
7429,1583179,31,101
7430,1583172,32,111
7431,1583278,32,155
7432,1583452,32,126
7433,1583638,31,115
7434,1583633,31,114
7435,1583738,31,128
7436,1583737,36,136
7437,1583786,31,121
7438,1583916,32,118
7439,1583989,32,124
7440,1584177,134,1402
7441,1585442,34,131
7442,1585660,31,125
7443,1585772,31,171
7444,1586010,32,202
7445,1586076,28,106
7446,1586151,28,108
7447,1586140,28,114
7448,1586041,31,159
7449,1586282,28,106
7450,1586366,28,111
7451,1586468,27,114
7452,1586563,28,113
7453,1586727,32,130
7454,1586898,32,128
7455,1587071,28,123
7456,1587242,32,126
7457,1587416,28,107
7458,1587570,33,127
7459,1587750,28,101
7460,1588007,31,158
7461,1588225,27,114
7462,1588484,29,115
7463,1588749,28,106
7464,1589012,33,116
7465,1589281,29,117
7466,1589443,29,108
7467,1589592,28,106
7468,1589744,28,113
7469,1590008,32,134
7470,1590323,31,123
7471,1590576,30,113
7472,1590843,33,171
7473,1591151,28,248
7474,1591448,32,122
7475,1591710,32,115
7476,1591799,32,108
7477,1591688,29,106
7478,1591784,28,152
7479,1591820,28,125
7480,1592057,33,130
7481,1592139,28,105
7482,1592236,28,108
7483,1592339,29,96
7484,1592307,27,112
7485,1592380,28,102
7486,1592455,32,122
7487,1592566,28,104
7488,1592563,27,98
7489,1592364,29,91
7490,1592557,32,121
7491,1592776,30,120
7492,1592871,94,184
7493,1593048,31,124
7494,1593152,32,131
7495,1593371,32,125
7496,1593479,33,117
7497,1593571,32,112
7498,1593526,30,114
7499,1593591,31,106
7500,1593672,32,107
7501,1593891,32,134
7502,1593937,31,120
7503,1594037,31,112
7504,1594038,31,108
7505,1594142,32,116
7506,1594128,31,132
7507,1594360,33,123
7508,1594468,31,124
7509,1594577,33,116
7510,1594581,32,114
7511,1594685,30,127
7512,1594693,32,118
7513,1594797,31,125
7514,1594783,32,105
7515,1594776,35,137
7516,1594796,31,124
7517,1594875,31,124
7518,1594958,31,106
7519,1595047,31,98
7520,1595014,31,113
7521,1595076,32,123
7522,1595171,31,109
7523,1595395,31,114
7524,1595508,32,123
7525,1595730,32,114
7526,1595800,32,117
7527,1595869,31,104
7528,1595839,31,114
7529,1595948,32,119
7530,1596016,30,116
7531,1596005,31,117
7532,1595996,31,111
7533,1595990,30,112
7534,1595972,31,114
7535,1595979,32,104
7536,1596068,31,115
7537,1596044,31,107
7538,1596225,31,100
7539,1596325,32,132
7540,1596536,31,122
7541,1596634,32,112
7542,1596846,31,105
7543,1597009,32,122
7544,1597307,32,125
7545,1597567,30,101
7546,1597723,31,102
7547,1597870,33,132
7548,1598039,32,111
7549,1598308,31,108
7550,1598461,30,107
7551,1598323,31,110
7552,1598478,30,123
7553,1600247,31,120
7554,1600403,32,124
7555,1600672,31,118
7556,1600833,63,161
7557,1601053,30,117
7558,1601311,31,115
7559,1601584,32,109
7560,1601851,31,103
7561,1602002,32,119
7562,1602175,31,109
7563,1602270,30,103
7564,1602480,32,123
7565,1602589,31,109
7566,1602808,30,96
7567,1602926,31,112
7568,1603150,31,115
7569,1603254,55,217
7570,1603461,31,133
7571,1603494,33,133
7572,1603633,31,115
7573,1603725,30,103
7574,1603940,31,90
7575,1604037,33,101
7576,1604131,31,99
7577,1604084,36,199
7578,1604167,31,122
7579,1604257,32,112
7580,1604236,31,122
7581,1604353,32,103
7582,1604339,31,120
7583,1604456,32,88
7584,1604352,32,117
7585,1604473,32,104
7586,1604470,31,115
7587,1604570,30,121
7588,1604586,31,126
7589,1604690,31,136
7590,1604823,31,126
7591,1604926,31,123
7592,1604924,33,110
7593,1605136,31,114
7594,1605130,31,109
7595,1605114,31,114
7596,1605221,32,113
7597,1605214,32,117
7598,1605419,33,156
7599,1605453,32,125
7600,1605653,32,108
7601,1605656,32,119
7602,1605765,29,116
7603,1605772,31,127
7604,1605892,31,108
7605,1605966,32,108
7606,1605964,31,120
7607,1606059,31,121
7608,1606045,32,121
7609,1606161,33,104
7610,1606123,32,103
7611,1606105,33,110
7612,1606194,32,115
7613,1606184,33,110
7614,1605993,31,121
7615,1605909,33,116
7616,1606010,32,119
7617,1606015,32,112
7618,1605854,31,115
7619,1605943,33,118
7620,1606106,69,145
7621,1606306,31,107
7622,1606383,32,111
7623,1606482,32,115
7624,1606453,32,117
7625,1606448,32,109
7626,1606323,32,115
7627,1606431,31,115
7628,1606407,30,104
7629,1606471,32,108
7630,1606627,32,123
7631,1606707,32,118
7632,1606821,31,106
7633,1606810,32,109
7634,1606893,32,106
7635,1606968,33,109
7636,1607122,31,121
7637,1607241,33,108
7638,1607450,31,103
7639,1607416,31,223
7640,1607529,33,109
7641,1607657,32,115
7642,1607840,31,115
7643,1607831,33,117
7644,1607748,31,104
7645,1607850,32,115
7646,1607849,32,122
7647,1607952,31,108
7648,1607948,31,113
7649,1608066,31,111
7650,1608277,31,102
7651,1608364,31,110
7652,1608349,31,103
7653,1608344,32,89
7654,1608397,31,118
7655,1608399,30,89
7656,1608580,32,114
7657,1608663,32,128
7658,1608774,31,114
7659,1608768,33,166
7660,1609012,36,186
7661,1609081,31,117
7662,1609251,36,152
7663,1609266,31,141
7664,1609416,32,118
7665,1609415,31,120
7666,1609523,31,99
7667,1609699,32,100
7668,1609589,32,117
7669,1609708,33,122
7670,1609793,31,100
7671,1609893,32,99
7672,1609801,30,128
7673,1609906,31,113
7674,1610166,29,108
7675,1610247,34,241
7676,1610204,37,134
7677,1610316,37,132
7678,1610351,33,116
7679,1610571,40,141
7680,1610696,40,145
7681,1614519,41,173
7682,1614514,37,148
7683,1614763,39,147
7684,1614870,138,239
7685,1615004,37,127
7686,1615197,33,109
7687,1615298,40,160
7688,1615547,36,206
7689,1615638,42,166
7690,1615779,34,134
7691,1615902,34,152
7692,1616148,45,146
7693,1616286,33,161
7694,1616539,36,135
7695,1616668,36,147
7696,1616912,32,220
7697,1617015,37,151
7698,1617257,34,113
7699,1617354,35,133
7700,1617691,36,116
7701,1617663,34,121
7702,1617676,39,154
7703,1617811,35,123
7704,1617796,40,131
7705,1618038,34,106
7706,1618201,32,112
7707,1618291,32,140
7708,1618501,34,128
7709,1618524,34,138
7710,1618774,40,155
7711,1618826,40,129
7712,1619034,33,145
7713,1619084,35,143
7714,1619325,31,113
7715,1619417,37,133
7716,1619550,36,154
7717,1619560,34,141
7718,1619807,37,126
7719,1619805,35,122
7720,1619806,34,152
7721,1619864,41,149
7722,1619995,41,155
7723,1620118,39,123
7724,1620293,38,146
7725,1620317,32,112
7726,1620540,32,161
7727,1620595,35,129
7728,1620826,39,133
7729,1620858,34,113
7730,1621077,36,150
7731,1621113,32,112
7732,1621325,38,161
7733,1621388,42,124
7734,1621630,33,140
7735,1621740,38,133
7736,1621845,40,157
7737,1621982,39,160
7738,1622247,35,141
7739,1622123,41,139
7740,1622348,40,156
7741,1622368,36,135
7742,1622489,41,162
7743,1622733,32,110
7744,1622930,31,120
7745,1623068,36,127
7746,1623020,38,138
7747,1623302,35,128
7748,1623475,105,183
7749,1623719,32,151
7750,1624010,35,164
7751,1624321,37,137
7752,1624509,35,135
7753,1624823,38,133
7754,1625017,40,131
7755,1625318,36,143
7756,1625517,41,129
7757,1625803,38,135
7758,1625994,36,132
7759,1626174,40,142
7760,1626464,33,108
7761,1626724,39,147
7762,1626931,33,123
7763,1626937,33,117
7764,1627172,33,122
7765,1627200,33,134
7766,1627423,38,140
7767,1627583,35,171
7768,1627749,41,158
7769,1627789,41,155
7770,1628041,33,126
7771,1628160,35,117
7772,1628282,38,129
7773,1628365,46,128
7774,1628651,33,137
7775,1628751,34,127
7776,1628971,33,135
7777,1629067,34,145
7778,1629392,31,163
7779,1629531,31,104
7780,1629637,31,110
7781,1629743,32,112
7782,1629848,32,102
7783,1630103,33,129
7784,1630280,31,120
7785,1630539,33,122
7786,1630706,37,142
7787,1630979,32,101
7788,1631247,32,109
7789,1631404,31,103
7790,1631664,32,121
7791,1631829,32,119
7792,1631996,31,105
7793,1632151,32,108
7794,1632308,30,113
7795,1632468,32,112
7796,1632630,33,109
7797,1632787,30,128
7798,1632957,32,118
7799,1633118,32,102
7800,1633271,33,119
7801,1633155,31,109
7802,1633420,31,119
7803,1633585,31,120
7804,1633756,33,119
7805,1633922,30,116
7806,1634085,32,102
7807,1634233,36,115
7808,1634242,31,108
7809,1636045,32,145
7810,1636055,31,120
7811,1636247,30,100
7812,1636331,78,166
7813,1636379,32,107
7814,1636583,32,116
7815,1636744,32,113
7816,1636725,32,130
7817,1636735,30,119
7818,1636742,30,110
7819,1636743,30,107
7820,1636736,30,102
7821,1636723,33,106
7822,1636718,31,114
7823,1636717,33,104
7824,1636826,31,110
7825,1636942,30,101
7826,1637126,31,110
7827,1637126,31,101
7828,1637314,30,109
7829,1637291,31,103
7830,1637358,31,117
7831,1637346,31,118
7832,1637556,31,109
7833,1637534,33,102
7834,1637517,30,117
7835,1637589,30,118
7836,1637861,30,118
7837,1637968,31,117
7838,1638176,30,92
7839,1638133,31,103
7840,1638115,31,101
7841,1638174,31,101
7842,1638164,30,102
7843,1638264,32,119
7844,1638272,31,113
7845,1638478,30,101
7846,1638436,32,118
7847,1638431,31,107
7848,1638524,30,102
7849,1638612,30,100
7850,1638604,31,117
7851,1638596,30,88
7852,1638674,33,103
7853,1638680,31,176
7854,1638944,30,114
7855,1639044,31,136
7856,1639161,30,129
7857,1639355,30,130
7858,1639451,31,117
7859,1639555,31,123
7860,1639670,32,98
7861,1639881,31,130
7862,1639999,31,106
7863,1639943,31,112
7864,1640131,31,112
7865,1640239,32,121
7866,1640401,31,112
7867,1640379,30,119
7868,1640625,31,122
7869,1640801,30,110
7870,1641060,32,122
7871,1641161,32,116
7872,1641266,31,102
7873,1641256,33,112
7874,1641198,32,124
7875,1641374,31,109
7876,1641525,59,142
7877,1641711,32,100
7878,1641856,30,110
7879,1642016,31,113
7880,1642181,32,101
7881,1642441,31,116
7882,1642713,36,216
7883,1642978,33,104
7884,1643238,32,169
7885,1643537,31,130
7886,1643798,30,107
7887,1644067,32,113
7888,1644237,30,112
7889,1644504,31,99
7890,1644573,32,125
7891,1644748,32,131
7892,1644893,32,116
7893,1645057,31,117
7894,1645216,31,114
7895,1645218,32,121
7896,1645331,32,117
7897,1645494,31,100
7898,1645461,32,114
7899,1645465,32,116
7900,1645640,31,110
7901,1645630,31,115
7902,1645737,33,103
7903,1645722,32,118
7904,1645825,31,109
7905,1645913,32,117
7906,1645906,31,188
7907,1645878,32,101
7908,1646085,31,108
7909,1646069,31,113
7910,1646179,32,119
7911,1646165,32,111
7912,1646269,31,118
7913,1646282,32,107
7914,1646384,32,109
7915,1646373,31,118
7916,1646490,31,117
7917,1646564,32,110
7918,1646656,32,111
7919,1646730,32,101
7920,1646937,33,103
7921,1647023,33,119
7922,1647013,33,116
7923,1647008,31,102
7924,1646987,31,109
7925,1647097,30,128
7926,1646995,31,122
7927,1647019,31,104
7928,1647237,31,102
7929,1647320,30,209
7930,1647519,32,105
7931,1647701,35,182
7932,1647966,31,116
7933,1648235,31,154
7934,1648517,31,106
7935,1648783,30,120
7936,1649052,32,104
7937,1650831,32,120
7938,1650996,31,123
7939,1651266,32,112
7940,1651529,64,153
7941,1651818,31,134
7942,1652116,30,112
7943,1652389,31,107
7944,1652665,30,108
7945,1652922,33,121
7946,1653198,32,124
7947,1653477,32,105
7948,1653761,32,137
7949,1654025,33,120
7950,1654297,31,117
7951,1654572,31,118
7952,1654740,32,118
7953,1654902,33,119
7954,1655078,31,154
7955,1655293,31,103
7956,1655561,31,116
7957,1655722,31,160
7958,1656026,32,127
7959,1656129,31,115
7960,1656290,31,102
7961,1656438,30,127
7962,1656428,31,130
7963,1656641,31,115
7964,1656804,32,104
7965,1656773,31,107
7966,1656922,31,115
7967,1657082,31,178
7968,1657403,36,169
7969,1657625,32,123
7970,1657881,31,129
7971,1657998,32,115
7972,1658205,31,120
7973,1658311,30,123
7974,1658530,33,102
7975,1658702,33,109
7976,1658908,32,104
7977,1658892,31,120
7978,1659006,36,184
7979,1659087,31,101
7980,1659291,36,113
7981,1659362,32,111
7982,1659463,31,122
7983,1659624,31,107
7984,1659714,32,126
7985,1659933,32,118
7986,1660026,30,110
7987,1660127,31,108
7988,1659885,30,127
7989,1659980,32,109
7990,1660079,32,128
7991,1660172,32,102
7992,1660365,32,109
7993,1660343,32,106
7994,1660438,32,108
7995,1660429,31,122
7996,1660552,32,120
7997,1660628,31,121
7998,1660737,32,224
7999,1660865,31,109
8000,1661079,31,1856
8001,1662897,32,147
8002,1662869,31,160
8003,1662925,33,107
8004,1662914,104,192
8005,1663091,31,120
8006,1663185,32,156
8007,1663425,32,109
8008,1663544,31,119
8009,1663567,31,102
8010,1663664,31,110
8011,1663820,32,120
8012,1664096,35,166
8013,1664396,32,101
8014,1664641,31,101
8015,1664794,32,111
8016,1664960,36,114
8017,1665210,32,122
8018,1665377,31,111
8019,1665547,32,116
8020,1665708,31,110
8021,1665864,31,109
8022,1666015,32,102
8023,1666162,31,99
8024,1666312,32,169
8025,1666616,33,109
8026,1666871,31,111
8027,1667025,31,117
8028,1667194,32,102
8029,1667347,32,117
8030,1667513,31,108
8031,1667670,30,129
8032,1667858,32,113
8033,1668117,32,122
8034,1668382,33,105
8035,1668533,31,114
8036,1668693,30,108
8037,1668847,32,107
8038,1669024,31,104
8039,1669275,31,102
8040,1669535,31,110
8041,1669695,32,120
8042,1669860,30,123
8043,1670025,31,114
8044,1670187,30,121
8045,1670357,32,99
8046,1670509,30,106
8047,1670667,32,116
8048,1670942,30,101
8049,1671210,32,118
8050,1671374,31,108
8051,1671189,30,119
8052,1671305,31,101
8053,1671268,30,124
8054,1671386,31,100
8055,1671453,31,110
8056,1671571,32,104
8057,1671539,31,117
8058,1671628,32,106
8059,1671731,31,120
8060,1671818,32,120
8061,1671980,30,129
8062,1671954,33,116
8063,1672066,32,108
8064,1672144,32,114
8065,1673854,39,158
8066,1673847,32,115
8067,1674040,31,132
8068,1674119,64,157
8069,1674250,35,123
8070,1674458,31,111
8071,1674569,32,116
8072,1674772,33,117
8073,1675041,32,94
8074,1675109,31,108
8075,1675271,31,113
8076,1675357,31,115
8077,1675474,31,114
8078,1675677,33,119
8079,1675781,31,114
8080,1675936,37,118
8081,1676096,32,124
8082,1676190,30,107
8083,1676340,32,103
8084,1676486,31,114
8085,1676644,30,117
8086,1676906,32,122
8087,1677071,33,111
8088,1677339,31,114
8089,1677608,32,128
8090,1677779,32,101
8091,1677928,35,120
8092,1678103,37,131
8093,1678370,32,120
8094,1678537,31,110
8095,1678696,30,107
8096,1678845,32,116
8097,1679008,31,233
8098,1679288,32,116
8099,1679552,32,95
8100,1679815,33,130
8101,1680123,32,113
8102,1680388,32,110
8103,1680660,32,110
8104,1680922,32,104
8105,1681071,31,112
8106,1681230,31,104
8107,1681381,31,95
8108,1681526,31,114
8109,1681684,31,103
8110,1681941,33,126
8111,1682110,30,121
8112,1682280,31,127
8113,1682173,32,165
8114,1682398,31,127
8115,1682668,32,116
8116,1682836,30,104
8117,1683094,31,114
8118,1683369,30,169
8119,1683673,130,1716
8120,1685431,28,130
8121,1685705,32,228
8122,1685982,33,114
8123,1686250,31,148
8124,1686533,29,96
8125,1686686,29,103
8126,1686946,30,115
8127,1687217,32,117
8128,1687378,28,108
8129,1687526,27,110
8130,1687583,29,106
8131,1687843,28,108
8132,1688001,61,140
8133,1688185,31,146
8134,1688393,32,135
8135,1688661,32,111
8136,1688921,28,122
8137,1689088,27,103
8138,1689235,31,101
8139,1689389,32,100
8140,1689661,32,122
8141,1689831,32,119
8142,1690100,34,123
8143,1690385,28,105
8144,1690646,27,102
8145,1690797,28,101
8146,1690936,29,123
8147,1691113,28,94
8148,1691365,28,103
8149,1691630,27,98
8150,1691894,33,113
8151,1692027,31,113
8152,1692290,28,97
8153,1692430,27,100
8154,1692592,28,105
8155,1692744,32,113
8156,1692900,27,97
8157,1693048,32,141
8158,1693234,28,104
8159,1693311,32,141
8160,1693511,28,111
8161,1693756,27,97
8162,1693898,31,110
8163,1694060,31,102
8164,1694316,31,117
8165,1694483,27,106
8166,1694751,31,112
8167,1695013,31,103
8168,1695156,28,95
8169,1695426,32,114
8170,1695588,32,105
8171,1695845,30,114
8172,1696004,33,112
8173,1696163,32,115
8174,1696323,31,117
8175,1696390,36,113
8176,1696552,32,124
8177,1696719,32,110
8178,1696874,30,110
8179,1697031,31,105
8180,1697183,31,114
8181,1697444,31,117
8182,1697608,31,109
8183,1697775,32,116
8184,1697933,31,107
8185,1698079,33,111
8186,1698340,30,123
8187,1698505,32,135
8188,1698690,31,114
8189,1698846,31,119
8190,1699009,32,114
8191,1699168,32,133
8192,1699350,30,109
8193,1701234,33,140
8194,1701507,30,125
8195,1701636,30,102
8196,1701896,70,148
8197,1702182,34,104
8198,1702440,30,140
8199,1702646,32,114
8200,1702804,31,107
8201,1702952,31,124
8202,1703122,31,95
8203,1703380,31,121
8204,1703546,32,107
8205,1703699,32,98
8206,1703842,30,109
8207,1704004,31,94
8208,1704260,31,108
8209,1704417,32,100
8210,1704563,31,121
8211,1704731,35,116
8212,1704997,31,107
8213,1705269,32,116
8214,1705530,32,109
8215,1705681,30,119
8216,1705851,35,113
8217,1706007,35,120
8218,1706171,34,166
8219,1706467,32,109
8220,1706725,31,120
8221,1706897,32,118
8222,1707060,36,146
8223,1707244,31,124
8224,1707428,32,124
8225,1707616,32,109
8226,1707902,31,109
8227,1708055,32,110
8228,1708327,32,127
8229,1708593,33,122
8230,1708764,31,108
8231,1708914,29,125
8232,1709088,35,140
8233,1709273,33,109
8234,1709430,47,227
8235,1709707,32,132
8236,1709976,31,109
8237,1710247,32,145
8238,1710439,31,124
8239,1710708,32,101
8240,1710972,36,127
8241,1711144,31,118
8242,1711307,32,112
8243,1711464,32,110
8244,1711619,30,114
8245,1711787,31,116
8246,1712042,32,120
8247,1712210,31,127
8248,1712387,31,101
8249,1712534,36,133
8250,1712716,37,128
8251,1712988,31,122
8252,1713269,30,114
8253,1713546,31,125
8254,1713812,30,114
8255,1713974,32,129
8256,1714147,32,136
8257,1714455,31,89
8258,1714413,33,110
8259,1714568,33,113
8260,1714845,87,165
8261,1715141,36,126
8262,1715403,35,137
8263,1715677,32,117
8264,1715945,31,112
8265,1716227,36,120
8266,1716501,32,121
8267,1716774,33,108
8268,1717030,33,127
8269,1717201,31,137
8270,1717514,31,118
8271,1717792,31,123
8272,1718066,30,124
8273,1718341,30,109
8274,1718420,31,109
8275,1718576,31,116
8276,1718844,32,110
8277,1719000,31,113
8278,1719156,31,116
8279,1719315,32,105
8280,1719469,31,116
8281,1719629,31,105
8282,1719896,31,120
8283,1720170,31,109
8284,1720441,30,113
8285,1720710,31,120
8286,1720978,31,108
8287,1721136,32,112
8288,1721291,31,125
8289,1721459,31,110
8290,1721621,32,115
8291,1721778,30,96
8292,1721940,37,155
8293,1722137,30,108
8294,1722233,31,133
8295,1722338,32,126
8296,1722544,30,115
8297,1722623,31,137
8298,1722938,32,141
8299,1723024,31,119
8300,1723164,32,126
8301,1723252,30,103
8302,1723333,32,118
8303,1723312,30,98
8304,1723298,31,135
8305,1723505,32,123
8306,1723608,32,124
8307,1723829,30,114
8308,1723943,31,145
8309,1724166,30,110
8310,1724264,31,108
8311,1724466,32,140
8312,1724667,31,144
8313,1724894,31,127
8314,1725155,30,104
8315,1725253,32,116
8316,1725347,31,109
8317,1725442,31,97
8318,1725525,37,178
8319,1725583,31,89
8320,1725589,31,103
8321,1726958,32,117
8322,1726924,32,118
8323,1727015,32,108
8324,1727002,62,215
8325,1727214,32,108
8326,1727201,32,124
8327,1727313,31,118
8328,1727407,32,124
8329,1727579,32,120
8330,1727585,32,108
8331,1727681,31,127
8332,1727673,31,123
8333,1727656,30,119
8334,1727648,33,111
8335,1727755,32,108
8336,1727752,32,131
8337,1727880,33,117
8338,1728070,32,126
8339,1728298,31,103
8340,1728567,33,110
8341,1728650,32,123
8342,1728770,32,106
8343,1728840,31,87
8344,1728727,32,139
8345,1728857,31,123
8346,1728930,32,108
8347,1728913,31,100
8348,1728873,31,105
8349,1728873,30,107
8350,1728965,31,120
8351,1729075,31,117
8352,1729259,31,122
8353,1729271,33,125
8354,1729380,31,110
8355,1729366,32,110
8356,1729358,31,105
8357,1729416,32,106
8358,1729679,32,117
8359,1729782,32,115
8360,1729875,33,117
8361,1729870,32,102
8362,1729937,32,111
8363,1729758,31,108
8364,1729858,31,114
8365,1729844,32,110
8366,1730013,32,122
8367,1730011,32,110
8368,1730007,33,116
8369,1730120,31,121
8370,1730283,31,108
8371,1730437,32,137
8372,1730727,32,123
8373,1730820,31,113
8374,1730905,31,126
8375,1730998,32,111
8376,1731077,31,109
8377,1731157,32,109
8378,1731236,31,101
8379,1731306,31,88
8380,1731361,30,127
8381,1731459,31,104
8382,1731531,29,119
8383,1731622,31,108
8384,1731794,34,128
8385,1731884,35,124
8386,1731841,34,138
8387,1731946,30,96
8388,1732013,62,132
8389,1732116,33,117
8390,1732204,32,110
8391,1732284,31,115
8392,1732370,30,105
8393,1732446,32,109
8394,1732525,32,122
8395,1732618,31,137
8396,1732725,32,108
8397,1732804,33,112
8398,1732887,31,97
8399,1732955,32,114
8400,1733040,32,134
8401,1733143,32,120
8402,1733236,33,114
8403,1733317,32,117
8404,1733378,31,97
8405,1733440,30,110
8406,1733514,31,128
8407,1733615,31,155
8408,1733740,32,99
8409,1733805,32,115
8410,1733886,32,115
8411,1733966,31,108
8412,1734045,33,109
8413,1734120,32,117
8414,1734208,32,97
8415,1734274,31,111
8416,1734356,30,122
8417,1734448,33,102
8418,1734518,32,114
8419,1734782,32,117
8420,1735056,31,118
8421,1735329,31,116
8422,1735492,30,93
8423,1735635,32,124
8424,1735815,31,110
8425,1735980,31,107
8426,1736239,31,105
8427,1736396,31,96
8428,1736532,32,113
8429,1736692,30,115
8430,1736854,30,101
8431,1737122,31,102
8432,1737395,30,105
8433,1737664,32,99
8434,1737803,32,104
8435,1737950,31,100
8436,1738108,32,105
8437,1738375,31,115
8438,1738640,32,113
8439,1738910,31,114
8440,1739174,31,95
8441,1739316,32,124
8442,1739486,32,105
8443,1739640,33,98
8444,1739785,31,163
8445,1739999,32,100
8446,1740257,32,122
8447,1740419,32,148
8448,1740640,31,122
8449,1742383,32,124
8450,1742514,31,125
8451,1742689,32,103
8452,1742840,63,131
8453,1743017,31,100
8454,1743165,32,108
8455,1743322,32,101
8456,1743474,31,108
8457,1743636,32,104
8458,1743893,31,109
8459,1744058,31,105
8460,1744208,33,102
8461,1744350,32,117
8462,1744444,30,107
8463,1744539,31,121
8464,1744809,37,161
8465,1745105,32,100
8466,1745358,31,114
8467,1745354,31,115
8468,1745458,33,123
8469,1745447,30,116
8470,1745559,30,118
8471,1745548,33,119
8472,1745655,32,115
8473,1745632,33,120
8474,1745637,32,116
8475,1745645,32,182
8476,1745789,32,111
8477,1745886,30,128
8478,1746086,32,100
8479,1746052,31,119
8480,1746055,31,114
8481,1746128,31,124
8482,1746337,30,100
8483,1746309,31,115
8484,1746408,31,113
8485,1746491,33,114
8486,1746685,36,140
8487,1746678,31,111
8488,1746870,31,118
8489,1746979,30,110
8490,1747063,31,103
8491,1747159,31,167
8492,1747188,31,135
8493,1747303,31,128
8494,1747491,32,109
8495,1747587,29,110
8496,1747676,31,116
8497,1747659,31,122
8498,1747664,33,154
8499,1747716,31,116
8500,1747826,32,129
8501,1747923,32,111
8502,1747907,32,104
8503,1748002,30,128
8504,1748023,31,117
8505,1748129,31,102
8506,1748200,32,106
8507,1748300,33,120
8508,1748557,32,110
8509,1748634,31,111
8510,1748713,31,150
8511,1748720,31,115
8512,1748901,35,130
8513,1748999,32,110
8514,1748949,32,98
8515,1749015,32,123
8516,1749010,85,164
8517,1749267,32,103
8518,1749367,32,111
8519,1749469,32,142
8520,1749713,33,111
8521,1749914,31,107
8522,1750178,33,116
8523,1750264,32,109
8524,1750415,32,112
8525,1750402,31,109
8526,1750396,32,116
8527,1750387,31,115
8528,1750566,32,103
8529,1750531,31,120
8530,1750638,32,121
8531,1750613,31,115
8532,1750616,36,127
8533,1750627,31,88
8534,1750501,32,115
8535,1750605,33,123
8536,1750778,31,115
8537,1751042,30,127
8538,1751049,31,132
8539,1751169,31,109
8540,1751146,32,116
8541,1751144,32,129
8542,1751317,32,109
8543,1751294,33,103
8544,1751260,32,115
8545,1751422,32,101
8546,1751412,32,104
8547,1751523,31,120
8548,1751707,31,108
8549,1751974,30,121
8550,1751906,32,123
8551,1752136,32,119
8552,1752336,31,129
8553,1752637,32,117
8554,1752640,32,117
8555,1752749,32,103
8556,1752816,31,109
8557,1752986,32,111
8558,1752974,31,122
8559,1753093,32,109
8560,1753086,32,110
8561,1753192,32,116
8562,1753197,32,89
8563,1753297,31,114
8564,1753500,31,115
8565,1753592,31,108
8566,1753496,32,114
8567,1753609,36,119
8568,1753718,32,125
8569,1753924,31,106
8570,1754109,31,109
8571,1754371,31,121
8572,1754541,31,107
8573,1754509,30,115
8574,1754503,47,187
8575,1754660,32,125
8576,1754743,33,214
8577,1756597,34,132
8578,1756670,32,125
8579,1756881,33,101
8580,1757141,71,157
8581,1757356,32,109
8582,1757611,30,125
8583,1757787,30,181
8584,1758017,31,114
8585,1758282,31,104
8586,1758436,31,113
8587,1758595,30,128
8588,1758764,33,108
8589,1758922,32,104
8590,1759072,31,109
8591,1759151,31,108
8592,1759230,31,109
8593,1759308,30,112
8594,1759391,32,119
8595,1759480,33,110
8596,1759557,32,145
8597,1759675,30,100
8598,1759746,32,109
8599,1759826,31,109
8600,1759906,32,112
8601,1759986,30,109
8602,1760066,33,111
8603,1760144,32,120
8604,1760229,31,112
8605,1760309,30,127
8606,1760404,32,131
8607,1760503,31,121
8608,1760596,31,115
8609,1760680,31,119
8610,1760585,33,108
8611,1760605,31,105
8612,1760285,32,113
8613,1760294,30,174
8614,1760385,32,105
8615,1760461,31,89
8616,1760348,32,102
8617,1760371,32,113
8618,1760291,31,89
8619,1760299,31,114
8620,1760197,30,89
8621,1760075,31,127
8622,1759989,32,109
8623,1759894,32,109
8624,1759910,31,120
8625,1759842,31,115
8626,1759877,31,108
8627,1759773,30,107
8628,1759681,30,105
8629,1759595,32,106
8630,1759588,32,100
8631,1759660,31,121
8632,1759674,31,103
8633,1759871,32,169
8634,1760013,31,117
8635,1760222,32,120
8636,1760333,31,107
8637,1760540,30,109
8638,1760516,33,106
8639,1760502,32,169
8640,1760578,31,108
8641,1760599,32,177
8642,1760849,31,122
8643,1760954,31,108
8644,1761050,57,144
8645,1761183,32,99
8646,1761358,30,110
8647,1761329,31,111
8648,1761440,32,109
8649,1761441,32,161
8650,1761613,32,123
8651,1761614,30,109
8652,1761618,31,118
8653,1761701,31,130
8654,1761719,33,141
8655,1761878,30,110
8656,1761894,31,119
8657,1762031,33,88
8658,1762101,30,139
8659,1762257,37,110
8660,1762358,31,108
8661,1762358,31,117
8662,1762470,32,102
8663,1762431,32,87
8664,1762423,31,109
8665,1762624,36,122
8666,1762719,31,108
8667,1762821,32,111
8668,1762821,32,109
8669,1762901,31,111
8670,1762884,31,109
8671,1762981,32,123
8672,1762991,31,108
8673,1763094,31,123
8674,1763207,32,96
8675,1763129,36,116
8676,1763236,32,112
8677,1763394,31,107
8678,1763358,31,119
8679,1763348,32,117
8680,1763354,33,117
8681,1763434,30,120
8682,1763415,30,118
8683,1763524,32,111
8684,1763515,30,118
8685,1763621,31,101
8686,1763591,32,112
8687,1763578,36,157
8688,1763609,31,101
8689,1763696,36,120
8690,1763890,31,113
8691,1763995,31,117
8692,1764210,31,116
8693,1764317,30,113
8694,1764527,31,108
8695,1764525,32,184
8696,1764705,31,89
8697,1764604,32,164
8698,1764760,30,99
8699,1764742,30,112
8700,1764848,31,121
8701,1764920,32,114
8702,1764918,31,119
8703,1764905,31,114
8704,1764900,32,116
8705,1776405,33,135
8706,1776365,31,120
8707,1776263,31,112
8708,1776347,66,147
8709,1776621,32,114
8710,1776719,32,112
8711,1776943,32,184
8712,1777099,33,184
8713,1777283,30,133
8714,1777397,32,124
8715,1777625,33,127
8716,1777812,32,124
8717,1778000,30,109
8718,1778100,32,131
8719,1778324,30,128
8720,1778415,33,133
8721,1778512,31,120
8722,1778629,32,118
8723,1778642,31,124
8724,1778758,31,116
8725,1778759,31,137
8726,1778889,33,113
8727,1778885,32,118
8728,1778998,32,114
8729,1778997,31,121
8730,1779114,32,100
8731,1779099,32,137
8732,1779220,32,121
8733,1779204,31,113
8734,1779203,31,128
8735,1779220,31,114
8736,1779304,30,107
8737,1779082,31,121
8738,1779176,30,109
8739,1779276,33,108
8740,1779263,32,116
8741,1779387,31,116
8742,1779479,30,95
8743,1779561,32,98
8744,1779563,31,98
8745,1779562,31,113
8746,1779671,31,199
8747,1779754,32,98
8748,1779849,31,114
8749,1779823,32,117
8750,1779998,31,117
8751,1779895,32,117
8752,1780004,32,122
8753,1780018,31,97
8754,1780098,32,137
8755,1780101,31,182
8756,1780060,31,110
8757,1780134,32,103
8758,1780247,31,122
8759,1780356,31,108
8760,1780564,31,123
8761,1780651,31,109
8762,1780631,31,205
8763,1780831,31,110
8764,1780748,32,185
8765,1780922,32,110
8766,1780893,30,120
8767,1780890,32,163
8768,1780923,31,109
8769,1781030,30,189
8770,1781163,31,103
8771,1781265,31,113
8772,1781363,80,186
8773,1781417,36,112
8774,1781519,143,1664
8775,1783074,34,123
8776,1783174,33,117
8777,1783168,31,125
8778,1783173,31,108
8779,1783168,32,128
8780,1783256,32,129
8781,1783402,32,113
8782,1783623,28,104
8783,1783729,28,109
8784,1783831,32,106
8785,1783827,32,114
8786,1783932,31,200
8787,1784038,32,129
8788,1784257,32,138
8789,1784347,28,113
8790,1784443,33,131
8791,1784661,31,125
8792,1784731,28,96
8793,1784714,33,111
8794,1784823,31,126
8795,1785084,29,112
8796,1785348,32,111
8797,1785503,33,115
8798,1785661,32,152
8799,1785599,29,160
8800,1785806,28,99
8801,1786069,27,100
8802,1786349,27,100
8803,1786495,29,104
8804,1786648,29,115
8805,1786815,32,190
8806,1787062,32,125
8807,1787333,28,101
8808,1787608,29,107
8809,1787871,33,120
8810,1788148,31,122
8811,1788320,32,121
8812,1788586,31,102
8813,1788854,32,102
8814,1789104,27,113
8815,1789263,33,106
8816,1789414,32,118
8817,1789581,29,100
8818,1789843,31,103
8819,1790004,28,118
8820,1790268,31,102
8821,1790414,29,99
8822,1790389,29,103
8823,1790502,27,141
8824,1790620,32,146
8825,1790846,35,111
8826,1790949,30,127
8827,1791065,31,106
8828,1791060,36,105
8829,1791030,35,122
8830,1791144,37,115
8831,1791146,32,101
8832,1791237,36,102
8833,1792900,40,153
8834,1793129,32,118
8835,1793118,31,104
8836,1793211,65,157
8837,1793275,35,110
8838,1793376,31,167
8839,1793421,31,127
8840,1793639,37,115
8841,1793713,30,124
8842,1793796,129,1352
8843,1795012,28,110
8844,1795232,30,117
8845,1795330,30,124
8846,1795547,29,111
8847,1795657,28,104
8848,1795861,28,109
8849,1795830,31,205
8850,1795912,28,103
8851,1795993,28,111
8852,1795991,28,114
8853,1795986,27,113
8854,1796073,28,101
8855,1796031,28,108
8856,1796129,29,106
8857,1796101,29,107
8858,1796194,29,109
8859,1796188,28,112
8860,1796268,30,110
8861,1796266,28,106
8862,1796077,27,105
8863,1795986,28,121
8864,1796097,31,119
8865,1796166,28,103
8866,1796271,29,107
8867,1796329,32,108
8868,1796290,34,123
8869,1796515,27,93
8870,1796389,28,112
8871,1796396,29,111
8872,1796622,32,110
8873,1796707,26,88
8874,1796493,27,99
8875,1796582,28,116
8876,1796580,28,150
8877,1796734,28,116
8878,1796729,27,119
8879,1796773,28,105
8880,1796885,28,110
8881,1797094,29,107
8882,1797175,29,104
8883,1797053,27,88
8884,1797129,29,103
8885,1797132,28,103
8886,1797340,28,115
8887,1797352,28,109
8888,1797566,28,112
8889,1797561,28,123
8890,1797467,28,111
8891,1797564,28,112
8892,1797545,36,155
8893,1797589,32,113
8894,1797683,31,110
8895,1797801,36,112
8896,1797917,32,103
8897,1798000,31,112
8898,1798179,31,93
8899,1798258,32,126
8900,1798268,65,123
8901,1798272,31,120
8902,1798284,31,117
8903,1798283,31,187
8904,1798351,32,111
8905,1798454,33,123
8906,1798569,34,122
8907,1798670,34,111
8908,1798637,32,142
8909,1798774,31,117
8910,1798755,31,109
8911,1798858,31,102
8912,1798853,31,117
8913,1799068,32,112
8914,1799054,31,88
8915,1799137,31,166
8916,1799173,145,1362
8917,1800532,28,127
8918,1800555,27,127
8919,1800679,31,127
8920,1800698,27,178
8921,1800875,27,135
8922,1800987,32,112
8923,1801201,28,120
8924,1801073,28,156
8925,1801200,33,129
8926,1801327,28,100
8927,1801320,29,105
8928,1801420,28,111
8929,1801503,28,192
8930,1801700,28,117
8931,1801774,28,107
8932,1801873,33,126
8933,1801866,28,109
8934,1801855,28,118
8935,1801851,28,120
8936,1801941,28,111
8937,1801936,31,149
8938,1802078,27,172
8939,1802105,27,146
8940,1802223,28,98
8941,1802309,28,113
8942,1802307,32,125
8943,1802321,33,109
8944,1802307,27,100
8945,1802278,28,84
8946,1802321,33,129
8947,1802311,33,102
8948,1802409,28,102
8949,1802406,32,168
8950,1802437,28,95
8951,1802449,32,115
8952,1802454,28,106
8953,1802663,28,95
8954,1802548,32,128
8955,1802577,32,133
8956,1802676,27,112
8957,1802776,27,106
8958,1802972,32,150
8959,1803102,29,177
8960,1803270,29,120
8961,1804974,33,150
8962,1805038,33,280
8963,1805297,27,113
8964,1805405,73,148
8965,1805613,28,111
8966,1805840,150,1366
8967,1807072,28,109
8968,1807187,28,101
8969,1807288,28,118
8970,1807409,27,120
8971,1807597,28,96
8972,1807580,29,153
8973,1807742,27,166
8974,1807799,28,113
8975,1808014,33,110
8976,1808013,29,128
8977,1808128,32,163
8978,1808164,28,83
8979,1807962,27,82
8980,1808116,28,106
8981,1808109,27,103
8982,1808180,31,112
8983,1808182,32,117
8984,1808386,27,105
8985,1808359,27,103
8986,1808329,28,83
8987,1808148,28,116
8988,1808361,32,147
8989,1808484,31,106
8990,1808693,27,106
8991,1808782,28,104
8992,1808877,27,97
8993,1808850,27,113
8994,1808828,34,2512
8995,1811343,27,197
8996,1811391,28,118
8997,1811602,28,124
8998,1811612,29,118
8999,1811723,28,107
9000,1811875,46,1443
9001,1813370,28,115
9002,1813555,31,142
9003,1813668,31,201
9004,1813837,32,146
9005,1813953,29,115
9006,1814037,32,114
9007,1814124,32,112
9008,1814208,28,117
9009,1814292,28,106
9010,1814367,28,109
9011,1814445,28,134
9012,1814547,32,133
9013,1814647,28,111
9014,1814727,28,112
9015,1814807,40,118
9016,1814893,35,106
9017,1814971,36,123
9018,1815063,35,122
9019,1815158,31,104
9020,1815231,31,123
9021,1815325,36,134
9022,1815429,31,105
9023,1815506,30,131
9024,1815609,37,107
9025,1815684,31,102
9026,1815643,32,130
9027,1815559,31,89
9028,1815562,91,191
9029,1815555,31,129
9030,1815598,31,119
9031,1815527,36,118
9032,1815564,33,99
9033,1815476,31,113
9034,1815506,31,120
9035,1815423,32,121
9036,1815457,32,116
9037,1815541,32,111
9038,1815621,32,119
9039,1815712,32,115
9040,1815796,32,119
9041,1815884,32,120
9042,1815972,30,123
9043,1816064,36,125
9044,1816160,32,112
9045,1816241,30,114
9046,1816327,31,118
9047,1816414,31,118
9048,1816502,31,112
9049,1816307,30,100
9050,1816379,32,119
9051,1816467,33,125
9052,1816560,37,120
9053,1816649,31,124
9054,1816745,32,128
9055,1816844,32,114
9056,1816927,32,115
9057,1817014,30,117
9058,1817099,32,103
9059,1817171,31,116
9060,1817257,31,102
9061,1817327,31,105
9062,1817403,31,114
9063,1817486,31,115
9064,1817568,31,108
9065,1817644,30,110
9066,1817726,31,112
9067,1817807,35,120
9068,1817900,34,120
9069,1817989,31,117
9070,1818074,31,117
9071,1818162,31,112
9072,1818243,32,115
9073,1818167,32,116
9074,1818201,31,111
9075,1818093,31,102
9076,1817993,32,114
9077,1817918,32,126
9078,1817929,51,195
9079,1818103,37,112
9080,1818019,32,119
9081,1818049,36,112
9082,1817973,33,125
9083,1818016,36,130
9084,1817961,32,184
9085,1818060,34,120
9086,1817967,40,199
9087,1817967,35,119
9088,1818002,45,157
9089,1822242,43,164
9090,1822092,33,264
9091,1822149,35,123
9092,1822056,84,189
9093,1821944,33,112
9094,1821979,33,106
9095,1821913,37,156
9096,1821995,38,187
9097,1822003,46,155
9098,1822069,38,145
9099,1822016,37,131
9100,1822063,33,108
9101,1821956,32,152
9102,1821903,32,104
9103,1821808,31,118
9104,1821820,45,208
9105,1821829,32,125
9106,1821871,32,114
9107,1821797,35,114
9108,1821828,38,134
9109,1821761,47,143
9110,1821815,33,129
9111,1821527,40,135
9112,1821566,36,143
9113,1821623,37,272
9114,1821695,38,103
9115,1821718,36,129
9116,1821624,42,121
9117,1821640,46,153
9118,1821769,37,126
9119,1821687,35,166
9120,1821670,38,136
9121,1821783,42,136
9122,1821693,32,128
9123,1821745,33,122
9124,1821656,33,120
9125,1821687,36,137
9126,1821622,31,110
9127,1821649,31,125
9128,1821567,35,136
9129,1821504,33,140
9130,1821528,32,118
9131,1821441,32,116
9132,1821468,33,122
9133,1821379,32,111
9134,1821288,32,106
9135,1821209,33,122
9136,1821113,31,104
9137,1820918,38,139
9138,1821001,37,151
9139,1820956,33,130
9140,1820802,34,113
9141,1820720,32,124
9142,1820762,31,124
9143,1820670,32,103
9144,1820689,32,118
9145,1820594,32,123
9146,1820528,32,128
9147,1820627,33,102
9148,1820697,33,120
9149,1820791,32,99
9150,1820860,33,118
9151,1820946,32,103
9152,1821022,32,102
9153,1821093,38,123
9154,1821080,32,120
9155,1821168,32,110
9156,1821251,83,169
9157,1821391,32,112
9158,1821472,32,124
9159,1821563,33,100
9160,1821629,32,113
9161,1821709,33,125
9162,1821630,39,168
9163,1821718,38,127
9164,1821657,37,129
9165,1821717,34,118
9166,1821645,32,112
9167,1821673,37,121
9168,1821589,32,193
9169,1821596,34,102
9170,1821484,32,107
9171,1821287,32,116
9172,1821320,32,140
9173,1821357,36,126
9174,1821114,37,136
9175,1821168,36,129
9176,1821077,35,155
9177,1821208,39,206
9178,1821201,32,103
9179,1821116,234,2322
9180,1823329,36,134
9181,1823438,32,129
9182,1823361,46,240
9183,1823528,36,123
9184,1823466,36,121
9185,1823514,46,163
9186,1823489,41,160
9187,1823568,44,178
9188,1823557,36,129
9189,1823606,39,138
9190,1823560,43,211
9191,1823669,35,171
9192,1823810,36,126
9193,1823904,45,160
9194,1824034,35,162
9195,1824167,34,133
9196,1824095,44,132
9197,1824143,34,142
9198,1824102,32,140
9199,1824213,31,107
9200,1824291,36,137
9201,1824212,31,135
9202,1824154,33,127
9203,1823992,43,124
9204,1824030,31,155
9205,1823969,29,149
9206,1823911,30,114
9207,1823821,29,113
9208,1823748,35,110
9209,1823673,30,112
9210,1823595,31,102
9211,1823583,29,171
9212,1823547,28,117
9213,1823581,36,121
9214,1823484,28,108
9215,1823396,34,130
9216,1823415,28,108
9217,1825525,41,142
9218,1825328,49,138
9219,1825389,29,152
9220,1825355,93,187
9221,1825264,34,116
9222,1825299,34,133
9223,1825246,40,136
9224,1825279,40,148
9225,1825209,35,113
9226,1825294,33,142
9227,1825243,33,113
9228,1825275,39,151
9229,1825215,43,143
9230,1825275,45,137
9231,1825215,40,119
9232,1825257,44,149
9233,1825218,47,136
9234,1825273,46,133
9235,1825218,45,157
9236,1825023,36,140
9237,1825068,44,133
9238,1825125,37,152
9239,1825074,37,134
9240,1825029,44,149
9241,1824978,43,137
9242,1824935,45,150
9243,1824873,38,127
9244,1824807,37,117
9245,1824841,40,117
9246,1824859,38,200
9247,1824783,41,139
9248,1824844,36,133
9249,1824771,37,116
9250,1824690,38,152
9251,1824658,46,141
9252,1824600,49,187
9253,1824677,38,126
9254,1824624,44,163
9255,1824708,35,132
9256,1824652,39,120
9257,1824686,39,115
9258,1824594,45,146
9259,1824546,47,144
9260,1824588,39,138
9261,1824507,39,127
9262,1824558,44,148
9263,1824526,44,198
9264,1824651,38,127
9265,1824590,37,132
9266,1824644,37,163
9267,1824624,39,147
9268,1824696,38,128
9269,1824797,40,117
9270,1824892,46,177
9271,1825045,36,125
9272,1825143,44,140
9273,1825258,40,125
9274,1825359,37,130
9275,1825462,36,127
9276,1825564,37,127
9277,1825663,37,119
9278,1825752,38,121
9279,1825850,35,124
9280,1825949,37,133
9281,1826055,39,168
9282,1826199,37,119
9283,1826291,38,119
9284,1826365,98,181
9285,1826518,40,135
9286,1826622,33,115
9287,1826704,33,129
9288,1826805,37,124
9289,1826898,31,157
9290,1827024,33,102
9291,1827101,33,129
9292,1827200,32,137
9293,1827305,31,127
9294,1827400,35,125
9295,1827498,34,152
9296,1827617,34,126
9297,1827522,33,124
9298,1827566,34,124
9299,1827329,34,136
9300,1827360,33,108
9301,1827249,32,131
9302,1827297,42,125
9303,1827236,33,141
9304,1827296,33,141
9305,1827244,123,1765
9306,1828931,42,165
9307,1828904,36,131
9308,1828760,33,128
9309,1828809,34,126
9310,1828743,48,173
9311,1828838,29,102
9312,1828729,38,140
9313,1828786,32,125
9314,1828707,34,115
9315,1828729,37,134
9316,1828645,39,131
9317,1828577,39,130
9318,1828628,34,143
9319,1828588,41,211
9320,1828716,40,213
9321,1828725,33,146
9322,1828672,38,158
9323,1828642,42,139
9324,1828596,29,114
9325,1828522,34,122
9326,1828562,27,115
9327,1828459,30,128
9328,1828469,35,162
9329,1828606,39,140
9330,1828533,37,127
9331,1828571,35,128
9332,1828484,28,130
9333,1828426,28,134
9334,1828359,30,120
9335,1828285,36,153
9336,1828228,29,139
9337,1828164,34,120
9338,1828202,33,122
9339,1828137,35,123
9340,1828186,30,100
9341,1828086,30,112
9342,1828112,30,129
9343,1828054,37,120
9344,1828087,33,173
9345,1830502,43,178
9346,1830346,33,122
9347,1830286,33,156
9348,1830255,107,208
9349,1830267,40,140
9350,1830218,29,115
9351,1830220,40,131
9352,1830149,29,105
9353,1830167,30,122
9354,1830091,33,138
9355,1830153,38,155
9356,1830118,33,123
9357,1830163,32,128
9358,1830098,39,129
9359,1830157,45,137
9360,1830078,38,140
9361,1829805,31,108
9362,1829815,32,114
9363,1829846,33,140
9364,1829775,33,113
9365,1829812,42,200
9366,1829810,39,126
9367,1829856,38,122
9368,1829791,38,166
9369,1829878,44,142
9370,1829817,38,143
9371,1829846,36,242
9372,1829884,38,195
9373,1829998,33,103
9374,1829906,40,137
9375,1829956,33,132
9376,1829881,43,137
9377,1829940,42,147
9378,1830057,32,115
9379,1829972,32,170
9380,1830055,33,127
9381,1829977,39,105
9382,1830005,39,146
9383,1829941,33,129
9384,1829875,32,117
9385,1829905,33,110
9386,1829803,34,114
9387,1829726,38,140
9388,1829656,37,126
9389,1829589,35,186
9390,1829694,32,132
9391,1829630,40,256
9392,1829810,35,209
9393,1829812,34,132
9394,1829753,32,122
9395,1829681,34,134
9396,1829615,40,119
9397,1829629,33,132
9398,1829549,33,120
9399,1829460,40,147
9400,1829388,32,142
9401,1829448,30,123
9402,1829387,37,171
9403,1829490,33,131
9404,1829442,33,146
9405,1829503,54,174
9406,1829510,38,123
9407,1829551,47,144
9408,1829608,136,1944
9409,1831356,48,155
9410,1831256,32,143
9411,1831298,37,215
9412,1831221,80,176
9413,1831191,44,189
9414,1831297,43,166
9415,1831360,38,149
9416,1831237,35,144
9417,1831305,41,182
9418,1831304,40,116
9419,1831345,32,130
9420,1831287,46,175
9421,1831375,41,138
9422,1831305,35,144
9423,1831018,46,157
9424,1831079,36,127
9425,1831126,48,146
9426,1831065,32,127
9427,1830987,42,145
9428,1830944,35,134
9429,1830892,46,164
9430,1830953,38,139
9431,1830885,30,126
9432,1830937,47,159
9433,1830909,34,174
9434,1831001,38,143
9435,1830925,29,211
9436,1830931,33,123
9437,1830859,34,120
9438,1830782,41,125
9439,1830718,32,152
9440,1830663,28,113
9441,1830589,30,118
9442,1830529,33,122
9443,1830449,38,132
9444,1830474,45,155
9445,1830436,31,102
9446,1830457,37,114
9447,1830372,46,212
9448,1830504,28,176
9449,1830497,41,121
9450,1830542,32,239
9451,1830586,41,149
9452,1830662,34,147
9453,1830624,33,128
9454,1830672,32,333
9455,1830811,28,124
9456,1830849,34,127
9457,1830786,28,125
9458,1830815,144,1864
9459,1832488,35,135
9460,1832542,36,122
9461,1832478,29,125
9462,1832332,35,152
9463,1832408,35,193
9464,1832389,37,134
9465,1832317,28,109
9466,1832324,29,121
9467,1832238,44,133
9468,1832293,36,158
9469,1832237,28,108
9470,1832143,36,127
9471,1832073,28,101
9472,1831977,29,93
9473,1834089,29,144
9474,1833987,30,144
9475,1834029,43,138
9476,1833948,70,280
9477,1834039,36,141
9478,1834077,36,117
9479,1834168,33,155
9480,1834297,28,125
9481,1834394,32,170
9482,1834546,34,142
9483,1834659,28,96
9484,1834724,29,102
9485,1834795,29,120
9486,1834589,28,167
9487,1834724,29,120
9488,1834814,27,129
9489,1834913,41,140
9490,1835020,43,133
9491,1835122,34,127
9492,1835218,33,125
9493,1835315,29,122
9494,1835408,31,114
9495,1835490,31,127
9496,1835588,28,107
9497,1835667,28,110
9498,1835747,33,124
9499,1835841,33,140
9500,1835953,45,160
9501,1836084,38,164
9502,1836223,33,137
9503,1836174,32,118
9504,1836213,35,114
9505,1836145,38,175
9506,1836238,35,114
9507,1836153,42,136
9508,1836210,46,129
9509,1836130,48,128
9510,1836062,47,159
9511,1836140,44,159
9512,1836088,43,128
9513,1836007,47,160
9514,1835959,36,133
9515,1835792,46,153
9516,1835863,38,132
9517,1835819,47,153
9518,1835913,43,124
9519,1835858,44,235
9520,1836016,43,137
9521,1835966,36,125
9522,1836016,38,114
9523,1835946,35,277
9524,1836141,44,139
9525,1836095,36,121
9526,1836134,36,147
9527,1836095,36,130
9528,1836147,39,123
9529,1836077,38,116
9530,1836116,38,135
9531,1836041,38,127
9532,1835981,39,133
9533,1835934,45,144
9534,1835888,38,142
9535,1835845,38,120
9536,1835852,36,139
9537,1835787,44,140
9538,1835573,37,140
9539,1835533,37,131
9540,1835555,121,226
9541,1835579,38,122
9542,1835620,35,121
9543,1835558,39,163
9544,1835643,38,128
9545,1835556,37,131
9546,1835487,137,2199
9547,1837504,42,144
9548,1837293,40,211
9549,1837411,32,123
9550,1837459,36,133
9551,1837382,34,182
9552,1837365,45,177
9553,1837465,42,168
9554,1837442,33,178
9555,1837543,34,127
9556,1837491,36,132
9557,1837540,34,120
9558,1837451,41,144
9559,1837515,38,186
9560,1837521,41,128
9561,1837573,41,158
9562,1837548,35,136
9563,1837611,43,153
9564,1837581,40,261
9565,1837763,43,154
9566,1837733,34,113
9567,1837768,36,129
9568,1837688,38,137
9569,1837537,34,133
9570,1837590,44,134
9571,1837546,36,131
9572,1837597,32,133
9573,1837543,34,151
9574,1837618,33,133
9575,1837569,35,134
9576,1837622,43,147
9577,1837560,33,129
9578,1837497,38,139
9579,1837556,40,131
9580,1837476,33,123
9581,1837410,34,152
9582,1837375,35,131
9583,1837432,31,120
9584,1837366,38,141
9585,1837425,32,142
9586,1837352,33,139
9587,1837315,37,147
9588,1837438,35,149
9589,1837560,33,147
9590,1837679,33,131
9591,1837785,43,143
9592,1837905,32,143
9593,1838024,35,127
9594,1838124,32,128
9595,1838223,35,131
9596,1838329,45,150
9597,1838456,41,136
9598,1838565,45,138
9599,1838679,47,173
9600,1838825,44,135
9601,1841335,37,140
9602,1841450,48,138
9603,1841557,44,150
9604,1841680,68,147
9605,1841633,32,151
9606,1841700,31,101
9607,1841587,51,154
9608,1841558,33,192
9609,1841550,46,130
9610,1841489,40,179
9611,1841298,35,152
9612,1841377,38,204
9613,1841374,34,146
9614,1841318,40,138
9615,1841278,34,106
9616,1841186,39,130
9617,1841200,36,131
9618,1841122,33,107
9619,1841163,44,160
9620,1841145,37,139
9621,1841192,35,130
9622,1841117,33,125
9623,1841048,34,122
9624,1840979,32,108
9625,1840897,45,134
9626,1840835,34,170
9627,1840809,35,124
9628,1840744,33,120
9629,1840679,37,137
9630,1840524,34,148
9631,1840579,33,116
9632,1840475,35,146
9633,1840503,35,115
9634,1840419,33,136
9635,1840475,39,130
9636,1840411,39,145
9637,1840473,33,124
9638,1840399,38,143
9639,1840463,40,122
9640,1840397,32,131
9641,1840445,37,126
9642,1840349,45,148
9643,1840308,41,180
9644,1840279,35,143
9645,1840234,40,124
9646,1840073,33,123
9647,1840113,33,145
9648,1840046,32,136
9649,1839990,32,118
9650,1839983,33,176
9651,1839965,43,135
9652,1840023,56,159
9653,1839968,35,133
9654,1839888,38,121
9655,1839983,35,121
9656,1839898,38,144
9657,1839843,39,140
9658,1839714,35,128
9659,1839768,40,127
9660,1839794,32,134
9661,1839845,33,137
9662,1839769,34,119
9663,1839701,35,122
9664,1839708,33,115
9665,1839790,37,127
9666,1839706,33,118
9667,1839634,35,244
9668,1839688,85,189
9669,1839847,41,131
9670,1839799,34,151
9671,1839874,37,134
9672,1839792,36,123
9673,1839514,38,121
9674,1839530,38,154
9675,1839404,144,2190
9676,1841519,44,181
9677,1841483,46,151
9678,1841521,37,132
9679,1841626,52,158
9680,1841579,47,170
9681,1841561,32,202
9682,1841569,34,132
9683,1841588,44,149
9684,1841540,41,260
9685,1841724,47,153
9686,1841694,35,137
9687,1841756,42,195
9688,1841743,45,153
9689,1841608,38,126
9690,1841652,47,140
9691,1841590,36,171
9692,1841646,46,155
9693,1841598,53,150
9694,1841454,40,195
9695,1841571,37,131
9696,1841520,45,146
9697,1841587,45,289
9698,1841690,35,136
9699,1841745,54,264
9700,1841983,35,147
9701,1842101,35,146
9702,1842217,49,155
9703,1842348,40,157
9704,1842479,52,166
9705,1842622,33,136
9706,1842734,36,160
9707,1842873,45,137
9708,1842987,37,146
9709,1843110,33,135
9710,1843223,35,138
9711,1843329,44,153
9712,1843454,45,164
9713,1843590,47,176
9714,1843745,46,152
9715,1843877,39,164
9716,1844018,31,154
9717,1844150,55,160
9718,1844283,35,135
9719,1844392,35,151
9720,1844519,45,154
9721,1844651,34,123
9722,1844750,53,159
9723,1844889,35,129
9724,1844993,45,185
9725,1845154,45,140
9726,1845266,42,107
9727,1845345,39,164
9728,1845485,42,153
9729,1848538,55,191
9730,1848591,35,205
9731,1848769,47,160
9732,1848905,95,243
9733,1849122,44,117
9734,1849215,39,247
9735,1849154,52,165
9736,1849296,40,142
9737,1849416,50,145
9738,1849540,41,156
9739,1849675,33,135
9740,1849626,54,164
9741,1849712,55,170
9742,1849677,40,131
9743,1849596,39,154
9744,1849729,41,138
9745,1849667,42,116
9746,1849761,34,122
9747,1849679,38,139
9748,1849629,37,131
9749,1849572,32,146
9750,1849530,50,161
9751,1849496,36,121
9752,1849506,51,152
9753,1849469,31,145
9754,1849530,47,132
9755,1849556,45,134
9756,1849610,45,155
9757,1849554,36,115
9758,1849493,32,116
9759,1849499,34,118
9760,1849429,37,165
9761,1849520,40,175
9762,1849503,33,116
9763,1849538,32,213
9764,1849539,35,157
9765,1849508,58,253
9766,1849580,40,140
9767,1849526,41,142
9768,1849478,50,148
9769,1849434,40,128
9770,1849376,41,165
9771,1849347,38,118
9772,1849271,34,137
9773,1849298,34,127
9774,1849236,37,166
9775,1849327,45,134
9776,1849256,42,131
9777,1849313,37,144
9778,1849245,35,192
9779,1849357,35,112
9780,1849252,36,128
9781,1849268,40,140
9782,1849206,39,149
9783,1849283,37,161
9784,1849229,42,145
9785,1849182,36,148
9786,1849221,45,140
9787,1849145,53,154
9788,1849227,44,139
9789,1849155,39,161
9790,1849242,42,153
9791,1849177,52,188
9792,1849288,40,172
9793,1849282,41,146
9794,1849096,40,157
9795,1849155,37,145
9796,1849111,119,363
9797,1849270,42,133
9798,1849038,39,130
9799,1849091,47,145
9800,1849052,42,140
9801,1849111,40,145
9802,1849046,40,145
9803,1849084,42,137
9804,1849125,35,165
9805,1849267,44,157
9806,1849218,41,149
9807,1849290,40,133
9808,1849241,40,129
9809,1849296,41,152
9810,1849246,44,133
9811,1849307,41,138
9812,1849262,41,154
9813,1849336,38,129
9814,1849277,41,135
9815,1849337,47,248
9816,1849399,40,128
9817,1849451,44,221
9818,1849463,42,143
9819,1849400,38,142
9820,1849430,46,202
9821,1849425,43,136
9822,1849483,42,140
9823,1849409,47,163
9824,1849499,42,150
9825,1849443,44,131
9826,1849492,41,149
9827,1849444,46,145
9828,1849382,40,151
9829,1849326,42,142
9830,1849264,43,154
9831,1849332,42,150
9832,1849388,45,159
9833,1849268,40,154
9834,1849336,42,142
9835,1849275,42,163
9836,1849326,35,204
9837,1849506,37,168
9838,1849483,40,258
9839,1849652,32,119
9840,1849561,35,132
9841,1849466,41,146
9842,1849531,37,144
9843,1849459,33,118
9844,1849461,49,159
9845,1849589,37,136
9846,1849513,43,143
9847,1849487,39,144
9848,1849429,44,121
9849,1849370,40,247
9850,1849417,47,148
9851,1849487,40,135
9852,1849433,38,147
9853,1849499,40,137
9854,1849449,35,135
9855,1849504,37,133
9856,1849454,36,134
9857,1851746,44,160
9858,1851556,37,125
9859,1851395,38,129
9860,1851165,77,182
9861,1851242,41,154
9862,1851314,41,144
9863,1851272,39,135
9864,1851322,38,157
9865,1851251,40,172
9866,1851312,39,138
9867,1851257,37,156
9868,1851323,38,120
9869,1851238,40,154
9870,1851198,40,183
9871,1851201,32,173
9872,1851194,39,164
9873,1851170,36,141
9874,1851203,42,382
9875,1851393,149,2036
9876,1853355,43,156
9877,1853332,37,163
9878,1853415,34,234
9879,1853444,41,131
9880,1853381,33,143
9881,1853328,48,167
9882,1853303,43,147
9883,1853341,33,147
9884,1853298,34,165
9885,1853382,41,277
9886,1853446,44,245
9887,1853485,45,228
9888,1853614,41,153
9889,1853577,29,121
9890,1853612,48,140
9891,1853546,45,168
9892,1853600,31,145
9893,1853550,35,184
9894,1853654,33,115
9895,1853570,52,185
9896,1853673,46,146
9897,1853626,40,174
9898,1853722,44,225
9899,1853762,34,101
9900,1853786,30,95
9901,1853686,32,163
9902,1853767,36,126
9903,1853697,39,134
9904,1853743,42,180
9905,1853721,28,135
9906,1853653,42,143
9907,1853689,29,122
9908,1853785,30,115
9909,1853689,44,137
9910,1853632,45,256
9911,1853698,45,214
9912,1853724,47,273
9913,1853814,34,231
9914,1853847,34,149
9915,1853887,50,146
9916,1853827,32,157
9917,1853773,37,150
9918,1853736,32,148
9919,1853797,36,150
9920,1853920,43,173
9921,1854064,35,130
9922,1854045,44,153
9923,1853876,44,151
9924,1854004,106,217
9925,1854196,51,178
9926,1854352,44,170
9927,1854498,41,148
9928,1854622,44,152
9929,1854747,53,187
9930,1854909,38,159
9931,1855043,41,151
9932,1855175,56,180
9933,1855327,39,232
9934,1855531,42,143
9935,1855648,43,158
9936,1855781,41,179
9937,1855771,41,156
9938,1855842,52,151
9939,1855809,38,175
9940,1855915,41,201
9941,1855929,36,150
9942,1855993,41,132
9943,1855928,51,151
9944,1855884,52,156
9945,1855963,53,152
9946,1855926,40,141
9947,1855989,36,156
9948,1855953,39,146
9949,1856029,40,119
9950,1855957,43,139
9951,1856002,37,156
9952,1855864,53,156
9953,1855941,54,257
9954,1855993,35,146
9955,1855931,38,145
9956,1855976,37,141
9957,1855916,43,145
9958,1855986,42,133
9959,1855932,42,277
9960,1856133,39,113
9961,1856057,40,167
9962,1856148,41,135
9963,1856099,39,232
9964,1856259,51,207
9965,1856271,41,153
9966,1856343,40,170
9967,1856308,42,142
9968,1856263,41,157
9969,1856320,38,171
9970,1856300,39,164
9971,1856387,40,167
9972,1856372,40,156
9973,1856455,43,128
9974,1856375,41,140
9975,1856326,55,164
9976,1856294,40,158
9977,1856254,40,149
9978,1856210,46,160
9979,1856191,41,145
9980,1856150,38,116
9981,1856081,41,150
9982,1856025,40,156
9983,1856006,40,146
9984,1856045,41,131
9985,1858126,39,173
9986,1858045,39,162
9987,1858021,39,152
9988,1857981,92,228
9989,1858026,47,144
9990,1857988,60,175
9991,1858065,41,160
9992,1858030,41,128
9993,1858080,39,139
9994,1858038,41,147
9995,1858107,42,141
9996,1858033,40,139
9997,1857873,40,125
9998,1857915,38,156
9999,1857866,34,157
10000,1857827,47,2049
10001,1859765,52,166
10002,1859729,42,155
10003,1859808,42,172
10004,1859800,39,162
10005,1859887,38,128
10006,1859830,42,128
10007,1859879,39,189
10008,1859890,44,142
10009,1859950,43,152
10010,1859925,44,143
10011,1859993,42,127
10012,1859933,40,146
10013,1860006,40,159
10014,1859986,41,157
10015,1860063,41,226
10016,1860071,40,153
10017,1860114,49,156
10018,1860077,36,155
10019,1860156,41,114
10020,1860085,41,167
10021,1860175,41,164
10022,1860132,40,142
10023,1860081,44,168
10024,1860065,37,127
10025,1860007,38,209
10026,1860112,42,166
10027,1860094,46,190
10028,1860200,39,138
10029,1860129,53,174
10030,1860105,41,142
10031,1860060,42,120
10032,1859977,41,200
10033,1859979,43,159
10034,1859834,38,150
10035,1859904,40,113
10036,1859827,40,145
10037,1859895,38,131
10038,1859841,43,118
10039,1859885,54,233
10040,1859933,38,154
10041,1859992,40,153
10042,1859939,38,255
10043,1860077,42,154
10044,1860047,40,147
10045,1860104,39,149
10046,1860048,41,150
10047,1859939,36,139
10048,1859975,38,203
10049,1860075,36,183
10050,1859932,40,140
10051,1859979,40,166
10052,1860121,130,231
10053,1860163,44,152
10054,1860227,33,231
10055,1860273,33,143
10056,1860335,40,131
10057,1860258,42,208
10058,1860286,43,253
10059,1860238,41,139
10060,1860298,39,171
10061,1860274,38,163
10062,1860360,42,136
10063,1860312,39,158
10064,1860396,40,253
10065,1860434,39,138
10066,1860463,42,167
10067,1860443,42,167
10068,1860535,52,211
10069,1860564,41,130
10070,1860611,38,144
10071,1860554,40,140
10072,1860621,38,127
10073,1860563,44,154
10074,1860646,48,154
10075,1860607,42,172
10076,1860704,44,217
10077,1860729,53,145
10078,1860596,41,162
10079,1860691,41,134
10080,1860801,39,184
10081,1860780,40,159
10082,1860721,41,146
10083,1860670,40,162
10084,1860626,42,154
10085,1860690,42,160
10086,1860556,39,144
10087,1860620,60,255
10088,1860664,58,241
10089,1860703,44,165
10090,1860685,42,129
10091,1860701,38,229
10092,1860746,41,160
10093,1860828,40,235
10094,1860861,42,162
10095,1860825,54,181
10096,1860897,36,230
10097,1860914,42,160
10098,1860995,36,123
10099,1861020,41,142
10100,1861139,41,170
10101,1861289,43,140
10102,1861231,45,135
10103,1861288,40,188
10104,1861274,41,270
10105,1861357,38,317
10106,1861487,151,2443
10107,1863745,51,188
10108,1863854,47,176
10109,1863842,47,227
10110,1863702,40,169
10111,1863794,44,151
10112,1863738,40,167
10113,1866102,54,170
10114,1865944,39,145
10115,1866031,52,235
10116,1866242,115,255
10117,1866490,43,176
10118,1866648,44,184
10119,1866812,47,182
10120,1866971,35,150
10121,1867099,33,163
10122,1867239,41,191
10123,1867406,42,294
10124,1867676,47,169
10125,1867820,52,220
10126,1868015,33,157
10127,1868150,51,184
10128,1868315,41,177
10129,1868470,39,157
10130,1868604,38,151
10131,1868737,34,159
10132,1868869,37,132
10133,1868990,35,187
10134,1869152,42,127
10135,1869254,35,158
10136,1869387,39,141
10137,1869508,44,165
10138,1869643,33,142
10139,1869587,34,137
10140,1869529,43,186
10141,1869639,35,155
10142,1869585,34,144
10143,1869508,45,148
10144,1869386,36,154
10145,1869461,45,158
10146,1869429,35,144
10147,1869493,34,137
10148,1869450,42,113
10149,1869485,35,148
10150,1869424,47,166
10151,1869398,42,190
10152,1869481,46,189
10153,1869483,46,162
10154,1869572,40,172
10155,1869528,35,137
10156,1869556,44,149
10157,1869505,41,172
10158,1869592,44,127
10159,1869507,43,171
10160,1869485,42,144
10161,1869518,33,127
10162,1869621,40,161
10163,1869606,41,162
10164,1869688,33,137
10165,1869618,50,150
10166,1869585,37,131
10167,1869612,40,176
10168,1869592,53,154
10169,1869670,50,153
10170,1869643,41,159
10171,1869707,40,166
10172,1869626,39,156
10173,1869660,40,147
10174,1869726,40,145
10175,1869671,49,155
10176,1869644,38,162
10177,1869617,40,145
10178,1869631,38,122
10179,1869549,43,169
10180,1869506,116,228
10181,1869535,54,161
10182,1869493,40,128
10183,1869520,42,142
10184,1869458,39,141
10185,1869511,41,165
10186,1869465,40,254
10187,1869533,39,139
10188,1869560,41,166
10189,1869533,57,171
10190,1869628,39,111
10191,1869514,39,142
10192,1869557,46,178
10193,1869560,37,115
10194,1869596,53,168
10195,1869558,38,157
10196,1869521,42,186
10197,1869514,42,149
10198,1869560,45,170
10199,1869528,188,2687
10200,1872140,34,182
10201,1872134,33,171
10202,1872225,45,177
10203,1872187,46,218
10204,1872221,47,173
10205,1872220,39,202
10206,1872250,36,140
10207,1872203,46,153
10208,1872259,39,137
10209,1872189,36,147
10210,1872256,37,222
10211,1872301,41,148
10212,1872373,36,200
10213,1872394,37,145
10214,1872455,36,157
10215,1872427,38,151
10216,1872504,51,175
10217,1872471,50,288
10218,1872569,36,129
10219,1872514,43,168
10220,1872661,30,153
10221,1872599,36,143
10222,1872666,44,276
10223,1872915,46,151
10224,1872863,37,153
10225,1872816,47,149
10226,1872754,35,164
10227,1872740,33,134
10228,1872770,40,135
10229,1872882,38,140
10230,1873003,37,137
10231,1872933,34,176
10232,1872997,27,108
10233,1872923,39,151
10234,1872998,33,136
10235,1872782,42,173
10236,1872877,37,133
10237,1872804,35,117
10238,1872741,40,122
10239,1872669,35,139
10240,1872619,34,156
10241,1874802,39,178
10242,1874764,36,140
10243,1874814,39,158
10244,1874758,100,282
10245,1874839,36,142
10246,1874911,35,229
10247,1874932,38,142
10248,1874883,45,148
10249,1874840,39,158
10250,1874816,53,172
10251,1874881,40,151
10252,1874835,45,196
10253,1874952,49,169
10254,1874914,42,225
10255,1874962,43,158
10256,1874833,50,169
10257,1874923,50,166
10258,1874898,39,142
10259,1874962,48,172
10260,1874956,59,161
10261,1875034,57,169
10262,1875000,39,137
10263,1874933,39,127
10264,1874954,44,209
10265,1874975,40,137
10266,1875037,49,170
10267,1874993,50,168
10268,1874978,46,146
10269,1874939,40,171
10270,1875020,43,151
10271,1874959,48,152
10272,1875037,42,141
10273,1874998,33,118
10274,1875041,41,146
10275,1875005,42,140
10276,1875072,41,143
10277,1875035,41,131
10278,1875094,45,146
10279,1875029,40,159
10280,1875000,43,144
10281,1875031,40,135
10282,1874966,37,123
10283,1875015,42,165
10284,1875001,50,164
10285,1875089,36,158
10286,1875057,41,148
10287,1875019,49,154
10288,1875062,41,132
10289,1874994,53,287
10290,1875204,40,159
10291,1875183,42,154
10292,1875260,42,135
10293,1875300,41,136
10294,1875174,52,165
10295,1875263,43,147
10296,1875205,43,141
10297,1874944,40,123
10298,1874974,43,133
10299,1875032,42,119
10300,1874929,39,222
10301,1874965,36,145
10302,1874915,42,153
10303,1874884,39,133
10304,1874909,40,145
10305,1874944,42,134
10306,1874746,50,173
10307,1874841,41,133
10308,1874948,149,257
10309,1875181,56,200
10310,1875354,38,147
10311,1875480,41,146
10312,1875604,37,145
10313,1875730,41,151
10314,1875866,39,148
10315,1875991,38,130
10316,1876098,39,139
10317,1876211,37,118
10318,1876305,40,138
10319,1876421,40,147
10320,1876541,41,143
10321,1876655,35,115
10322,1876741,39,141
10323,1876860,39,170
10324,1877003,40,148
10325,1877127,42,146
10326,1877246,58,183
10327,1877405,40,171
10328,1877552,39,142
10329,1877673,44,166
10330,1877649,41,146
10331,1877717,42,166
10332,1877779,40,144
10333,1877897,42,139
10334,1877843,47,167
10335,1877928,40,146
10336,1877873,41,148
10337,1877832,44,137
10338,1877891,41,153
10339,1877864,49,227
10340,1878011,40,152
10341,1877980,41,139
10342,1878039,40,145
10343,1878011,49,146
10344,1878077,50,158
10345,1878041,41,149
10346,1878109,39,135
10347,1878063,38,135
10348,1878118,38,140
10349,1878054,45,164
10350,1878106,42,148
10351,1878060,43,169
10352,1878152,40,155
10353,1878131,32,116
10354,1878169,45,156
10355,1878133,43,240
10356,1878301,37,134
10357,1878254,39,158
10358,1878321,39,132
10359,1878140,39,144
10360,1878192,44,144
10361,1878125,42,158
10362,1878090,38,214
10363,1878226,44,182
10364,1878230,40,137
10365,1878283,39,202
10366,1878274,47,162
10367,1878247,40,145
10368,1878180,39,164
10369,1880640,50,172
10370,1880708,40,269
10371,1880764,39,152
10372,1880832,89,218
10373,1880875,39,154
10374,1880954,42,123
10375,1880866,55,194
10376,1880763,44,136
10377,1880822,40,164
10378,1880774,48,162
10379,1880743,42,161
10380,1880722,54,172
10381,1880713,39,168
10382,1880702,38,136
10383,1880658,47,167
10384,1880614,40,188
10385,1880616,41,159
10386,1880698,43,162
10387,1880665,39,138
10388,1880718,39,118
10389,1880654,44,146
10390,1880723,36,147
10391,1880661,40,133
10392,1880683,41,160
10393,1880658,41,139
10394,1880721,39,130
10395,1880760,43,167
10396,1880838,42,144
10397,1880767,42,157
10398,1880846,43,143
10399,1880777,43,151
10400,1880743,43,154
10401,1880787,44,175
10402,1880938,38,147
10403,1880885,40,174
10404,1880984,46,153
10405,1880938,39,154
10406,1880901,39,161
10407,1880878,39,150
10408,1880915,39,142
10409,1880860,39,156
10410,1880935,42,134
10411,1880858,38,140
10412,1880805,41,154
10413,1880847,40,134
10414,1880967,40,144
10415,1880925,49,188
10416,1881038,42,171
10417,1881113,51,155
10418,1881193,44,171
10419,1881182,38,152
10420,1881254,54,156
10421,1881201,36,140
10422,1881101,39,123
10423,1881116,42,138
10424,1881050,36,118
10425,1881082,38,140
10426,1881041,38,141
10427,1881099,34,151
10428,1881062,37,141
10429,1881024,39,153
10430,1881093,34,119
10431,1881006,38,121
10432,1881047,40,159
10433,1881015,42,150
10434,1880840,36,129
10435,1880786,43,127
10436,1880730,94,217
10437,1880738,42,144
10438,1880698,41,153
10439,1880668,51,282
10440,1880737,42,142
10441,1880680,46,286
10442,1880890,54,182
10443,1880886,42,164
10444,1880976,35,147
10445,1880931,41,153
10446,1881004,43,159
10447,1880951,41,153
10448,1881080,39,125
10449,1881022,40,140
10450,1881086,43,148
10451,1881028,42,148
10452,1881105,40,128
10453,1881213,39,166
10454,1881355,41,146
10455,1881475,36,149
10456,1881602,39,119
10457,1881696,42,166
10458,1881844,49,164
10459,1881992,43,144
10460,1882109,42,163
10461,1882249,42,136
10462,1882367,41,156
10463,1882500,41,164
10464,1882640,39,142
10465,1882761,40,162
10466,1882896,40,160
10467,1883032,42,155
10468,1883162,43,141
10469,1883281,41,154
10470,1883414,42,132
10471,1883524,39,146
10472,1883643,41,131
10473,1883754,41,160
10474,1883892,40,138
10475,1884009,38,145
10476,1883962,43,140
10477,1884026,38,139
10478,1883974,39,146
10479,1884043,42,144
10480,1883990,42,141
10481,1884050,42,141
10482,1883995,46,167
10483,1884077,43,163
10484,1883970,56,196
10485,1883986,48,165
10486,1884063,39,143
10487,1884000,40,155
10488,1883963,40,114
10489,1883872,43,144
10490,1883941,43,147
10491,1883984,44,146
10492,1884052,40,144
10493,1884020,51,191
10494,1883932,46,144
10495,1883998,44,140
10496,1883937,39,134
10497,1886017,44,184
10498,1886078,42,170
10499,1886041,44,160
10500,1885909,85,192
10501,1885827,45,152
10502,1885907,52,340
10503,1886073,49,218
10504,1886210,39,174
10505,1886178,44,172
10506,1886157,44,149
10507,1886228,38,159
10508,1886201,41,162
10509,1886291,45,172
10510,1886280,39,138
10511,1886341,41,153
10512,1886303,43,154
10513,1886382,41,133
10514,1886334,45,144
10515,1886411,41,130
10516,1886353,39,152
10517,1886423,38,132
10518,1886543,37,166
10519,1886504,35,138
10520,1886449,47,155
10521,1886425,38,133
10522,1886354,36,123
10523,1886283,35,144
10524,1886400,34,153
10525,1886344,35,149
10526,1886309,38,160
10527,1886176,36,161
10528,1886256,37,144
10529,1886211,38,156
10530,1886281,41,169
10531,1886238,40,127
10532,1886176,33,132
10533,1886107,33,104
10534,1886022,40,135
10535,1885952,40,149
10536,1886029,40,142
10537,1885989,40,129
10538,1886044,41,144
10539,1886094,43,157
10540,1886171,40,138
10541,1886285,42,133
10542,1886317,40,123
10543,1886417,39,152
10544,1886392,37,138
10545,1886448,39,131
10546,1886403,34,137
10547,1886210,34,110
10548,1886290,32,108
10549,1886370,35,146
10550,1886488,36,117
10551,1886577,33,125
10552,1886674,32,136
10553,1886780,34,128
10554,1886876,35,123
10555,1886968,36,127
10556,1887067,34,124
10557,1887163,39,132
10558,1887273,36,147
10559,1887394,32,90
10560,1887455,33,117
10561,1887538,33,109
10562,1887607,33,101
10563,1887677,32,115
10564,1887762,94,186
10565,1887919,32,119
10566,1888004,40,115
10567,1888095,32,104
10568,1888168,32,117
10569,1888251,32,118
10570,1888337,32,123
10571,1888256,34,146
10572,1888101,33,102
10573,1888118,40,131
10574,1888037,39,128
10575,1887955,39,159
10576,1887900,38,138
10577,1887960,38,131
10578,1888067,37,120
10579,1888160,37,147
10580,1888280,35,134
10581,1888391,40,145
10582,1888511,37,119
10583,1888605,38,144
10584,1888722,38,132
10585,1888829,38,129
10586,1888931,41,120
10587,1889026,37,124
10588,1889123,38,144
10589,1889237,38,127
10590,1889340,38,137
10591,1889453,38,120
10592,1889547,37,139
10593,1889659,38,133
10594,1889762,37,123
10595,1889858,35,126
10596,1889955,37,123
10597,1889870,38,122
10598,1889916,39,133
10599,1889955,40,120
10600,1889794,39,134
10601,1889850,39,138
10602,1889773,41,127
10603,1889708,38,151
10604,1889674,36,124
10605,1889718,39,123
10606,1889651,39,133
10607,1889699,39,152
10608,1889664,39,125
10609,1889622,39,127
10610,1889654,39,133
10611,1889706,40,146
10612,1889666,40,138
10613,1889728,37,146
10614,1889689,36,128
10615,1889739,36,135
10616,1889684,36,123
10617,1889728,37,129
10618,1889760,38,136
10619,1889816,37,131
10620,1889921,39,134
10621,1889954,37,132
10622,1890058,38,123
10623,1889977,36,111
10624,1890010,37,125
10625,1893408,36,137
10626,1893467,37,137
10627,1893421,39,129
10628,1893468,80,173
10629,1893437,37,116
10630,1893473,36,122
10631,1893386,36,142
10632,1893336,39,159
10633,1893308,38,156
10634,1893384,36,130
10635,1893303,36,140
10636,1893252,37,143
10637,1893200,38,138
10638,1893226,35,116
10639,1893315,38,171
10640,1893276,36,131
10641,1893219,39,132
10642,1893150,37,128
10643,1893075,38,139
10644,1893027,38,148
10645,1892959,38,140
10646,1892803,39,128
10647,1892853,38,150
10648,1892817,39,162
10649,1892902,37,129
10650,1892822,36,124
10651,1892762,38,141
10652,1892791,39,161
10653,1892760,37,140
10654,1892823,36,132
10655,1892854,39,149
10656,1892919,38,132
10657,1892858,39,142
10658,1892912,39,126
10659,1892828,37,131
10660,1892761,36,125
10661,1892699,41,138
10662,1892648,38,146
10663,1892691,38,126
10664,1892611,37,149
10665,1892678,36,259
10666,1892730,36,128
10667,1892670,37,127
10668,1892614,37,127
10669,1892630,37,129
10670,1892558,37,118
10671,1892508,39,134
10672,1892546,38,131
10673,1892600,36,147
10674,1892532,38,126
10675,1892471,37,132
10676,1892410,38,126
10677,1892350,38,131
10678,1892287,38,129
10679,1892227,38,131
10680,1892168,37,114
10681,1892092,37,164
10682,1892069,41,127
10683,1891902,39,122
10684,1891945,36,122
10685,1891875,37,125
10686,1891923,38,139
10687,1891875,40,125
10688,1891919,37,125
10689,1891843,39,126
10690,1891890,38,136
10691,1891833,39,133
10692,1891885,79,179
10693,1891854,40,122
10694,1891777,40,127
10695,1891610,38,133
10696,1891666,36,134
10697,1891608,39,136
10698,1891667,37,137
10699,1891611,39,136
10700,1891671,39,125
10701,1891612,37,130
10702,1891666,38,126
10703,1891607,36,131
10704,1891662,38,136
10705,1891610,38,128
10706,1891658,37,133
10707,1891582,41,140
10708,1891537,40,126
10709,1891478,39,131
10710,1891420,40,120
10711,1891359,38,129
10712,1891298,38,119
10713,1891221,40,135
10714,1891173,33,112
10715,1891091,34,119
10716,1891010,32,119
10717,1891013,34,108
10718,1890916,34,130
10719,1890960,35,114
10720,1890863,33,124
10721,1890786,33,102
10722,1890808,37,145
10723,1890768,36,145
10724,1890837,38,157
10725,1890786,38,142
10726,1890731,33,137
10727,1890671,35,120
10728,1890710,37,142
10729,1890754,35,136
10730,1890624,40,109
10731,1890651,36,128
10732,1890593,40,148
10733,1890662,36,116
10734,1890577,40,111
10735,1890607,42,154
10736,1890547,37,139
10737,1890485,38,141
10738,1890425,39,151
10739,1890387,42,160
10740,1890360,40,128
10741,1890302,35,151
10742,1890262,40,146
10743,1890215,39,164
10744,1890200,39,172
10745,1890181,46,153
10746,1890133,39,158
10747,1890216,42,137
10748,1890141,39,182
10749,1890129,34,148
10750,1890200,39,160
10751,1890179,37,150
10752,1890249,36,148
10753,1892456,38,157
10754,1892195,39,160
10755,1892278,42,162
10756,1892236,89,181
10757,1892226,37,147
10758,1892176,44,169
10759,1892148,39,161
10760,1892125,42,142
10761,1892072,42,166
10762,1892129,41,126
10763,1892053,38,147
10764,1892124,34,133
10765,1892068,38,127
10766,1892112,47,120
10767,1892052,39,154
10768,1892128,40,129
10769,1892065,41,141
10770,1892122,37,117
10771,1892212,39,157
10772,1892347,42,153
10773,1892476,39,125
10774,1892577,40,126
10775,1892681,40,137
10776,1892795,40,146
10777,1892920,40,139
10778,1893033,41,152
10779,1893166,38,147
10780,1893281,44,113
10781,1893372,40,162
10782,1893507,44,148
10783,1893635,41,137
10784,1893745,40,135
10785,1893853,40,137
10786,1893967,39,131
10787,1894074,41,136
10788,1894190,49,149
10789,1894317,37,108
10790,1894399,42,150
10791,1894528,41,149
10792,1894648,40,151
10793,1894771,40,163
10794,1894911,39,158
10795,1895048,39,203
10796,1894988,45,149
10797,1895098,41,146
10798,1895060,37,151
10799,1895125,40,161
10800,1895076,41,140
10801,1895028,41,136
10802,1894968,40,163
10803,1894945,41,134
10804,1894898,40,153
10805,1894867,40,132
10806,1894810,41,139
10807,1894768,39,128
10808,1894713,40,154
10809,1894669,48,165
10810,1894740,39,146
10811,1894677,38,156
10812,1894754,39,145
10813,1894713,39,143
10814,1894781,40,148
10815,1894745,40,160
10816,1894922,37,159
10817,1894868,44,158
10818,1894764,40,162
10819,1894654,45,143
10820,1894723,118,237
10821,1894750,44,149
10822,1894821,41,163
10823,1894799,42,141
10824,1894862,41,147
10825,1894802,41,151
10826,1894765,40,162
10827,1894737,40,132
10828,1894684,42,141
10829,1894642,44,162
10830,1894623,41,141
10831,1894579,41,165
10832,1894627,41,147
10833,1894752,47,168
10834,1894720,39,126
10835,1894662,41,152
10836,1894718,39,161
10837,1894675,40,148
10838,1894726,39,110
10839,1894640,35,128
10840,1894568,40,151
10841,1894536,43,145
10842,1894582,39,142
10843,1894504,43,150
10844,1894582,39,163
10845,1894564,43,160
10846,1894650,42,151
10847,1894626,42,151
10848,1894698,40,183
10849,1894681,38,208
10850,1894712,42,162
10851,1894685,39,143
10852,1894808,39,137
10853,1894922,40,131
10854,1895030,42,149
10855,1895155,43,144
10856,1895277,42,139
10857,1895394,40,189
10858,1895560,40,142
10859,1895393,44,159
10860,1895528,42,152
10861,1895658,40,136
10862,1895773,40,157
10863,1895909,38,139
10864,1896027,43,151
10865,1896155,38,145
10866,1896285,40,131
10867,1896394,39,147
10868,1896514,39,163
10869,1896655,40,148
10870,1896780,43,144
10871,1896747,40,155
10872,1896825,41,137
10873,1896870,44,151
10874,1896749,41,145
10875,1896812,43,140
10876,1896747,40,147
10877,1896821,38,144
10878,1896771,44,142
10879,1896832,40,147
10880,1896783,41,165
10881,1899310,42,197
10882,1899082,52,172
10883,1899185,42,152
10884,1899130,105,223
10885,1899275,40,151
10886,1899245,40,113
10887,1899286,44,160
10888,1899267,39,145
10889,1899334,41,166
10890,1899324,39,162
10891,1899293,43,140
10892,1899354,38,162
10893,1899329,40,136
10894,1899379,41,153
10895,1899320,38,131
10896,1899161,40,149
10897,1899235,41,147
10898,1899191,36,141
10899,1899257,43,128
10900,1899175,40,130
10901,1899115,44,142
10902,1899188,39,153
10903,1899163,41,149
10904,1899233,41,154
10905,1899203,40,149
10906,1899272,41,156
10907,1899229,41,146
10908,1899301,40,150
10909,1899256,37,135
10910,1899313,40,142
10911,1899270,40,150
10912,1899344,43,148
10913,1899277,42,165
10914,1899370,43,165
10915,1899352,37,120
10916,1899395,40,152
10917,1899333,38,134
10918,1899286,42,135
10919,1899228,40,151
10920,1899300,42,154
10921,1899165,40,150
10922,1899220,39,140
10923,1899157,41,140
10924,1899189,40,138
10925,1899136,38,143
10926,1899205,43,145
10927,1899173,43,162
10928,1899257,49,156
10929,1899234,42,166
10930,1899322,38,138
10931,1899255,48,170
10932,1899219,38,135
10933,1899171,39,168
10934,1899150,40,158
10935,1899114,39,161
10936,1899255,43,137
10937,1899193,40,145
10938,1899267,39,152
10939,1899233,39,143
10940,1899299,44,182
10941,1899297,41,138
10942,1899360,40,141
10943,1899315,38,154
10944,1899472,39,132
10945,1899398,40,133
10946,1899334,45,162
10947,1899469,37,151
10948,1899426,104,192
10949,1899544,40,159
10950,1899511,44,157
10951,1899591,39,133
10952,1899536,39,265
10953,1899727,39,146
10954,1899690,43,146
10955,1899755,45,154
10956,1899705,40,155
10957,1899671,40,213
10958,1899708,43,162
10959,1899687,57,213
10960,1899700,38,151
10961,1899661,40,158
10962,1899627,41,183
10963,1899714,41,142
10964,1899665,40,165
10965,1899751,41,146
10966,1899722,39,146
10967,1899796,43,146
10968,1899918,41,143
10969,1899847,42,163
10970,1899987,42,164
10971,1899945,39,153
10972,1899904,39,144
10973,1899938,40,136
10974,1899870,40,135
10975,1899929,42,138
10976,1899885,31,139
10977,1899938,41,144
10978,1899872,39,154
10979,1899853,44,141
10980,1899795,42,142
10981,1899748,38,130
10982,1899676,36,142
10983,1899628,41,145
10984,1899665,38,141
10985,1899731,39,162
10986,1899707,41,154
10987,1899787,44,167
10988,1899743,44,152
10989,1899711,38,166
10990,1899765,41,128
10991,1899695,41,154
10992,1899775,38,152
10993,1899910,41,133
10994,1899859,40,153
10995,1899934,41,157
10996,1899896,41,142
10997,1899958,42,150
10998,1899926,39,158
10999,1899981,39,140
11000,1900044,42,1939
11001,1901958,42,171
11002,1902108,40,165
11003,1902248,40,144
11004,1902367,39,142
11005,1902483,37,168
11006,1902630,42,142
11007,1902745,44,155
11008,1902871,39,139
11009,1905331,45,169
11010,1905379,40,151
11011,1905507,41,154
11012,1905642,89,222
11013,1905841,44,168
11014,1905980,42,151
11015,1906108,42,160
11016,1906244,43,171
11017,1906398,40,142
11018,1906513,45,158
11019,1906650,40,136
11020,1906760,42,143
11021,1906881,41,216
11022,1907074,44,164
11023,1907216,44,160
11024,1907354,43,144
11025,1907295,40,123
11026,1907338,40,161
11027,1907286,41,147
11028,1907247,43,163
11029,1907331,40,150
11030,1907270,40,159
11031,1907240,41,130
11032,1907292,42,136
11033,1907243,40,158
11034,1907317,40,152
11035,1907281,41,163
11036,1907359,39,156
11037,1907306,40,145
11038,1907264,42,258
11039,1907339,35,137
11040,1907382,39,136
11041,1907312,41,153
11042,1907381,42,153
11043,1907353,43,136
11044,1907412,40,127
11045,1907358,41,148
11046,1907196,41,151
11047,1907276,34,152
11048,1907238,41,150
11049,1907312,38,189
11050,1907315,38,146
11051,1907386,42,158
11052,1907358,41,131
11053,1907409,41,161
11054,1907365,41,171
11055,1907336,39,145
11056,1907281,42,161
11057,1907250,40,161
11058,1907211,41,158
11059,1907252,38,130
11060,1907360,45,143
11061,1907292,34,127
11062,1907346,40,140
11063,1907303,41,149
11064,1907377,41,165
11065,1907359,38,134
11066,1907409,40,154
11067,1907367,43,130
11068,1907382,43,162
11069,1907356,38,154
11070,1907432,43,158
11071,1907397,43,162
11072,1907533,38,147
11073,1907491,41,145
11074,1907311,40,142
11075,1907269,40,145
11076,1907213,124,234
11077,1907265,46,151
11078,1907117,38,140
11079,1907182,55,267
11080,1907263,38,140
11081,1907324,43,147
11082,1907266,37,155
11083,1907243,41,140
11084,1907194,38,151
11085,1907157,43,146
11086,1907122,41,157
11087,1907094,36,138
11088,1907120,33,136
11089,1907073,40,162
11090,1907155,39,160
11091,1907225,45,169
11092,1907311,43,156
11093,1907258,40,155
11094,1907234,43,146
11095,1907281,39,148
11096,1907237,41,145
11097,1907303,34,123
11098,1907249,43,153
11099,1907325,40,146
11100,1907372,38,135
11101,1907415,38,141
11102,1907535,38,182
11103,1907516,42,304
11104,1907740,39,149
11105,1907683,37,173
11106,1907560,38,147
11107,1907496,43,175
11108,1907330,41,158
11109,1907468,41,157
11110,1907605,38,141
11111,1907724,40,161
11112,1907862,39,142
11113,1907987,42,158
11114,1908116,46,264
11115,1908356,40,180
11116,1908513,42,146
11117,1908636,41,151
11118,1908764,40,155
11119,1908899,39,139
11120,1909017,42,155
11121,1909151,40,162
11122,1909290,40,136
11123,1909399,38,171
11124,1909543,41,148
11125,1909666,36,127
11126,1909766,37,140
11127,1909887,41,166
11128,1910027,39,151
11129,1910153,40,173
11130,1910306,38,146
11131,1910431,39,152
11132,1910473,43,147
11133,1910430,43,164
11134,1910571,39,155
11135,1910700,41,143
11136,1910651,41,142
11137,1913266,46,169
11138,1913337,44,156
11139,1913471,36,138
11140,1913403,103,222
11141,1913550,40,164
11142,1913498,38,152
11143,1913574,40,132
11144,1913607,39,161
11145,1913685,40,167
11146,1913653,40,124
11147,1913698,40,147
11148,1913628,41,148
11149,1913697,42,157
11150,1913641,41,155
11151,1913714,41,155
11152,1913771,36,133
11153,1913820,39,158
11154,1913956,40,137
11155,1914069,33,107
11156,1914147,42,147
11157,1914087,40,158
11158,1914167,32,137
11159,1914206,36,127
11160,1914245,34,183
11161,1914400,42,165
11162,1914373,41,146
11163,1914446,34,141
11164,1914395,33,133
11165,1914451,42,139
11166,1914488,44,162
11167,1914577,44,176
11168,1914573,40,145
11169,1914643,42,166
11170,1914606,43,169
11171,1914442,41,153
11172,1914522,40,138
11173,1914476,35,130
11174,1914531,42,130
11175,1914461,41,175
11176,1914557,40,160
11177,1914531,45,167
11178,1914615,41,153
11179,1914674,41,158
11180,1914757,39,139
11181,1914691,41,144
11182,1914650,39,129
11183,1914707,41,140
11184,1914746,40,136
11185,1914797,42,145
11186,1914923,37,141
11187,1914853,40,152
11188,1914803,42,141
11189,1914866,34,155
11190,1914898,43,139
11191,1914958,37,145
11192,1914892,40,139
11193,1914765,42,142
11194,1914841,40,148
11195,1914886,43,149
11196,1914958,42,180
11197,1914939,41,130
11198,1914992,40,141
11199,1915104,42,132
11200,1915139,40,145
11201,1915251,44,149
11202,1915049,42,155
11203,1915129,41,150
11204,1915088,91,196
11205,1915195,42,159
11206,1915248,44,138
11207,1915309,40,150
11208,1915272,41,146
11209,1915347,43,149
11210,1915399,40,172
11211,1915297,38,141
11212,1915360,38,135
11213,1915375,38,139
11214,1915443,37,138
11215,1915371,42,135
11216,1915432,42,146
11217,1915554,42,133
11218,1915501,40,130
11219,1915553,47,134
11220,1915592,41,167
11221,1915733,41,168
11222,1915708,38,156
11223,1915786,41,203
11224,1915964,42,150
11225,1915936,40,140
11226,1915999,41,125
11227,1915941,43,138
11228,1915997,43,150
11229,1916046,41,145
11230,1916116,39,162
11231,1916072,42,138
11232,1916014,40,140
11233,1915904,40,132
11234,1915941,40,156
11235,1915903,41,152
11236,1915850,41,151
11237,1915921,41,152
11238,1915963,41,134
11239,1916072,44,139
11240,1916023,41,138
11241,1916078,43,159
11242,1916141,37,157
11243,1916036,40,152
11244,1916115,40,136
11245,1916158,41,149
11246,1916227,40,142
11247,1916170,40,194
11248,1916168,42,146
11249,1916123,42,179
11250,1916122,42,157
11251,1916089,38,126
11252,1916112,41,147
11253,1916071,46,152
11254,1916146,42,154
11255,1916206,39,144
11256,1916065,40,139
11257,1916010,39,221
11258,1916149,41,126
11259,1916253,40,145
11260,1916375,41,147
11261,1916308,38,139
11262,1916244,41,144
11263,1916313,38,126
11264,1916236,41,133
11265,1918374,40,161
11266,1918509,41,180
11267,1918663,41,162
11268,1918804,108,233
11269,1919018,43,176
11270,1919171,38,166
11271,1919314,37,163
11272,1919460,38,153
11273,1919588,39,167
11274,1919731,35,137
11275,1919842,42,147
11276,1919964,40,125
11277,1920074,39,142
11278,1920195,39,138
11279,1920308,38,125
11280,1920399,38,135
11281,1920512,39,146
11282,1920633,38,122
11283,1920724,35,151
11284,1920850,42,165
11285,1920993,42,163
11286,1921133,41,152
11287,1921261,38,145
11288,1921386,40,146
11289,1921507,41,193
11290,1921677,40,150
11291,1921805,39,158
11292,1921930,42,133
11293,1921855,40,155
11294,1921932,42,132
11295,1921794,41,153
11296,1921917,40,138
11297,1921873,44,144
11298,1921942,40,141
11299,1921893,45,132
11300,1921949,40,138
11301,1921985,37,164
11302,1922074,39,254
11303,1922151,39,155
11304,1922229,39,155
11305,1922204,41,142
11306,1922270,41,163
11307,1922248,43,142
11308,1922315,43,148
11309,1922283,35,156
11310,1922348,44,136
11311,1922384,44,159
11312,1922521,38,141
11313,1922464,40,225
11314,1922613,43,147
11315,1922672,42,157
11316,1922751,41,129
11317,1922669,44,167
11318,1922653,43,134
11319,1922597,42,206
11320,1922618,39,146
11321,1922576,42,148
11322,1922541,74,171
11323,1922506,44,163
11324,1922558,41,159
11325,1922530,41,162
11326,1922615,39,157
11327,1922569,42,154
11328,1922529,38,155
11329,1922488,39,138
11330,1922375,40,151
11331,1922459,42,120
11332,1922554,119,252
11333,1922783,42,156
11334,1922916,40,145
11335,1923034,33,105
11336,1923118,40,163
11337,1923262,40,252
11338,1923489,40,162
11339,1923630,40,150
11340,1923757,41,158
11341,1923891,39,153
11342,1924022,46,153
11343,1924150,40,154
11344,1924285,40,204
11345,1924466,35,155
11346,1924598,44,167
11347,1924743,37,154
11348,1924867,37,156
11349,1925003,42,165
11350,1925148,40,164
11351,1925295,40,157
11352,1925428,40,145
11353,1925547,40,151
11354,1925677,41,168
11355,1925821,42,135
11356,1925931,41,168
11357,1926076,41,125
11358,1926088,43,150
11359,1926217,42,138
11360,1926333,42,146
11361,1926458,42,137
11362,1926570,41,162
11363,1926714,42,141
11364,1926831,42,164
11365,1926795,42,153
11366,1926652,40,144
11367,1926714,45,156
11368,1926666,39,125
11369,1926586,43,146
11370,1926542,38,153
11371,1926590,45,144
11372,1926711,39,157
11373,1926842,40,134
11374,1926951,40,159
11375,1927085,43,167
11376,1927227,41,164
11377,1927372,40,126
11378,1927477,41,146
11379,1927597,38,150
11380,1927720,40,150
11381,1927847,42,135
11382,1927960,40,140
11383,1928080,40,140
11384,1928192,40,132
11385,1928298,44,157
11386,1928437,40,142
11387,1928554,43,147
11388,1928676,43,149
11389,1928622,42,140
11390,1928684,39,136
11391,1928733,42,150
11392,1928809,47,144
11393,1930804,40,175
11394,1930515,40,155
11395,1930489,41,152
11396,1930451,92,204
11397,1930470,41,150
11398,1930429,41,153
11399,1930475,37,140
11400,1930423,41,136
11401,1930478,43,152
11402,1930438,42,165
11403,1930527,42,162
11404,1930510,41,146
11405,1930578,39,161
11406,1930716,42,149
11407,1930665,40,199
11408,1930664,38,151
11409,1930625,43,144
11410,1930584,40,268
11411,1930828,42,145
11412,1930783,38,256
11413,1930960,40,141
11414,1931004,40,154
11415,1930878,38,160
11416,1930961,41,167
11417,1930928,40,129
11418,1930981,39,146
11419,1930914,41,165
11420,1930821,39,150
11421,1930850,39,136
11422,1930877,40,146
11423,1930830,43,163
11424,1930917,34,138
11425,1930958,42,134
11426,1931014,43,140
11427,1930950,42,149
11428,1931022,41,144
11429,1930964,39,161
11430,1930939,44,152
11431,1930899,39,141
11432,1930937,39,175
11433,1931088,37,135
11434,1931200,35,140
11435,1931126,44,175
11436,1931224,41,147
11437,1931162,42,151
11438,1931122,42,156
11439,1931071,35,132
11440,1931181,53,236
11441,1931233,43,156
11442,1931311,43,258
11443,1931357,38,159
11444,1931336,40,140
11445,1931296,40,191
11446,1931291,41,148
11447,1931335,40,139
11448,1931282,45,142
11449,1931352,42,149
11450,1931283,38,127
11451,1931208,35,117
11452,1931139,40,202
11453,1931155,41,149
11454,1931113,39,144
11455,1931141,38,161
11456,1931379,41,147
11457,1931499,38,165
11458,1931396,40,169
11459,1931472,43,154
11460,1931408,93,227
11461,1931437,41,158
11462,1931411,41,174
11463,1931381,42,139
11464,1931408,40,162
11465,1931380,48,197
11466,1931500,38,156
11467,1931468,43,149
11468,1931538,43,154
11469,1931506,38,145
11470,1931570,41,128
11471,1931518,38,129
11472,1931566,36,138
11473,1931513,41,158
11474,1931594,40,166
11475,1931551,37,124
11476,1931479,42,147
11477,1931436,39,136
11478,1931378,42,154
11479,1931352,40,154
11480,1931482,40,152
11481,1931615,42,164
11482,1931753,42,141
11483,1931762,40,137
11484,1931883,43,142
11485,1931996,41,138
11486,1932117,39,145
11487,1932233,40,159
11488,1932370,40,155
11489,1932501,43,158
11490,1932634,47,134
11491,1932760,43,173
11492,1932905,40,129
11493,1933004,44,144
11494,1933121,40,155
11495,1933257,39,142
11496,1933372,40,141
11497,1933486,42,142
11498,1933603,61,192
11499,1933777,38,157
11500,1933722,39,139
11501,1933654,41,133
11502,1933603,42,162
11503,1933582,42,146
11504,1933642,44,152
11505,1933594,42,163
11506,1933571,40,153
11507,1933532,40,146
11508,1933485,39,158
11509,1933575,41,143
11510,1933536,40,152
11511,1933608,42,137
11512,1933567,40,163
11513,1933656,39,156
11514,1933636,39,143
11515,1933705,40,149
11516,1933673,41,141
11517,1933738,39,140
11518,1933674,41,145
11519,1933699,40,156
11520,1933750,39,146
11521,1936110,46,203
11522,1935997,38,156
11523,1935973,42,170
11524,1935954,100,195
11525,1935961,41,139
11526,1935904,43,155
11527,1935865,40,144
11528,1935827,45,169
11529,1935895,42,150
11530,1935855,39,142
11531,1935919,39,145
11532,1935849,40,128
11533,1935794,40,162
11534,1935776,41,268
11535,1935941,42,261
11536,1935999,42,129
11537,1936060,40,137
11538,1936172,47,166
11539,1936317,38,124
11540,1936385,39,136
11541,1936489,41,155
11542,1936617,41,254
11543,1936849,40,141
11544,1936967,38,262
11545,1937130,46,177
11546,1937277,40,167
11547,1937427,42,143
11548,1937541,43,269
11549,1937787,41,165
11550,1937928,40,174
11551,1938084,45,146
11552,1938203,40,161
11553,1938342,38,145
11554,1938463,39,147
11555,1938589,42,147
11556,1938717,41,163
11557,1938850,39,152
11558,1938981,42,142
11559,1939102,41,206
11560,1939287,39,131
11561,1939399,47,139
11562,1939523,43,242
11563,1939553,34,129
11564,1939384,40,151
11565,1939461,40,152
11566,1939428,41,171
11567,1939522,42,168
11568,1939511,42,140
11569,1939627,42,176
11570,1939598,40,152
11571,1939559,39,231
11572,1939600,39,140
11573,1939558,41,147
11574,1939515,41,148
11575,1939478,40,132
11576,1939502,44,169
11577,1939468,42,160
11578,1939549,41,155
11579,1939499,41,143
11580,1939564,39,134
11581,1939516,44,143
11582,1939588,40,147
11583,1939564,41,154
11584,1939637,40,151
11585,1939578,40,145
11586,1939469,40,147
11587,1939343,40,132
11588,1939395,108,193
11589,1939489,45,158
11590,1939623,42,153
11591,1939560,40,125
11592,1939606,41,159
11593,1939559,41,162
11594,1939532,44,153
11595,1939660,41,135
11596,1939607,41,124
11597,1939647,42,115
11598,1939556,42,159
11599,1939530,41,143
11600,1939476,44,163
11601,1939457,38,141
11602,1939487,42,173
11603,1939463,41,159
11604,1939540,43,162
11605,1939605,40,157
11606,1939738,41,147
11607,1939607,39,190
11608,1939600,40,171
11609,1939691,39,163
11610,1939636,40,146
11611,1939699,42,141
11612,1939631,42,154
11613,1939595,41,144
11614,1939661,46,149
11615,1939617,41,144
11616,1939686,40,155
11617,1939662,43,144
11618,1939726,42,151
11619,1939697,37,134
11620,1939558,39,159
11621,1939651,41,170
11622,1939610,39,138
11623,1939558,39,171
11624,1939618,44,143
11625,1939740,41,132
11626,1939665,43,149
11627,1939635,45,147
11628,1939600,39,149
11629,1939568,39,156
11630,1939541,38,140
11631,1939492,40,141
11632,1939452,39,138
11633,1939408,41,153
11634,1939374,40,159
11635,1939233,38,152
11636,1939305,38,138
11637,1939254,40,158
11638,1939341,41,143
11639,1939285,40,157
11640,1939364,41,131
11641,1939287,36,116
11642,1939199,37,145
11643,1939058,40,188
11644,1939165,42,169
11645,1939156,42,163
11646,1939028,41,159
11647,1939114,40,156
11648,1939083,39,149
11649,1941672,49,160
11650,1941502,44,162
11651,1941572,41,113
11652,1941513,105,208
11653,1941505,42,140
11654,1941565,42,174
11655,1941557,40,140
11656,1941617,42,156
11657,1941595,40,171
11658,1941686,41,148
11659,1941730,39,162
11660,1941869,41,153
11661,1941997,39,150
11662,1941964,39,156
11663,1942043,38,145
11664,1941994,40,147
11665,1942071,40,161
11666,1942042,39,143
11667,1942104,40,157
11668,1942166,42,145
11669,1942235,40,150
11670,1942034,41,152
11671,1942090,39,157
11672,1941951,39,148
11673,1942021,41,147
11674,1941966,38,159
11675,1941935,43,161
11676,1942018,40,138
11677,1941975,40,137
11678,1942028,40,162
11679,1941990,41,140
11680,1941937,40,155
11681,1941902,42,136
11682,1941841,39,145
11683,1941909,42,132
11684,1941857,42,144
11685,1941928,40,155
11686,1941869,41,138
11687,1941812,39,135
11688,1941755,43,146
11689,1941707,43,157
11690,1941688,40,161
11691,1941662,38,171
11692,1941641,38,156
11693,1941609,40,159
11694,1941484,39,209
11695,1941605,38,121
11696,1941532,40,137
11697,1941485,39,128
11698,1941429,39,151
11699,1941381,39,146
11700,1941335,45,182
11701,1941318,40,154
11702,1941271,37,145
11703,1941213,43,155
11704,1941185,42,132
11705,1941215,39,149
11706,1941159,41,146
11707,1941229,41,147
11708,1941197,38,139
11709,1941253,42,140
11710,1941188,41,164
11711,1941166,41,162
11712,1941220,42,156
11713,1941184,44,169
11714,1941123,41,127
11715,1941149,41,150
11716,1941092,97,240
11717,1941132,43,183
11718,1941096,42,143
11719,1941036,41,221
11720,1941151,44,142
11721,1941090,39,165
11722,1941181,38,142
11723,1941144,39,139
11724,1941201,39,132
11725,1941131,42,145
11726,1941074,45,143
11727,1941026,41,175
11728,1941095,37,153
11729,1941035,41,134
11730,1941094,41,149
11731,1941061,51,270
11732,1940985,41,161
11733,1941056,37,222
11734,1941202,39,179
11735,1941167,39,158
11736,1941241,37,167
11737,1941208,43,166
11738,1941278,40,153
11739,1941355,38,150
11740,1941481,42,221
11741,1941680,40,144
11742,1941801,45,229
11743,1942007,42,162
11744,1942145,34,130
11745,1942231,39,158
11746,1942367,41,148
11747,1942487,40,149
11748,1942616,40,138
11749,1942730,40,150
11750,1942859,43,138
11751,1942972,41,304
11752,1943252,42,141
11753,1943370,41,153
11754,1943500,41,180
11755,1943658,40,143
11756,1943779,46,152
11757,1943911,40,156
11758,1944039,41,145
11759,1944162,42,152
11760,1944288,42,203
11761,1944473,43,156
11762,1944607,41,159
11763,1944739,46,129
11764,1944687,44,179
11765,1944794,40,168
11766,1944760,41,132
11767,1944816,36,196
11768,1944830,38,171
11769,1944926,43,145
11770,1944885,46,143
11771,1944962,41,170
11772,1944941,40,194
11773,1945059,40,214
11774,1945061,40,148
11775,1945028,40,173
11776,1944981,42,182
11777,1947200,44,207
11778,1947003,40,170
11779,1947070,39,153
11780,1947022,93,225
11781,1947173,39,170
11782,1947136,35,134
11783,1947086,40,347
11784,1947238,40,171
11785,1947223,42,144
11786,1947188,40,160
11787,1947144,43,182
11788,1947247,39,167
11789,1947234,40,143
11790,1947297,41,138
11791,1947249,37,137
11792,1947310,42,145
11793,1947270,40,138
11794,1947330,40,147
11795,1947094,44,147
11796,1946953,38,156
11797,1947033,42,135
11798,1946979,45,175
11799,1947074,46,180
11800,1947068,45,168
11801,1947161,44,163
11802,1947102,41,131
11803,1947154,44,155
11804,1947126,41,172
11805,1947217,42,153
11806,1947166,42,163
11807,1947135,32,144
11808,1946987,41,279
11809,1947189,38,195
11810,1947202,36,135
11811,1947260,39,149
11812,1947227,38,137
11813,1947187,42,163
11814,1947276,39,139
11815,1947217,43,141
11816,1947277,39,141
11817,1947212,40,211
11818,1947235,40,154
11819,1947202,42,147
11820,1947172,40,137
11821,1947196,43,117
11822,1947126,39,161
11823,1947204,43,225
11824,1947245,41,151
11825,1947314,43,167
11826,1947271,42,146
11827,1947235,41,136
11828,1947263,45,152
11829,1947214,37,147
11830,1947288,41,143
11831,1947221,40,129
11832,1947177,36,126
11833,1947103,40,166
11834,1947157,40,136
11835,1947087,40,152
11836,1947162,38,135
11837,1947106,39,142
11838,1947166,40,158
11839,1947115,39,158
11840,1947149,40,132
11841,1947096,44,155
11842,1947122,46,143
11843,1947239,39,141
11844,1947199,116,221
11845,1947323,40,141
11846,1947273,33,134
11847,1947223,40,131
11848,1947066,33,128
11849,1947119,41,135
11850,1947043,39,159
11851,1947015,41,166
11852,1946992,44,152
11853,1946960,42,145
11854,1946926,45,150
11855,1946854,38,136
11856,1946798,41,154
11857,1946683,41,159
11858,1946635,39,245
11859,1946806,46,146
11860,1946774,44,339
11861,1947034,41,182
11862,1947009,40,205
11863,1947030,40,161
11864,1946999,39,160
11865,1946978,37,143
11866,1946933,39,156
11867,1946908,40,168
11868,1946896,40,158
11869,1946866,40,161
11870,1946835,40,164
11871,1946810,40,157
11872,1946765,45,146
11873,1946727,38,143
11874,1946794,39,162
11875,1946863,41,165
11876,1946752,40,150
11877,1946710,39,150
11878,1946590,42,205
11879,1946719,42,203
11880,1946736,46,174
11881,1946834,42,151
11882,1946808,36,142
11883,1946880,42,157
11884,1946856,41,147
11885,1946926,42,165
11886,1946886,42,153
11887,1946850,38,194
11888,1946943,48,332
11889,1947085,42,155
11890,1947167,42,149
11891,1947120,43,168
11892,1947219,46,166
11893,1947201,43,142
11894,1947270,41,147
11895,1947212,42,170
11896,1947181,40,156
11897,1947254,38,140
11898,1947187,46,172
11899,1947180,42,144
11900,1947139,38,156
11901,1947108,41,149
11902,1947078,40,157
11903,1947047,42,145
11904,1947084,39,113
11905,1949092,47,166
11906,1949189,42,173
11907,1949137,48,179
11908,1949129,86,223
11909,1949163,42,169
11910,1949146,44,161
11911,1949123,40,167
11912,1949116,39,162
11913,1949092,40,145
11914,1949052,42,163
11915,1949044,41,154
11916,1949002,42,154
11917,1948958,42,156
11918,1948924,41,146
11919,1948806,38,144
11920,1948925,40,165
11921,1948885,33,148
11922,1948842,40,150
11923,1948884,40,162
11924,1948846,44,155
11925,1948927,59,165
11926,1948903,41,154
11927,1948970,38,148
11928,1948912,40,162
11929,1948884,39,154
11930,1948927,40,158
11931,1948877,42,164
11932,1948957,42,162
11933,1949095,39,147
11934,1949220,40,138
11935,1949331,42,178
11936,1949483,43,139
11937,1949599,44,156
11938,1949732,39,156
11939,1949869,40,143
11940,1949985,42,160
11941,1950123,43,311
11942,1950410,40,149
11943,1950536,40,162
11944,1950676,41,134
11945,1950787,40,162
11946,1950924,38,137
11947,1951039,40,136
11948,1951153,42,158
11949,1951294,42,134
11950,1951403,42,161
11951,1951540,39,174
11952,1951686,39,148
11953,1951807,33,136
11954,1951917,43,152
11955,1952047,41,157
11956,1952178,45,169
11957,1952145,41,145
11958,1952215,38,142
11959,1952160,39,140
11960,1952226,40,158
11961,1952362,44,178
11962,1952334,33,131
11963,1952264,44,167
11964,1952234,40,145
11965,1952298,42,148
11966,1952244,40,147
11967,1952200,40,158
11968,1952219,39,138
11969,1952153,41,165
11970,1952098,39,132
11971,1952136,41,165
11972,1952098,91,212
11973,1952115,41,157
11974,1952190,44,133
11975,1952116,42,133
11976,1952225,39,141
11977,1952340,41,165
11978,1952481,43,168
11979,1952627,42,176
11980,1952772,36,134
11981,1952881,41,166
11982,1952935,40,158
11983,1953071,42,213
11984,1953257,42,179
11985,1953415,39,139
11986,1953531,40,155
11987,1953661,44,168
11988,1953803,42,166
11989,1953946,41,159
11990,1954087,36,215
11991,1954281,41,144
11992,1954402,44,168
11993,1954543,43,153
11994,1954517,40,147
11995,1954582,41,162
11996,1954533,44,152
11997,1954491,40,150
11998,1954448,40,152
11999,1954417,38,218
12000,1954444,47,1941
12001,1956275,39,176
12002,1956428,43,166
12003,1956400,40,134
12004,1956452,38,169
12005,1956433,37,140
12006,1956488,39,127
12007,1956437,44,175
12008,1956536,37,168
12009,1956516,40,183
12010,1956422,44,170
12011,1956511,40,162
12012,1956467,43,201
12013,1956482,38,147
12014,1956427,41,196
12015,1956420,39,157
12016,1956495,39,130
12017,1956449,41,127
12018,1956300,37,178
12019,1956406,40,162
12020,1956385,42,172
12021,1956485,40,152
12022,1956428,41,140
12023,1956366,40,173
12024,1956353,40,139
12025,1956312,46,151
12026,1956268,41,141
12027,1956224,41,147
12028,1956258,42,271
12029,1956502,41,137
12030,1956453,36,196
12031,1956571,41,147
12032,1956539,41,147
12033,1958686,42,167
12034,1958538,41,214
12035,1958479,43,197
12036,1958596,103,208
12037,1958598,40,156
12038,1958679,39,168
12039,1958664,44,174
12040,1958764,39,156
12041,1958737,40,150
12042,1958597,42,167
12043,1958694,41,130
12044,1958403,41,138
12045,1958448,41,147
12046,1958513,46,156
12047,1958465,41,140
12048,1958414,38,146
12049,1958366,42,151
12050,1958325,38,142
12051,1958278,41,141
12052,1958222,40,145
12053,1958182,39,160
12054,1958156,40,159
12055,1958134,40,133
12056,1958161,41,149
12057,1958111,44,222
12058,1958256,40,196
12059,1958246,39,169
12060,1958230,43,150
12061,1958189,42,142
12062,1958130,43,156
12063,1958095,42,148
12064,1958132,41,182
12065,1958294,41,137
12066,1958408,38,146
12067,1958350,40,133
12068,1958292,35,210
12069,1958318,44,196
12070,1958323,43,151
12071,1958272,40,160
12072,1958243,42,166
12073,1958212,39,154
12074,1958290,40,161
12075,1958272,40,152
12076,1958343,40,142
12077,1958270,43,151
12078,1958235,40,144
12079,1958190,39,142
12080,1958142,43,167
12081,1958203,40,151
12082,1958329,37,145
12083,1958269,43,180
12084,1958381,41,183
12085,1958352,41,152
12086,1958329,42,157
12087,1958295,43,171
12088,1958276,38,143
12089,1958240,42,166
12090,1958205,42,158
12091,1958175,45,162
12092,1958257,39,164
12093,1958233,39,164
12094,1958320,43,163
12095,1958308,39,160
12096,1958386,45,164
12097,1958350,40,137
12098,1958251,43,134
12099,1958291,38,266
12100,1958368,107,217
12101,1958503,42,144
12102,1958443,41,147
12103,1958391,42,143
12104,1958430,39,173
12105,1958580,39,156
12106,1958535,41,152
12107,1958317,38,141
12108,1958383,46,150
12109,1958350,41,136
12110,1958407,40,160
12111,1958358,41,153
12112,1958313,41,142
12113,1958273,44,146
12114,1958228,39,171
12115,1958221,38,137
12116,1958166,38,163
12117,1958130,47,145
12118,1957977,39,146
12119,1958044,37,138
12120,1957993,41,143
12121,1958066,45,138
12122,1958013,40,171
12123,1958107,43,149
12124,1958046,47,157
12125,1958015,42,142
12126,1957972,40,158
12127,1957932,42,164
12128,1957908,41,143
12129,1957868,38,139
12130,1957818,39,128
12131,1957745,43,144
12132,1957813,41,157
12133,1957783,40,136
12134,1957837,33,125
12135,1957749,41,156
12136,1957825,42,148
12137,1957791,45,146
12138,1957868,41,159
12139,1957848,41,154
12140,1957928,38,127
12141,1957880,41,150
12142,1957950,42,148
12143,1957885,38,150
12144,1957847,42,181
12145,1957837,39,142
12146,1957885,42,148
12147,1958010,42,140
12148,1958123,42,143
12149,1958245,41,173
12150,1958396,41,155
12151,1958526,40,143
12152,1958645,42,141
12153,1958762,42,158
12154,1958896,42,158
12155,1959032,44,164
12156,1959171,42,141
12157,1959288,38,147
12158,1959414,41,136
12159,1959527,44,131
12160,1959638,42,170
12161,1962027,44,157
12162,1962156,40,142
12163,1962197,38,148
12164,1962323,100,214
12165,1962543,47,174
12166,1962692,41,145
12167,1962818,37,153
12168,1962941,41,155
12169,1962980,42,157
12170,1963124,41,214
12171,1963146,41,155
12172,1963217,40,156
12173,1963193,42,142
12174,1963258,40,168
12175,1963223,41,132
12176,1963173,44,158
12177,1963127,45,173
12178,1963120,41,147
12179,1963238,47,157
12180,1963216,45,164
12181,1963303,43,169
12182,1963258,43,165
12183,1963244,42,172
12184,1963226,42,148
12185,1963176,42,143
12186,1963210,41,147
12187,1963147,43,144
12188,1963214,42,149
12189,1963171,44,139
12190,1963232,45,162
12191,1963208,44,189
12192,1963320,40,162
12193,1963304,35,153
12194,1963381,38,134
12195,1963309,39,140
12196,1963162,43,152
12197,1963240,44,152
12198,1963193,43,178
12199,1963194,42,133
12200,1963127,49,166
12201,1963112,38,123
12202,1963035,40,134
12203,1962968,40,139
12204,1962926,39,129
12205,1962860,41,158
12206,1962822,54,163
12207,1962797,40,157
12208,1962767,39,141
12209,1962805,42,141
12210,1962758,41,192
12211,1962873,41,145
12212,1962855,41,200
12213,1962981,51,294
12214,1963076,33,198
12215,1963082,37,131
12216,1963022,36,136
12217,1962962,35,161
12218,1963008,43,152
12219,1962950,40,158
12220,1963027,36,151
12221,1962989,40,131
12222,1963037,40,134
12223,1962981,34,163
12224,1963060,34,152
12225,1963002,39,140
12226,1962908,43,139
12227,1963020,46,164
12228,1963165,105,201
12229,1963351,45,165
12230,1963494,48,153
12231,1963535,40,138
12232,1963648,42,350
12233,1963972,41,131
12234,1964075,42,166
12235,1964216,43,2826
12236,1967017,50,277
12237,1967274,43,192
12238,1967441,38,174
12239,1967593,39,165
12240,1967730,41,161
12241,1967867,40,172
12242,1968018,43,191
12243,1968184,46,158
12244,1968318,43,172
12245,1968284,35,143
12246,1968342,34,121
12247,1968270,35,135
12248,1968319,40,313
12249,1968416,36,145
12250,1968361,40,146
12251,1968406,41,219
12252,1968414,34,143
12253,1968474,38,166
12254,1968425,40,240
12255,1968465,42,163
12256,1968550,37,140
12257,1968503,41,138
12258,1968565,37,151
12259,1968536,34,129
12260,1968583,40,228
12261,1968620,37,130
12262,1968675,34,144
12263,1968634,37,148
12264,1968696,37,130
12265,1968648,37,148
12266,1968712,34,142
12267,1968638,34,120
12268,1968555,34,126
12269,1968491,32,124
12270,1968502,36,137
12271,1968433,37,125
12272,1968483,38,242
12273,1968538,31,231
12274,1968691,32,237
12275,1968739,32,134
12276,1968789,34,166
12277,1968744,33,120
12278,1968747,32,107
12279,1968662,33,130
12280,1968588,32,119
12281,1968626,33,120
12282,1968524,38,143
12283,1968470,33,123
12284,1968397,38,148
12285,1968519,36,130
12286,1968622,38,146
12287,1968584,35,157
12288,1968666,34,134
12289,1970738,37,158
12290,1970821,38,261
12291,1970868,38,188
12292,1970977,87,196
12293,1970972,48,156
12294,1970911,39,161
12295,1970982,41,150
12296,1970939,41,204
12297,1971053,40,170
12298,1971040,36,126
12299,1971088,41,126
12300,1971035,37,186
12301,1970952,37,153
12302,1971027,41,142
12303,1970987,39,174
12304,1971085,40,168
12305,1971046,40,147
12306,1970996,41,153
12307,1970961,40,132
12308,1970909,41,161
12309,1970886,39,133
12310,1970834,40,149
12311,1970799,46,163
12312,1970765,42,158
12313,1970817,46,141
12314,1970756,35,132
12315,1970812,36,131
12316,1970852,38,137
12317,1970908,38,143
12318,1970844,40,155
12319,1970780,45,141
12320,1970706,39,142
12321,1970639,41,145
12322,1970490,40,161
12323,1970570,43,195
12324,1970569,38,160
12325,1970444,40,169
12326,1970536,39,163
12327,1970488,38,142
12328,1970441,41,150
12329,1970394,40,171
12330,1970373,40,159
12331,1970422,40,162
12332,1970369,37,158
12333,1970428,42,151
12334,1970386,40,158
12335,1970251,42,154
12336,1970323,39,145
12337,1970288,41,155
12338,1970371,42,141
12339,1970303,40,165
12340,1970393,41,150
12341,1970369,38,201
12342,1970487,38,202
12343,1970505,34,133
12344,1970555,40,160
12345,1970503,41,157
12346,1970635,42,141
12347,1970567,35,148
12348,1970638,41,155
12349,1970574,42,159
12350,1970629,40,152
12351,1970584,37,146
12352,1970738,41,162
12353,1970715,42,191
12354,1970819,42,182
12355,1970792,43,169
12356,1970558,112,214
12357,1970682,44,150
12358,1970751,43,163
12359,1970732,40,204
12360,1970860,43,186
12361,1970841,42,146
12362,1970783,44,189
12363,1970773,42,147
12364,1970744,38,140
12365,1970691,41,151
12366,1970734,39,154
12367,1970699,42,150
12368,1970767,42,166
12369,1970732,40,141
12370,1970795,40,153
12371,1970928,45,164
12372,1971067,43,177
12373,1971221,40,166
12374,1971359,43,151
12375,1971489,38,149
12376,1971616,40,148
12377,1971742,42,143
12378,1971861,42,149
12379,1971990,42,143
12380,1972108,42,177
12381,1972262,40,146
12382,1972384,41,153
12383,1972515,40,147
12384,1972636,40,157
12385,1972773,39,144
12386,1972894,43,154
12387,1973023,41,146
12388,1973147,41,154
12389,1973274,38,160
12390,1973409,42,144
12391,1973530,41,151
12392,1973658,40,116
12393,1973752,38,140
12394,1973865,39,148
12395,1973795,42,182
12396,1973901,41,151
12397,1973857,43,143
12398,1973921,38,135
12399,1973865,39,244
12400,1974032,41,147
12401,1974001,45,159
12402,1974082,42,161
12403,1974222,41,141
12404,1974163,40,169
12405,1974153,39,140
12406,1974114,44,255
12407,1974266,40,170
12408,1974232,45,165
12409,1974323,42,147
12410,1974285,44,169
12411,1974376,42,137
12412,1974340,41,188
12413,1974446,38,157
12414,1974402,40,144
12415,1974348,42,196
12416,1974354,41,177
12417,1977808,47,190
12418,1977812,40,175
12419,1977746,43,170
12420,1977818,90,230
12421,1977842,40,161
12422,1977709,40,142
12423,1977569,41,149
12424,1977639,41,164
12425,1977778,40,166
12426,1977921,42,164
12427,1978064,41,143
12428,1978181,38,139
12429,1978298,44,151
12430,1978425,40,157
12431,1978559,40,147
12432,1978679,41,161
12433,1978815,39,161
12434,1978951,39,163
12435,1979095,41,155
12436,1979226,39,166
12437,1979368,42,131
12438,1979480,38,165
12439,1979621,42,152
12440,1979747,39,147
12441,1979870,40,165
12442,1980010,39,156
12443,1979956,46,170
12444,1980050,37,152
12445,1980025,44,131
12446,1980077,43,167
12447,1980060,40,231
12448,1980221,45,151
12449,1980187,40,150
12450,1980250,41,156
12451,1980202,41,138
12452,1980142,43,142
12453,1979991,38,150
12454,1980062,41,148
12455,1980024,40,149
12456,1979907,44,142
12457,1979970,45,151
12458,1979905,46,152
12459,1979980,41,133
12460,1979909,43,150
12461,1979879,42,170
12462,1979864,43,153
12463,1979913,42,145
12464,1979862,42,146
12465,1979926,43,152
12466,1979978,45,172
12467,1980121,41,142
12468,1980240,41,139
12469,1980197,43,150
12470,1980264,41,144
12471,1980193,40,141
12472,1980131,40,160
12473,1980189,40,146
12474,1980147,39,169
12475,1980232,38,160
12476,1980191,44,153
12477,1980164,45,149
12478,1980203,42,143
12479,1980150,40,154
12480,1980311,43,179
12481,1980205,40,127
12482,1980036,38,143
12483,1980106,44,141
12484,1980058,84,175
12485,1980151,46,143
12486,1980088,41,154
12487,1980056,39,155
12488,1980099,42,167
12489,1980064,42,152
12490,1980143,44,164
12491,1980109,42,153
12492,1980185,41,143
12493,1980147,37,137
12494,1980204,42,144
12495,1980139,42,132
12496,1980180,42,141
12497,1980115,47,169
12498,1980090,34,153
12499,1980060,40,167
12500,1980049,40,144
12501,1980100,42,159
12502,1980060,41,142
12503,1980125,40,159
12504,1980069,42,157
12505,1980039,39,130
12506,1979986,41,152
12507,1979949,42,174
12508,1979942,42,155
12509,1979913,39,134
12510,1979962,40,131
12511,1979890,42,151
12512,1980020,38,145
12513,1979979,42,138
12514,1980039,40,149
12515,1980002,40,149
12516,1980068,37,157
12517,1980020,40,137
12518,1979970,42,142
12519,1979921,44,166
12520,1979892,42,146
12521,1979857,39,150
12522,1979894,40,216
12523,1979915,41,244
12524,1980085,36,138
12525,1980048,39,195
12526,1980169,40,158
12527,1980149,43,199
12528,1980264,41,182
12529,1980241,41,127
12530,1980185,42,170
12531,1980172,42,128
12532,1980198,40,157
12533,1980162,42,145
12534,1980231,40,145
12535,1980196,42,170
12536,1980290,38,149
12537,1980247,43,150
12538,1980312,45,169
12539,1980300,38,144
12540,1980371,39,168
12541,1980355,38,113
12542,1980380,39,174
12543,1980041,42,144
12544,1980093,43,154
12545,1982683,46,162
12546,1982629,40,160
12547,1982610,40,161
12548,1982668,94,211
12549,1982681,37,160
12550,1982761,44,172
12551,1982726,36,114
12552,1982663,43,125
12553,1982596,44,153
12554,1982637,41,163
12555,1982608,38,162
12556,1982696,38,130
12557,1982652,38,151
12558,1982728,39,149
12559,1982671,43,310
12560,1982873,42,159
12561,1982838,43,118
12562,1982879,41,164
12563,1982854,43,161
12564,1982937,40,169
12565,1982925,41,171
12566,1983021,39,111
12567,1983032,42,156
12568,1982922,42,191
12569,1983037,41,151
12570,1983011,41,167
12571,1983103,42,149
12572,1983037,41,131
12573,1983090,40,152
12574,1983032,40,201
12575,1983128,40,176
12576,1983112,42,160
12577,1983197,41,171
12578,1983188,46,158
12579,1983268,42,189
12580,1983270,42,166
12581,1983244,43,165
12582,1983324,38,137
12583,1983251,39,140
12584,1983211,39,139
12585,1983165,40,167
12586,1983227,42,160
12587,1983171,45,141
12588,1983227,38,162
12589,1983187,41,119
12590,1983102,40,165
12591,1983151,38,168
12592,1983104,41,249
12593,1983332,41,147
12594,1983294,42,147
12595,1983364,40,155
12596,1983497,41,158
12597,1983631,44,156
12598,1983765,40,151
12599,1983895,43,160
12600,1984029,37,157
12601,1984160,44,159
12602,1984299,43,142
12603,1984417,39,136
12604,1984533,42,141
12605,1984648,41,154
12606,1984553,42,175
12607,1984709,42,145
12608,1984923,40,163
12609,1985066,44,167
12610,1985202,34,139
12611,1985310,41,185
12612,1985465,128,245
12613,1985691,32,141
12614,1985811,43,137
12615,1985929,41,161
12616,1986068,44,167
12617,1986207,38,157
12618,1986148,38,143
12619,1986203,41,164
12620,1986164,42,195
12621,1986281,40,159
12622,1986234,40,148
12623,1986086,42,146
12624,1986157,39,248
12625,1986217,39,149
12626,1986291,42,139
12627,1986228,43,160
12628,1986209,43,174
12629,1986197,40,201
12630,1986293,40,182
12631,1986285,38,148
12632,1986353,45,217
12633,1986356,44,153
12634,1986486,41,162
12635,1986620,42,153
12636,1986583,33,133
12637,1986642,40,142
12638,1986581,34,126
12639,1986633,43,147
12640,1986605,42,167
12641,1986691,41,156
12642,1986635,52,148
12643,1986607,43,227
12644,1986638,40,152
12645,1986590,45,173
12646,1986689,41,129
12647,1986620,41,150
12648,1986587,42,158
12649,1986549,42,212
12650,1986579,40,149
12651,1986551,37,168
12652,1986541,45,158
12653,1986587,40,280
12654,1986671,39,149
12655,1986745,39,129
12656,1986701,41,215
12657,1986836,38,157
12658,1986792,43,170
12659,1986857,46,233
12660,1986888,41,206
12661,1987015,38,155
12662,1986956,39,151
12663,1986930,41,147
12664,1986882,40,165
12665,1986762,32,203
12666,1986895,39,144
12667,1986855,42,158
12668,1986510,40,153
12669,1986568,44,161
12670,1986647,40,139
12671,1986590,41,131
12672,1986646,39,135
12673,1988927,43,192
12674,1988777,42,225
12675,1988799,44,173
12676,1988796,106,230
12677,1988921,37,149
12678,1988888,36,160
12679,1988973,41,167
12680,1988959,40,167
12681,1989047,43,153
12682,1989018,40,166
12683,1989108,42,146
12684,1989040,40,152
12685,1989006,42,224
12686,1989131,42,147
12687,1989089,38,154
12688,1989163,40,211
12689,1989156,44,117
12690,1989076,45,133
12691,1989111,39,159
12692,1989081,39,187
12693,1989188,40,117
12694,1989083,46,206
12695,1989110,44,217
12696,1989219,39,189
12697,1989220,40,171
12698,1989314,38,149
12699,1989284,40,205
12700,1989414,38,188
12701,1989419,40,265
12702,1989599,44,131
12703,1989634,40,217
12704,1989830,43,197
12705,1989923,42,198
12706,1990010,41,146
12707,1989959,43,159
12708,1989846,40,151
12709,1989918,41,182
12710,1989913,41,149
12711,1989873,41,152
12712,1989948,43,161
12713,1989917,38,141
12714,1989981,40,144
12715,1989938,40,175
12716,1990037,39,157
12717,1990012,40,148
12718,1990079,37,160
12719,1990055,39,175
12720,1990149,39,158
12721,1990098,41,146
12722,1990054,39,138
12723,1989999,41,152
12724,1990069,38,166
12725,1990053,42,142
12726,1990110,40,140
12727,1990045,36,151
12728,1990005,39,167
12729,1990062,42,154
12730,1990008,37,161
12731,1989801,39,166
12732,1989699,39,153
12733,1989776,41,174
12734,1989746,43,171
12735,1989731,41,138
12736,1989687,41,161
12737,1989667,41,161
12738,1989638,41,141
12739,1989755,40,203
12740,1989771,89,195
12741,1989891,40,170
12742,1989868,41,149
12743,1989939,37,162
12744,1989897,41,144
12745,1989850,44,141
12746,1989809,38,169
12747,1989767,38,143
12748,1989697,40,148
12749,1989650,40,136
12750,1989592,38,189
12751,1989599,39,157
12752,1989572,42,162
12753,1989550,39,148
12754,1989515,41,144
12755,1989549,47,169
12756,1989535,40,115
12757,1989576,46,167
12758,1989535,41,151
12759,1989583,41,155
12760,1989545,41,145
12761,1989615,40,151
12762,1989588,44,144
12763,1989656,45,143
12764,1989613,41,156
12765,1989692,41,129
12766,1989612,44,167
12767,1989595,41,153
12768,1989642,44,160
12769,1989606,41,147
12770,1989482,41,147
12771,1989550,38,145
12772,1989508,40,159
12773,1989595,40,147
12774,1989564,48,170
12775,1989657,39,170
12776,1989621,40,141
12777,1989581,39,147
12778,1989531,40,147
12779,1989499,43,165
12780,1989476,40,149
12781,1989436,40,288
12782,1989542,42,132
12783,1989569,40,139
12784,1989504,41,159
12785,1989583,41,123
12786,1989493,39,146
12787,1989441,42,161
12788,1989497,39,129
12789,1989416,42,160
12790,1989502,41,142
12791,1989618,42,148
12792,1989743,41,141
12793,1989587,40,155
12794,1989721,40,160
12795,1989857,43,148
12796,1989982,38,164
12797,1990127,41,148
12798,1990250,39,139
12799,1990359,46,165
12800,1990502,40,136
12801,1992754,45,171
12802,1992780,40,165
12803,1992920,41,165
12804,1993062,126,253
12805,1993297,43,152
12806,1993425,44,168
12807,1993571,41,148
12808,1993697,43,170
12809,1993839,40,164
12810,1993976,40,126
12811,1993909,40,140
12812,1993973,42,158
12813,1993941,40,155
12814,1994015,40,172
12815,1993975,38,142
12816,1993919,39,144
12817,1993846,44,163
12818,1993931,40,166
12819,1993918,42,166
12820,1993797,36,157
12821,1993879,41,165
12822,1993864,39,143
12823,1993927,39,147
12824,1993897,40,146
12825,1993961,40,142
12826,1993893,38,146
12827,1993838,37,139
12828,1993900,47,284
12829,1993973,40,162
12830,1993952,42,156
12831,1993928,40,162
12832,1993909,40,138
12833,1993861,39,156
12834,1993809,42,161
12835,1993789,42,142
12836,1993745,39,161
12837,1993708,39,146
12838,1993669,43,154
12839,1993639,41,145
12840,1993601,41,159
12841,1993579,40,166
12842,1993633,42,156
12843,1993588,44,169
12844,1993684,41,138
12845,1993643,41,156
12846,1993724,43,147
12847,1993667,42,145
12848,1993617,45,161
12849,1993589,40,137
12850,1993540,40,161
12851,1993523,35,140
12852,1993369,39,167
12853,1993461,40,157
12854,1993409,44,116
12855,1993106,40,242
12856,1993257,40,158
12857,1993331,37,136
12858,1993270,41,138
12859,1993332,41,154
12860,1993302,41,144
12861,1993368,39,155
12862,1993310,41,174
12863,1993293,42,155
12864,1993374,41,153
12865,1993344,39,190
12866,1993199,39,129
12867,1993142,43,149
12868,1993111,122,255
12869,1993187,40,150
12870,1993153,41,134
12871,1993107,40,148
12872,1993061,39,143
12873,1993176,39,167
12874,1993164,43,152
12875,1993237,44,149
12876,1993202,40,154
12877,1993276,38,138
12878,1993215,39,160
12879,1993180,39,135
12880,1993204,40,163
12881,1993173,38,145
12882,1993244,40,135
12883,1993188,41,138
12884,1993252,40,144
12885,1993213,42,145
12886,1993281,40,139
12887,1993214,34,130
12888,1993268,43,142
12889,1993224,39,283
12890,1993431,38,145
12891,1993367,39,145
12892,1993313,40,159
12893,1993289,40,131
12894,1993220,38,145
12895,1993286,42,153
12896,1993257,41,142
12897,1993321,43,155
12898,1993291,40,154
12899,1993364,40,135
12900,1993298,40,208
12901,1993321,38,143
12902,1993350,39,279
12903,1993604,41,151
12904,1993572,42,164
12905,1993663,42,162
12906,1993641,39,147
12907,1993707,42,137
12908,1993632,41,147
12909,1993669,42,163
12910,1993635,43,136
12911,1993700,39,122
12912,1993633,42,149
12913,1993714,43,148
12914,1993652,40,154
12915,1993614,40,134
12916,1993643,39,147
12917,1993606,39,147
12918,1993383,46,159
12919,1993467,39,139
12920,1993397,41,144
12921,1993459,42,159
12922,1993413,46,153
12923,1993376,42,140
12924,1993407,45,179
12925,1993392,41,145
12926,1993444,42,130
12927,1993358,41,163
12928,1993327,40,147
12929,1995533,44,195
12930,1995507,42,212
12931,1995562,40,155
12932,1995637,95,197
12933,1995634,42,172
12934,1995731,37,161
12935,1995714,41,149
12936,1995784,42,158
12937,1995738,40,152
12938,1995772,45,167
12939,1995743,45,167
12940,1995827,40,194
12941,1995808,41,150
12942,1995768,42,145
12943,1995721,41,140
12944,1995755,40,154
12945,1995884,39,149
12946,1995825,40,143
12947,1995753,40,135
12948,1995676,41,224
12949,1995714,40,138
12950,1995674,38,132
12951,1995597,40,203
12952,1995497,42,155
12953,1995573,42,141
12954,1995536,39,252
12955,1995715,42,170
12956,1995695,34,147
12957,1995759,40,154
12958,1995735,40,142
12959,1995800,39,141
12960,1995758,39,145
12961,1995827,40,151
12962,1995795,39,137
12963,1995853,42,169
12964,1995838,40,161
12965,1995922,35,152
12966,1995867,44,166
12967,1995848,39,144
12968,1995707,42,167
12969,1995797,40,209
12970,1995830,41,190
12971,1995944,41,146
12972,1995903,38,153
12973,1995977,40,144
12974,1995922,42,154
12975,1995873,38,143
12976,1995839,40,160
12977,1995819,41,157
12978,1995798,39,145
12979,1995751,41,153
12980,1995558,40,142
12981,1995612,41,142
12982,1995675,38,157
12983,1995810,39,208
12984,1995819,42,146
12985,1995880,41,172
12986,1996028,43,152
12987,1996156,40,144
12988,1996278,40,192
12989,1996444,39,138
12990,1996560,41,156
12991,1996693,48,148
12992,1996818,41,157
12993,1996944,42,140
12994,1996936,39,136
12995,1997050,44,158
12996,1997183,92,201
12997,1997367,43,142
12998,1997482,40,158
12999,1997615,42,168
13000,1997756,44,2053
13001,1999790,39,158
13002,1999926,39,153
13003,2000051,36,155
13004,2000179,37,144
13005,2000295,39,280
13006,2000548,36,126
13007,2000648,35,154
13008,2000775,37,139
13009,2000893,38,153
13010,2001015,41,146
13011,2001141,42,150
13012,2001263,35,143
13013,2001382,41,130
13014,2001484,37,133
13015,2001591,40,172
13016,2001735,33,115
13017,2001820,33,185
13018,2001984,33,139
13019,2002094,41,156
13020,2002228,40,141
13021,2002344,43,151
13022,2002474,40,143
13023,2002594,41,140
13024,2002537,40,138
13025,2002597,40,141
13026,2002549,39,133
13027,2002603,37,142
13028,2002565,33,144
13029,2002628,34,127
13030,2002566,42,135
13031,2002426,33,116
13032,2002446,32,135
13033,2002368,35,122
13034,2002293,33,115
13035,2002231,33,125
13036,2002326,34,147
13037,2002441,34,137
13038,2002548,32,116
13039,2002636,31,126
13040,2002737,37,131
13041,2002840,33,146
13042,2002958,39,130
13043,2002961,38,147
13044,2003082,31,128
13045,2003179,41,127
13046,2003275,33,118
13047,2003363,32,127
13048,2003459,31,110
13049,2003541,33,124
13050,2003457,32,105
13051,2003365,32,134
13052,2003418,32,140
13053,2003367,33,114
13054,2003400,33,127
13055,2003340,33,121
13056,2003376,33,115
13057,2005659,39,152
13058,2005679,38,150
13059,2005609,39,259
13060,2005784,96,214
13061,2005825,38,133
13062,2005865,41,152
13063,2005812,36,131
13064,2005646,35,146
13065,2005712,37,140
13066,2005755,39,161
13067,2005647,39,134
13068,2005691,38,138
13069,2005620,36,127
13070,2005551,39,118
13071,2005470,39,128
13072,2005407,39,137
13073,2005433,37,155
13074,2005384,38,130
13075,2005439,37,126
13076,2005359,39,156
13077,2005318,37,129
13078,2005256,37,136
13079,2005207,37,128
13080,2005035,35,137
13081,2005090,37,141
13082,2005019,37,137
13083,2005131,38,155
13084,2005100,37,142
13085,2005160,41,129
13086,2005094,38,139
13087,2005158,39,156
13088,2005106,38,127
13089,2005020,37,143
13090,2004949,38,127
13091,2004974,37,151
13092,2005102,38,140
13093,2005031,41,133
13094,2005087,39,126
13095,2005033,39,127
13096,2005080,37,143
13097,2005038,39,127
13098,2005086,38,138
13099,2005038,38,124
13100,2005070,37,130
13101,2004985,36,128
13102,2005013,38,135
13103,2004953,38,121
13104,2004998,37,151
13105,2004739,38,128
13106,2004771,37,129
13107,2004820,36,144
13108,2004776,38,124
13109,2004820,39,134
13110,2004767,38,133
13111,2004817,37,139
13112,2004852,38,125
13113,2004951,38,125
13114,2004880,37,125
13115,2004923,38,124
13116,2004951,39,131
13117,2004800,37,125
13118,2004847,37,117
13119,2004777,38,123
13120,2004820,37,135
13121,2004747,37,124
13122,2004560,37,171
13123,2004634,40,133
13124,2004540,92,180
13125,2004526,38,126
13126,2004454,37,129
13127,2004383,39,141
13128,2004339,37,136
13129,2004281,36,123
13130,2004299,37,136
13131,2004228,36,233
13132,2004373,36,133
13133,2004298,34,126
13134,2004216,38,137
13135,2004169,38,133
13136,2004223,38,140
13137,2004171,38,126
13138,2004217,37,122
13139,2004128,37,125
13140,2004071,36,141
13141,2004027,36,125
13142,2003964,39,136
13143,2003912,35,126
13144,2003941,37,125
13145,2003872,36,125
13146,2003920,38,141
13147,2003888,36,159
13148,2003959,38,132
13149,2003887,38,118
13150,2003826,37,129
13151,2003754,37,126
13152,2003797,38,126
13153,2003717,36,126
13154,2003649,37,136
13155,2003684,36,125
13156,2003782,36,132
13157,2003730,35,133
13158,2003785,37,121
13159,2003693,38,128
13160,2003640,37,124
13161,2003470,36,125
13162,2003498,40,138
13163,2003443,39,128
13164,2003490,36,126
13165,2003521,39,128
13166,2003574,40,126
13167,2003296,39,137
13168,2003334,39,127
13169,2003386,39,127
13170,2003304,38,127
13171,2003253,35,126
13172,2003172,38,137
13173,2003122,36,124
13174,2003069,38,126
13175,2003083,38,121
13176,2002993,38,147
13177,2003055,36,126
13178,2002996,38,120
13179,2003035,38,169
13180,2003018,37,134
13181,2003072,39,127
13182,2003016,38,136
13183,2003074,37,131
13184,2003006,40,134
13185,2004900,40,139
13186,2004962,38,129
13187,2004911,35,120
13188,2004947,75,175
13189,2004933,38,151
13190,2005006,41,136
13191,2004954,36,131
13192,2005009,37,141
13193,2004969,38,125
13194,2005013,40,127
13195,2004933,38,119
13196,2004843,39,126
13197,2004761,32,122
13198,2004697,34,119
13199,2004740,33,106
13200,2004742,38,127
13201,2004593,33,120
13202,2004632,33,130
13203,2004561,32,119
13204,2004598,33,132
13205,2004516,36,130
13206,2004450,35,109
13207,2004361,38,147
13208,2004307,37,143
13209,2004255,41,144
13210,2004220,38,140
13211,2004253,36,114
13212,2004157,37,143
13213,2004223,34,120
13214,2004167,44,120
13215,2004208,37,150
13216,2004250,42,164
13217,2004390,40,150
13218,2004437,39,144
13219,2004502,36,136
13220,2004617,38,147
13221,2004738,34,137
13222,2004847,40,252
13223,2005079,39,141
13224,2005193,40,137
13225,2005311,36,148
13226,2005432,41,141
13227,2005571,38,147
13228,2005692,39,172
13229,2005845,45,165
13230,2005883,40,154
13231,2006013,38,120
13232,2006116,40,153
13233,2006246,36,158
13234,2006379,36,148
13235,2006507,39,132
13236,2006614,37,138
13237,2006723,40,153
13238,2006855,39,152
13239,2006981,41,145
13240,2007106,39,156
13241,2007238,41,166
13242,2007382,40,156
13243,2007325,41,154
13244,2007299,41,142
13245,2007342,41,146
13246,2007299,41,140
13247,2007362,42,134
13248,2007293,35,149
13249,2007362,39,132
13250,2007276,41,129
13251,2007294,36,226
13252,2007493,100,212
13253,2007510,41,146
13254,2007571,40,157
13255,2007533,40,152
13256,2007500,38,158
13257,2007362,40,144
13258,2007421,42,149
13259,2007362,40,146
13260,2007329,40,134
13261,2007358,42,175
13262,2007333,42,167
13263,2007420,40,142
13264,2007390,40,151
13265,2007461,39,133
13266,2007378,41,149
13267,2007346,40,165
13268,2007321,41,156
13269,2007367,40,126
13270,2007472,40,159
13271,2007420,39,141
13272,2007377,39,145
13273,2007328,37,131
13274,2007360,39,140
13275,2007308,42,146
13276,2007378,38,139
13277,2007337,43,162
13278,2007417,38,163
13279,2007378,41,147
13280,2007342,40,155
13281,2007390,40,153
13282,2007355,42,157
13283,2007437,44,151
13284,2007397,38,151
13285,2007447,41,144
13286,2007371,39,147
13287,2007322,43,149
13288,2007399,44,126
13289,2007325,41,152
13290,2007401,38,142
13291,2007330,39,154
13292,2007203,42,158
13293,2007264,40,147
13294,2007223,40,143
13295,2007176,39,140
13296,2007134,41,138
13297,2007072,40,150
13298,2007115,40,137
13299,2007054,41,157
13300,2007138,38,132
13301,2007087,40,130
13302,2007130,44,147
13303,2007082,40,139
13304,2007012,45,137
13305,2007049,39,157
13306,2007020,41,159
13307,2007102,39,156
13308,2007087,41,156
13309,2007166,39,155
13310,2007115,41,146
13311,2007064,41,139
13312,2007005,42,143
13313,2009150,43,156
13314,2009117,38,170
13315,2009186,42,167
13316,2009149,107,223
13317,2009183,41,153
13318,2009260,41,150
13319,2009199,39,131
13320,2009140,36,144
13321,2009102,42,156
13322,2009073,40,162
13323,2009052,39,153
13324,2009010,37,148
13325,2009063,40,150
13326,2009188,40,148
13327,2009129,39,164
13328,2009103,40,127
13329,2009045,46,190
13330,2009049,40,147
13331,2009118,38,146
13332,2009081,40,153
13333,2009155,39,178
13334,2009151,42,160
13335,2009235,42,210
13336,2009239,41,142
13337,2009188,40,208
13338,2009284,40,154
13339,2009252,42,156
13340,2009328,44,152
13341,2009297,36,149
13342,2009371,42,165
13343,2009346,40,140
13344,2009412,41,156
13345,2009390,40,149
13346,2009469,39,176
13347,2009467,40,171
13348,2009366,41,155
13349,2009438,41,164
13350,2009394,39,158
13351,2009438,41,221
13352,2009636,41,166
13353,2009605,41,224
13354,2009638,38,162
13355,2009460,38,161
13356,2009530,41,163
13357,2009483,41,156
13358,2009442,39,163
13359,2009525,42,158
13360,2009496,40,152
13361,2009465,42,145
13362,2009508,40,154
13363,2009462,41,144
13364,2009416,42,152
13365,2009379,40,163
13366,2009353,43,133
13367,2009379,38,158
13368,2009337,40,156
13369,2009417,40,152
13370,2009382,38,148
13371,2009457,41,168
13372,2009443,42,156
13373,2009521,43,148
13374,2009456,41,153
13375,2009416,42,168
13376,2009475,42,168
13377,2009447,43,157
13378,2009521,40,135
13379,2009448,38,135
13380,2009404,114,223
13381,2009448,45,177
13382,2009436,39,162
13383,2009492,40,173
13384,2009466,42,144
13385,2009537,40,146
13386,2009486,42,143
13387,2009551,41,158
13388,2009501,42,234
13389,2009544,40,167
13390,2009690,39,195
13391,2009689,43,249
13392,2009751,38,174
13393,2009842,39,160
13394,2009818,41,207
13395,2009947,44,145
13396,2009909,39,174
13397,2009801,43,151
13398,2009876,44,155
13399,2009849,40,260
13400,2010032,39,190
13401,2010039,40,142
13402,2010111,40,260
13403,2010178,39,332
13404,2010432,40,171
13405,2010414,41,165
13406,2010505,41,194
13407,2010502,40,177
13408,2010608,40,156
13409,2010575,39,143
13410,2010640,41,153
13411,2010609,42,267
13412,2010803,42,131
13413,2010752,38,192
13414,2010852,39,153
13415,2010820,45,204
13416,2010948,41,192
13417,2010879,41,161
13418,2010830,40,212
13419,2010969,40,163
13420,2011111,44,164
13421,2011250,41,160
13422,2011383,40,161
13423,2011518,40,141
13424,2011635,40,147
13425,2011760,41,160
13426,2011895,41,182
13427,2012053,39,157
13428,2012188,41,149
13429,2012312,40,163
13430,2012451,41,145
13431,2012576,41,151
13432,2012701,39,143
13433,2012823,42,158
13434,2012957,41,169
13435,2013102,42,154
13436,2013237,39,165
13437,2013382,43,142
13438,2013505,40,144
13439,2013621,44,149
13440,2013747,45,176
13441,2016054,42,203
13442,2016242,43,136
13443,2016190,41,221
13444,2016317,104,243
13445,2016357,40,173
13446,2016333,40,172
13447,2016324,44,152
13448,2016300,40,159
13449,2016172,39,154
13450,2016248,44,160
13451,2016227,41,160
13452,2016318,40,155
13453,2016285,40,150
13454,2016363,40,145
13455,2016329,41,152
13456,2016403,41,175
13457,2016369,40,164
13458,2016351,40,133
13459,2016459,41,171
13460,2016428,40,146
13461,2016384,40,141
13462,2016336,37,150
13463,2016369,40,163
13464,2016329,40,157
13465,2016412,42,130
13466,2016350,44,210
13467,2016480,38,175
13468,2016444,43,264
13469,2016512,39,175
13470,2016587,41,126
13471,2016493,39,143
13472,2016562,41,142
13473,2016516,42,163
13474,2016603,41,142
13475,2016560,40,147
13476,2016632,42,172
13477,2016603,38,139
13478,2016543,42,138
13479,2016416,40,140
13480,2016459,39,144
13481,2016489,41,208
13482,2016490,44,189
13483,2016600,39,133
13484,2016523,42,148
13485,2016484,41,138
13486,2016428,43,150
13487,2016397,42,165
13488,2016373,42,147
13489,2016329,40,138
13490,2016277,42,140
13491,2016235,42,148
13492,2016198,42,152
13493,2016243,43,221
13494,2016269,43,146
13495,2016335,41,137
13496,2016292,40,169
13497,2016275,42,176
13498,2016372,41,221
13499,2016409,44,164
13500,2016497,41,201
13501,2016522,40,144
13502,2016590,40,136
13503,2016545,40,232
13504,2016821,36,174
13505,2016796,44,200
13506,2016797,42,154
13507,2016775,39,159
13508,2016748,115,233
13509,2016875,41,164
13510,2016822,45,161
13511,2016905,43,154
13512,2016854,40,143
13513,2016775,37,146
13514,2016841,41,143
13515,2016786,43,158
13516,2016867,39,155
13517,2016836,40,151
13518,2016909,38,137
13519,2016842,43,140
13520,2016795,41,148
13521,2016838,44,152
13522,2016788,41,154
13523,2016864,39,138
13524,2016795,45,182
13525,2016773,42,154
13526,2016819,38,150
13527,2016949,40,147
13528,2016912,40,144
13529,2016983,41,136
13530,2016932,40,147
13531,2017004,42,155
13532,2016951,39,139
13533,2016901,36,136
13534,2017014,39,151
13535,2017135,39,173
13536,2017282,36,141
13537,2017402,41,147
13538,2017525,40,151
13539,2017651,43,162
13540,2017790,49,161
13541,2017926,38,142
13542,2017929,40,162
13543,2018068,39,140
13544,2018182,38,145
13545,2018304,39,148
13546,2018429,39,154
13547,2018559,45,159
13548,2018693,42,151
13549,2018817,40,151
13550,2018947,42,141
13551,2019071,42,158
13552,2019207,41,152
13553,2019341,41,164
13554,2019298,38,139
13555,2019355,38,148
13556,2019301,38,160
13557,2019259,38,113
13558,2019296,41,145
13559,2019261,42,143
13560,2019334,40,151
13561,2019301,41,135
13562,2019361,41,143
13563,2019324,41,144
13564,2019390,44,152
13565,2019341,40,148
13566,2019296,42,149
13567,2019262,37,132
13568,2019321,40,178
13569,2021503,42,192
13570,2021626,38,166
13571,2021587,42,162
13572,2021675,92,213
13573,2021692,42,176
13574,2021796,40,146
13575,2021754,40,150
13576,2021822,39,150
13577,2021783,40,140
13578,2021844,41,172
13579,2021826,41,153
13580,2021908,41,148
13581,2021875,39,147
13582,2021945,40,141
13583,2021873,38,146
13584,2021826,45,145
13585,2021786,43,145
13586,2021744,40,147
13587,2021706,42,130
13588,2021650,38,166
13589,2021629,40,187
13590,2021714,41,178
13591,2021870,41,145
13592,2021996,42,168
13593,2022143,38,254
13594,2022377,40,161
13595,2022514,42,143
13596,2022474,41,170
13597,2022574,43,156
13598,2022550,39,153
13599,2022627,41,210
13600,2022634,40,144
13601,2022753,38,160
13602,2022889,43,158
13603,2023024,39,201
13604,2022980,37,190
13605,2023127,37,167
13606,2023091,39,174
13607,2023072,38,159
13608,2023161,41,133
13609,2023095,42,145
13610,2023159,52,168
13611,2023115,40,140
13612,2023052,40,149
13613,2023013,41,147
13614,2022974,41,154
13615,2022933,38,154
13616,2022886,41,152
13617,2022930,44,143
13618,2023052,49,146
13619,2022988,40,159
13620,2022944,40,157
13621,2022995,61,223
13622,2023012,39,177
13623,2023109,40,169
13624,2023096,42,146
13625,2023154,40,134
13626,2023089,38,146
13627,2023028,44,168
13628,2022981,45,169
13629,2022950,38,162
13630,2022918,42,159
13631,2022892,40,158
13632,2022953,38,193
13633,2023119,43,154
13634,2023239,38,154
13635,2023373,39,146
13636,2023494,90,208
13637,2023679,40,139
13638,2023797,40,142
13639,2023915,41,145
13640,2024035,40,136
13641,2024145,43,147
13642,2024272,39,136
13643,2024383,40,141
13644,2024501,39,159
13645,2024636,41,176
13646,2024791,44,138
13647,2024913,55,166
13648,2025055,41,166
13649,2025198,44,160
13650,2025334,40,155
13651,2025465,38,158
13652,2025601,40,143
13653,2025550,40,149
13654,2025619,41,150
13655,2025573,40,139
13656,2025634,41,139
13657,2025567,42,143
13658,2025504,40,144
13659,2025457,38,128
13660,2025403,42,156
13661,2025362,39,152
13662,2025324,40,147
13663,2025449,41,143
13664,2025569,41,129
13665,2025508,40,145
13666,2025577,41,142
13667,2025537,47,169
13668,2025632,41,141
13669,2025671,42,142
13670,2025634,40,131
13671,2025587,39,145
13672,2025645,39,131
13673,2025758,41,142
13674,2025876,40,142
13675,2025992,41,167
13676,2026136,39,149
13677,2026265,43,161
13678,2026406,40,149
13679,2026533,38,140
13680,2026649,40,144
13681,2026768,43,145
13682,2026895,40,145
13683,2027015,38,182
13684,2027173,40,148
13685,2027299,41,135
13686,2027409,39,136
13687,2027524,44,159
13688,2027656,44,160
13689,2027796,43,144
13690,2027920,43,151
13691,2028048,41,139
13692,2028162,41,153
13693,2028294,42,144
13694,2028415,42,167
13695,2028556,41,164
13696,2028696,43,141
13697,2031139,40,168
13698,2031239,39,163
13699,2031218,42,156
13700,2031290,101,222
13701,2031329,39,150
13702,2031400,50,169
13703,2031388,40,164
13704,2031474,44,158
13705,2031444,50,162
13706,2031521,41,170
13707,2031482,46,180
13708,2031471,41,173
13709,2031459,41,153
13710,2031436,39,131
13711,2031550,41,148
13712,2031511,48,195
13713,2031682,38,148
13714,2031650,40,135
13715,2031704,41,147
13716,2031674,39,134
13717,2031730,37,157
13718,2031693,46,163
13719,2031771,35,135
13720,2031716,41,165
13721,2031809,40,158
13722,2031782,43,170
13723,2031876,43,150
13724,2031806,39,150
13725,2031773,42,157
13726,2031825,41,179
13727,2031797,40,147
13728,2031868,43,161
13729,2031774,40,154
13730,2031711,40,155
13731,2031783,40,140
13732,2031715,39,163
13733,2031676,37,141
13734,2031639,40,142
13735,2031755,42,149
13736,2031715,40,156
13737,2031792,41,154
13738,2031747,38,138
13739,2031673,42,161
13740,2031633,43,160
13741,2031719,38,140
13742,2031693,42,150
13743,2031762,43,156
13744,2031697,39,150
13745,2031666,44,163
13746,2031622,43,168
13747,2031604,40,154
13748,2031565,39,144
13749,2031530,39,158
13750,2031578,40,140
13751,2031518,37,142
13752,2031584,41,174
13753,2031578,41,153
13754,2031653,41,148
13755,2031620,40,146
13756,2031682,40,152
13757,2031623,43,158
13758,2031594,41,151
13759,2031569,42,145
13760,2031514,40,131
13761,2031463,43,148
13762,2031413,40,152
13763,2031377,43,149
13764,2031343,109,212
13765,2031448,42,158
13766,2031582,40,140
13767,2031530,46,149
13768,2031399,40,148
13769,2031470,38,128
13770,2031572,37,150
13771,2031518,41,168
13772,2031494,40,149
13773,2031457,40,164
13774,2031442,40,149
13775,2031412,40,137
13776,2031251,42,165
13777,2031340,43,166
13778,2031318,38,162
13779,2031407,40,146
13780,2031355,37,134
13781,2031415,40,168
13782,2031376,43,147
13783,2031345,40,140
13784,2031378,39,135
13785,2031319,40,132
13786,2031378,39,159
13787,2031348,41,147
13788,2031414,40,154
13789,2031370,42,151
13790,2031436,42,171
13791,2031299,39,194
13792,2031296,40,133
13793,2031343,40,177
13794,2031311,42,166
13795,2031290,35,132
13796,2031203,36,112
13797,2031213,39,154
13798,2031163,39,189
13799,2031330,40,169
13800,2031477,40,161
13801,2031433,40,148
13802,2031278,42,146
13803,2031345,41,145
13804,2031293,42,150
13805,2031367,41,147
13806,2031330,37,117
13807,2031376,41,137
13808,2031331,42,190
13809,2031445,41,148
13810,2031394,39,158
13811,2031476,39,168
13812,2031429,39,149
13813,2031371,40,145
13814,2031326,39,144
13815,2031282,34,139
13816,2031232,43,150
13817,2031200,40,156
13818,2031280,40,137
13819,2031220,39,124
13820,2031262,40,140
13821,2031190,40,136
13822,2031127,37,131
13823,2031077,58,167
13824,2031042,34,128
13825,2033840,42,170
13826,2033775,38,168
13827,2033758,40,140
13828,2033822,99,228
13829,2033861,39,149
13830,2033925,39,152
13831,2033982,40,150
13832,2033856,41,131
13833,2033909,39,141
13834,2033845,42,165
13835,2033814,45,156
13836,2033767,38,151
13837,2033729,41,135
13838,2033573,41,158
13839,2033653,42,159
13840,2033601,39,153
13841,2033562,39,160
13842,2033526,42,154
13843,2033575,41,142
13844,2033515,41,157
13845,2033605,44,152
13846,2033570,46,158
13847,2033534,40,146
13848,2033599,40,143
13849,2033550,43,170
13850,2033640,40,177
13851,2033609,41,142
13852,2033559,40,161
13853,2033643,41,148
13854,2033590,39,162
13855,2033672,36,154
13856,2033637,39,151
13857,2033707,41,159
13858,2033657,41,147
13859,2033602,40,163
13860,2033559,41,143
13861,2033508,41,261
13862,2033583,44,151
13863,2033551,42,155
13864,2033513,39,140
13865,2033561,40,149
13866,2033494,42,172
13867,2033471,39,149
13868,2033433,39,139
13869,2033387,40,153
13870,2033354,41,135
13871,2033301,44,160
13872,2033163,38,156
13873,2033246,40,139
13874,2033287,40,148
13875,2033358,41,165
13876,2033317,39,136
13877,2033379,41,153
13878,2033508,39,150
13879,2033634,42,136
13880,2033748,40,140
13881,2033863,40,163
13882,2033998,42,145
13883,2034123,41,219
13884,2034316,40,174
13885,2034466,40,150
13886,2034595,45,150
13887,2034722,40,141
13888,2034843,41,168
13889,2034989,42,168
13890,2035134,42,163
13891,2035277,39,139
13892,2035393,106,225
13893,2035590,38,148
13894,2035715,41,159
13895,2035852,41,154
13896,2035982,39,147
13897,2036103,40,149
13898,2036224,42,140
13899,2036340,41,157
13900,2036474,42,162
13901,2036615,41,143
13902,2036732,40,162
13903,2036688,42,150
13904,2036755,40,171
13905,2036709,40,141
13906,2036658,40,147
13907,2036615,40,144
13908,2036536,41,139
13909,2036491,40,142
13910,2036433,43,141
13911,2036384,41,154
13912,2036432,39,306
13913,2036712,43,139
13914,2036639,41,141
13915,2036600,43,162
13916,2036510,42,138
13917,2036519,44,121
13918,2036455,44,148
13919,2036492,42,178
13920,2036465,38,143
13921,2036530,40,156
13922,2036499,42,238
13923,2036661,38,159
13924,2036613,39,142
13925,2036563,41,154
13926,2036516,40,143
13927,2036444,38,184
13928,2036436,41,160
13929,2036483,45,153
13930,2036453,42,140
13931,2036515,42,187
13932,2036508,38,155
13933,2036454,41,166
13934,2036544,42,148
13935,2036502,42,136
13936,2036565,43,162
13937,2036535,42,137
13938,2036588,45,159
13939,2036556,40,159
13940,2036642,44,143
13941,2036601,40,151
13942,2036458,41,156
13943,2036535,40,144
13944,2036475,37,143
13945,2036428,41,161
13946,2036408,42,142
13947,2036341,44,156
13948,2036301,42,172
13949,2036373,40,143
13950,2036306,41,155
13951,2036380,41,139
13952,2036303,41,161
13953,2038434,47,174
13954,2038412,42,154
13955,2038383,41,156
13956,2038326,118,223
13957,2038346,43,165
13958,2038433,43,158
13959,2038414,42,169
13960,2038500,39,166
13961,2038491,38,161
13962,2038385,40,151
13963,2038456,42,154
13964,2038423,42,160
13965,2038393,42,169
13966,2038485,39,154
13967,2038452,35,142
13968,2038508,42,140
13969,2038446,42,144
13970,2038400,40,165
13971,2038369,40,157
13972,2038433,43,146
13973,2038378,41,142
13974,2038438,40,137
13975,2038355,45,156
13976,2038333,42,158
13977,2038291,41,156
13978,2038338,46,132
13979,2038103,44,167
13980,2038192,41,142
13981,2038146,45,150
13982,2038220,39,149
13983,2038162,42,161
13984,2038129,40,151
13985,2038076,39,132
13986,2038020,41,145
13987,2037971,45,150
13988,2038013,44,162
13989,2038149,40,162
13990,2038129,43,153
13991,2038200,39,154
13992,2038145,39,132
13993,2038071,40,160
13994,2038049,40,144
13995,2038081,40,148
13996,2038031,43,125
13997,2038081,37,130
13998,2038029,40,144
13999,2038096,42,138
14000,2038053,46,1962
14001,2039937,38,166
14002,2039899,41,155
14003,2039864,39,154
14004,2039828,43,174
14005,2039809,40,144
14006,2039851,38,180
14007,2039831,41,158
14008,2039912,40,162
14009,2039850,41,159
14010,2039817,40,148
14011,2039785,40,166
14012,2039839,39,135
14013,2039949,39,139
14014,2039886,41,151
14015,2039809,41,159
14016,2039855,41,158
14017,2039816,40,147
14018,2039883,40,153
14019,2039849,40,159
14020,2039928,89,206
14021,2039924,40,159
14022,2039906,46,137
14023,2039852,41,139
14024,2039793,39,153
14025,2039837,40,161
14026,2039807,40,154
14027,2039885,40,156
14028,2039864,38,140
14029,2039920,41,155
14030,2039873,40,142
14031,2039830,44,150
14032,2039790,38,154
14033,2039760,40,145
14034,2039717,43,155
14035,2039762,45,273
14036,2039826,46,159
14037,2039908,39,145
14038,2039840,39,129
14039,2039746,40,187
14040,2039821,40,147
14041,2039553,40,148
14042,2039594,38,138
14043,2039652,39,145
14044,2039582,42,149
14045,2039622,42,151
14046,2039563,41,136
14047,2039622,41,140
14048,2039660,39,132
14049,2039768,41,157
14050,2039722,41,178
14051,2039822,40,152
14052,2039882,42,150
14053,2039751,38,157
14054,2039829,42,155
14055,2039807,39,139
14056,2039648,42,165
14057,2039741,45,159
14058,2039715,40,196
14059,2039840,40,133
14060,2039790,39,147
14061,2039853,40,154
14062,2039802,39,156
14063,2039768,40,140
14064,2039715,41,152
14065,2039845,41,180
14066,2039814,42,142
14067,2039876,39,151
14068,2039825,41,140
14069,2039879,40,129
14070,2039820,43,140
14071,2039879,39,167
14072,2039842,39,138
14073,2039882,42,153
14074,2040012,43,149
14075,2040139,41,146
14076,2040262,40,136
14077,2040375,41,166
14078,2040519,40,152
14079,2040645,42,144
14080,2040766,42,148
14081,2043187,40,172
14082,2043337,38,148
14083,2043392,41,139
14084,2043509,94,236
14085,2043724,41,180
14086,2043886,43,168
14087,2044036,40,161
14088,2044183,40,167
14089,2044327,42,140
14090,2044442,40,153
14091,2044574,39,177
14092,2044724,39,265
14093,2044971,44,145
14094,2045090,40,177
14095,2045243,41,154
14096,2045374,40,166
14097,2045515,40,161
14098,2045651,41,167
14099,2045793,41,147
14100,2045914,39,185
14101,2046076,39,140
14102,2046188,38,167
14103,2046229,42,172
14104,2046379,41,154
14105,2046321,41,146
14106,2046276,42,169
14107,2046369,40,138
14108,2046287,37,154
14109,2046347,41,150
14110,2046287,42,161
14111,2046233,39,165
14112,2046188,40,155
14113,2046232,43,170
14114,2046195,38,160
14115,2046280,42,148
14116,2046220,42,160
14117,2046090,40,141
14118,2046155,43,157
14119,2046127,42,187
14120,2046228,42,169
14121,2046185,44,156
14122,2046150,40,150
14123,2046223,46,165
14124,2046215,40,131
14125,2046268,40,145
14126,2046225,40,156
14127,2046311,41,145
14128,2046270,43,141
14129,2046338,41,169
14130,2046322,40,144
14131,2046381,40,189
14132,2046366,38,197
14133,2046371,42,152
14134,2046343,44,156
14135,2046324,42,146
14136,2046288,40,174
14137,2046283,41,146
14138,2046256,40,149
14139,2046215,42,145
14140,2046163,45,240
14141,2046104,40,164
14142,2046195,38,166
14143,2046185,41,168
14144,2046339,42,190
14145,2046344,41,182
14146,2046445,39,144
14147,2046391,42,161
14148,2046463,121,233
14149,2046676,43,161
14150,2046818,39,149
14151,2046764,41,166
14152,2046727,41,175
14153,2046701,41,142
14154,2046661,41,155
14155,2046624,40,136
14156,2046564,42,186
14157,2046538,46,217
14158,2046565,44,229
14159,2046500,43,178
14160,2046605,40,139
14161,2046560,37,157
14162,2046644,44,135
14163,2046589,43,199
14164,2046694,41,165
14165,2046665,42,187
14166,2046545,39,142
14167,2046595,42,142
14168,2046436,41,148
14169,2046501,41,159
14170,2046448,42,139
14171,2046393,39,159
14172,2046448,41,145
14173,2046391,40,144
14174,2046455,40,156
14175,2046407,40,146
14176,2046371,40,137
14177,2046204,40,161
14178,2046292,39,140
14179,2046251,41,150
14180,2046116,40,147
14181,2045962,40,160
14182,2045832,39,170
14183,2045917,41,168
14184,2045874,42,162
14185,2045962,41,154
14186,2045921,42,130
14187,2045968,40,131
14188,2045917,41,158
14189,2045991,45,149
14190,2045952,43,169
14191,2045939,40,161
14192,2045916,41,151
14193,2045965,41,167
14194,2045943,44,147
14195,2045806,40,158
14196,2045893,41,150
14197,2045862,42,180
14198,2045960,40,170
14199,2045937,40,162
14200,2046032,40,168
14201,2045994,40,162
14202,2046071,39,154
14203,2046033,40,140
14204,2046089,40,139
14205,2046017,43,144
14206,2046060,44,146
14207,2046020,42,162
14208,2045893,38,145
14209,2048414,40,157
14210,2048227,40,194
14211,2048341,43,156
14212,2048284,103,207
14213,2048418,42,149
14214,2048396,42,140
14215,2048463,41,161
14216,2048436,39,165
14217,2048327,40,144
14218,2048397,44,164
14219,2048365,41,148
14220,2048438,40,152
14221,2048383,40,148
14222,2048342,44,160
14223,2048305,40,164
14224,2048282,40,138
14225,2048247,42,169
14226,2048220,40,155
14227,2048274,42,155
14228,2048158,40,132
14229,2048087,40,168
14230,2048180,41,161
14231,2048139,40,156
14232,2048091,41,167
14233,2048058,40,161
14234,2048146,38,149
14235,2048088,39,143
14236,2048151,40,152
14237,2048094,42,150
14238,2048046,39,144
14239,2048009,39,161
14240,2047984,42,133
14241,2047906,43,161
14242,2047998,44,164
14243,2047976,43,148
14244,2048048,39,158
14245,2048023,45,157
14246,2048106,43,169
14247,2048065,39,172
14248,2048043,42,151
14249,2048006,44,150
14250,2047969,42,153
14251,2047932,43,168
14252,2047913,38,159
14253,2048048,43,178
14254,2048033,44,153
14255,2048106,44,193
14256,2048104,41,147
14257,2048184,41,217
14258,2048213,40,136
14259,2048066,43,227
14260,2048217,40,167
14261,2048360,40,135
14262,2048298,39,156
14263,2048261,41,145
14264,2048301,42,156
14265,2048433,34,154
14266,2048561,46,149
14267,2048513,36,160
14268,2048488,39,156
14269,2048444,42,165
14270,2048417,40,150
14271,2048382,37,148
14272,2048331,42,127
14273,2048381,44,171
14274,2048332,44,156
14275,2048308,42,150
14276,2048272,95,201
14277,2048275,44,165
14278,2048361,44,167
14279,2048502,42,165
14280,2048646,41,157
14281,2048779,41,162
14282,2048918,39,168
14283,2049063,45,137
14284,2049180,41,160
14285,2049317,40,160
14286,2049452,42,158
14287,2049585,42,146
14288,2049704,40,146
14289,2049832,40,152
14290,2049962,44,163
14291,2049998,48,155
14292,2050128,39,190
14293,2050295,42,140
14294,2050412,41,163
14295,2050552,40,202
14296,2050734,40,213
14297,2050921,38,187
14298,2051085,40,161
14299,2051223,42,162
14300,2051361,38,152
14301,2051491,40,158
14302,2051623,41,186
14303,2051786,41,161
14304,2051750,38,205
14305,2051744,45,160
14306,2051825,39,171
14307,2051814,40,189
14308,2051923,38,138
14309,2051856,44,209
14310,2051871,38,153
14311,2051942,44,156
14312,2051888,38,167
14313,2051877,41,168
14314,2051869,40,131
14315,2051800,41,219
14316,2051833,41,154
14317,2051791,40,159
14318,2051763,40,170
14319,2051733,42,194
14320,2051808,43,180
14321,2051790,38,125
14322,2051838,38,185
14323,2051798,40,255
14324,2051845,42,155
14325,2051895,41,280
14326,2051939,39,194
14327,2052042,40,162
14328,2051985,42,157
14329,2052034,37,179
14330,2052019,41,225
14331,2052164,40,147
14332,2052127,41,160
14333,2051998,38,207
14334,2052125,40,192
14335,2052105,39,141
14336,2052055,40,153
14337,2055561,50,247
14338,2055473,40,194
14339,2055568,44,158
14340,2055488,106,230
14341,2055616,42,169
14342,2055601,42,178
14343,2055694,41,213
14344,2055697,41,150
14345,2055664,40,154
14346,2055621,43,146
14347,2055658,41,165
14348,2055618,39,146
14349,2055686,41,133
14350,2055627,42,156
14351,2055686,46,183
14352,2055664,41,168
14353,2055409,42,144
14354,2055457,42,150
14355,2055524,39,160
14356,2055475,41,146
14357,2055419,43,170
14358,2055406,39,156
14359,2055446,39,158
14360,2055408,40,178
14361,2055510,40,185
14362,2055511,45,151
14363,2055585,38,140
14364,2055547,40,154
14365,2055617,39,145
14366,2055552,42,174
14367,2055546,39,165
14368,2055533,40,147
14369,2055472,43,140
14370,2055513,40,149
14371,2055458,40,154
14372,2055533,41,182
14373,2055503,44,182
14374,2055497,40,135
14375,2055455,40,143
14376,2055412,43,152
14377,2055448,41,168
14378,2055425,42,157
14379,2055508,41,161
14380,2055489,39,133
14381,2055335,37,142
14382,2055402,36,158
14383,2055378,41,143
14384,2055449,41,158
14385,2055423,39,158
14386,2055499,43,170
14387,2055466,38,143
14388,2055405,37,152
14389,2055343,38,153
14390,2055423,40,157
14391,2055387,43,160
14392,2055469,41,147
14393,2055409,44,153
14394,2055369,38,214
14395,2055389,43,142
14396,2055343,41,143
14397,2055384,48,167
14398,2055353,40,142
14399,2055418,41,156
14400,2055357,40,158
14401,2055414,42,169
14402,2055258,42,147
14403,2055130,41,154
14404,2055202,107,226
14405,2055226,41,164
14406,2055188,41,149
14407,2055154,40,155
14408,2055116,43,134
14409,2055068,41,153
14410,2055110,41,165
14411,2055065,39,161
14412,2055134,46,176
14413,2055115,40,149
14414,2055077,41,164
14415,2054889,42,210
14416,2055006,42,168
14417,2055099,41,199
14418,2055078,40,329
14419,2055218,42,132
14420,2055244,41,192
14421,2055244,45,171
14422,2055341,39,161
14423,2055307,46,206
14424,2055219,41,178
14425,2055321,40,156
14426,2055270,41,145
14427,2055209,41,148
14428,2055140,42,149
14429,2055071,42,135
14430,2055108,45,148
14431,2055061,39,142
14432,2055014,42,168
14433,2054998,42,144
14434,2054953,41,132
14435,2054976,41,162
14436,2054940,41,166
14437,2055028,40,148
14438,2054957,41,145
14439,2054924,40,161
14440,2054892,42,152
14441,2054862,45,199
14442,2054864,40,145
14443,2054831,38,163
14444,2054809,41,140
14445,2054753,41,175
14446,2054827,41,156
14447,2054960,41,168
14448,2054921,39,140
14449,2054871,36,143
14450,2054808,42,143
14451,2054848,41,172
14452,2054818,40,143
14453,2054772,42,164
14454,2054858,34,129
14455,2054779,41,154
14456,2054861,42,149
14457,2054828,38,144
14458,2054900,40,145
14459,2054866,43,146
14460,2054900,39,134
14461,2055014,40,148
14462,2055139,45,168
14463,2055285,42,142
14464,2055403,39,148
14465,2057919,46,162
14466,2057929,41,151
14467,2058058,41,171
14468,2058207,93,210
14469,2058394,41,148
14470,2058516,38,176
14471,2058662,33,131
14472,2058765,32,129
14473,2058863,34,152
14474,2058987,32,117
14475,2059093,37,211
14476,2059280,40,141
14477,2059397,36,151
14478,2059295,37,138
14479,2059230,37,136
14480,2059277,33,121
14481,2059259,39,114
14482,2059326,59,166
14483,2059303,33,132
14484,2059353,40,159
14485,2059295,40,140
14486,2059251,40,132
14487,2059311,42,163
14488,2059281,41,141
14489,2059344,37,176
14490,2059323,45,168
14491,2059295,43,162
14492,2059272,40,142
14493,2059311,41,150
14494,2059260,43,173
14495,2059360,42,166
14496,2059345,44,136
14497,2059405,40,167
14498,2059362,48,174
14499,2059329,41,160
14500,2059279,40,170
14501,2059252,40,152
14502,2059317,40,146
14503,2059257,41,153
14504,2059209,40,163
14505,2059251,41,151
14506,2059190,40,158
14507,2059147,39,140
14508,2059092,43,141
14509,2059047,44,160
14510,2059011,40,155
14511,2059065,40,153
14512,2059032,38,162
14513,2059118,34,142
14514,2059070,43,143
14515,2059016,42,170
14516,2059117,40,137
14517,2059068,40,164
14518,2059155,46,168
14519,2059138,42,152
14520,2059210,41,161
14521,2059191,48,145
14522,2059264,41,148
14523,2059226,41,142
14524,2059294,42,159
14525,2059284,41,173
14526,2059379,39,158
14527,2059325,39,141
14528,2059282,42,160
14529,2059262,40,157
14530,2059186,44,145
14531,2059236,42,150
14532,2059103,94,206
14533,2059232,42,142
14534,2059194,42,141
14535,2059255,39,138
14536,2059210,39,147
14537,2059278,40,152
14538,2059254,43,146
14539,2059321,41,136
14540,2059039,33,136
14541,2059082,40,166
14542,2059173,43,140
14543,2059115,40,119
14544,2059147,41,158
14545,2059106,42,169
14546,2059094,38,156
14547,2059143,43,151
14548,2059201,39,151
14549,2059257,45,165
14550,2059220,42,147
14551,2059258,41,149
14552,2059229,41,140
14553,2059300,43,146
14554,2059269,40,146
14555,2059332,40,167
14556,2059316,41,145
14557,2059384,39,148
14558,2059321,41,145
14559,2059264,42,144
14560,2059211,41,134
14561,2059163,41,151
14562,2059125,41,158
14563,2059095,41,154
14564,2059139,42,174
14565,2059292,42,163
14566,2059249,41,124
14567,2059177,52,183
14568,2059181,44,158
14569,2059233,42,163
14570,2059211,41,158
14571,2059296,37,141
14572,2059250,36,128
14573,2059297,38,154
14574,2059274,40,158
14575,2059355,41,154
14576,2059308,42,147
14577,2059345,40,146
14578,2059280,40,146
14579,2059344,40,140
14580,2059284,42,175
14581,2059267,40,159
14582,2059239,42,142
14583,2059192,41,128
14584,2059127,41,145
14585,2059074,41,151
14586,2059038,37,162
14587,2059098,40,140
14588,2059048,39,151
14589,2059125,39,128
14590,2059053,42,165
14591,2059140,42,144
14592,2059191,40,140
14593,2061436,41,173
14594,2061393,38,185
14595,2061392,45,136
14596,2061416,92,203
14597,2061440,40,145
14598,2061514,40,152
14599,2061485,42,125
14600,2061533,42,158
14601,2061489,42,150
14602,2061463,41,161
14603,2061260,42,154
14604,2061344,40,169
14605,2061330,41,128
14606,2061373,42,155
14607,2061331,42,233
14608,2061271,40,173
14609,2061365,41,153
14610,2061309,40,160
14611,2061287,41,150
14612,2061246,39,141
14613,2061208,41,142
14614,2061248,41,153
14615,2061208,40,145
14616,2061271,40,138
14617,2061231,44,133
14618,2061288,42,179
14619,2061288,41,154
14620,2061369,40,151
14621,2061332,40,148
14622,2061401,40,138
14623,2061351,43,141
14624,2061416,43,156
14625,2061362,45,162
14626,2061336,42,118
14627,2061273,38,143
14628,2061235,41,146
14629,2061277,39,143
14630,2061225,38,138
14631,2061285,44,162
14632,2061424,41,147
14633,2061551,44,148
14634,2061679,42,151
14635,2061808,43,151
14636,2061942,42,141
14637,2062061,41,143
14638,2062184,38,142
14639,2062308,39,148
14640,2062434,39,158
14641,2062568,40,164
14642,2062711,39,148
14643,2062839,41,143
14644,2062960,45,158
14645,2063095,42,172
14646,2063049,39,144
14647,2063101,39,141
14648,2063053,42,148
14649,2063124,42,163
14650,2063108,45,162
14651,2063193,43,140
14652,2063129,40,147
14653,2063083,39,178
14654,2063071,39,134
14655,2063026,33,126
14656,2063041,46,170
14657,2063027,43,153
14658,2062852,39,139
14659,2062799,44,143
14660,2062834,109,207
14661,2062846,42,144
14662,2062921,42,135
14663,2062960,39,160
14664,2062933,39,183
14665,2062851,39,154
14666,2062964,44,146
14667,2063092,40,138
14668,2063208,41,141
14669,2063327,43,161
14670,2063470,41,151
14671,2063597,41,140
14672,2063711,40,139
14673,2063823,43,154
14674,2063955,41,161
14675,2064092,40,167
14676,2064236,43,171
14677,2064384,40,138
14678,2064504,40,135
14679,2064617,43,171
14680,2064768,41,158
14681,2064901,42,169
14682,2065045,43,146
14683,2065167,41,166
14684,2065313,40,119
14685,2065405,45,164
14686,2065552,40,145
14687,2065680,40,141
14688,2065798,40,164
14689,2065939,40,164
14690,2065900,40,143
14691,2065829,41,157
14692,2065795,40,156
14693,2065758,40,157
14694,2065712,42,152
14695,2065646,41,153
14696,2065491,42,143
14697,2065550,41,144
14698,2065488,40,139
14699,2065418,41,183
14700,2065523,41,161
14701,2065472,38,144
14702,2065411,42,158
14703,2065494,39,151
14704,2065620,41,154
14705,2065746,40,144
14706,2065863,43,145
14707,2065982,43,148
14708,2066107,43,189
14709,2066276,42,168
14710,2066426,40,144
14711,2066548,40,141
14712,2066666,42,150
14713,2066793,48,159
14714,2066928,39,154
14715,2067059,40,139
14716,2067175,40,141
14717,2067294,40,161
14718,2067436,42,141
14719,2067554,42,153
14720,2067688,40,137
14721,2069904,42,159
14722,2069754,41,160
14723,2069731,41,203
14724,2069857,105,223
14725,2069901,41,244
14726,2069859,41,168
14727,2069836,42,151
14728,2069893,39,147
14729,2069862,40,146
14730,2069822,42,145
14731,2069891,40,164
14732,2070039,41,147
14733,2069976,42,172
14734,2069953,41,156
14735,2069927,40,137
14736,2069987,39,176
14737,2069940,39,139
14738,2070006,41,127
14739,2069950,41,146
14740,2070017,35,132
14741,2069941,42,149
14742,2069904,43,139
14743,2069971,39,149
14744,2069916,38,140
14745,2069782,40,142
14746,2069841,38,177
14747,2069816,37,288
14748,2070085,40,147
14749,2070020,40,139
14750,2069972,42,142
14751,2069931,44,154
14752,2069893,45,144
14753,2069934,40,164
14754,2069906,40,145
14755,2069973,42,166
14756,2069932,42,164
14757,2070006,38,166
14758,2069963,40,140
14759,2069917,39,131
14760,2069951,42,141
14761,2069894,39,150
14762,2069947,40,167
14763,2069927,41,160
14764,2069896,46,147
14765,2069854,44,138
14766,2069883,40,133
14767,2069808,43,138
14768,2069862,40,210
14769,2069868,39,162
14770,2069847,41,156
14771,2069896,41,133
14772,2069834,46,156
14773,2069916,40,156
14774,2069889,43,149
14775,2069961,42,214
14776,2069964,37,163
14777,2069935,40,154
14778,2069986,38,141
14779,2070100,38,142
14780,2070029,40,138
14781,2070090,41,143
14782,2070024,41,176
14783,2070124,44,134
14784,2070046,41,142
14785,2069994,42,142
14786,2069800,40,142
14787,2069863,41,152
14788,2069815,101,216
14789,2069853,41,140
14790,2069614,43,139
14791,2069730,41,161
14792,2069867,41,146
14793,2069989,43,180
14794,2070147,41,128
14795,2070253,37,155
14796,2070383,39,154
14797,2070516,41,147
14798,2070641,39,271
14799,2070885,40,145
14800,2071007,40,142
14801,2071124,39,162
14802,2071263,40,211
14803,2071450,40,154
14804,2071577,41,162
14805,2071548,39,148
14806,2071617,48,131
14807,2071545,40,146
14808,2071607,40,169
14809,2071573,40,149
14810,2071527,43,121
14811,2071356,40,146
14812,2071429,41,171
14813,2071420,43,155
14814,2071493,45,161
14815,2071452,43,150
14816,2071396,39,213
14817,2071430,41,176
14818,2071521,45,140
14819,2071452,42,150
14820,2071493,46,155
14821,2071452,41,156
14822,2071521,40,155
14823,2071475,39,158
14824,2071438,42,124
14825,2071376,43,156
14826,2071343,39,157
14827,2071297,38,145
14828,2071422,40,142
14829,2071386,41,135
14830,2071442,38,138
14831,2071395,41,149
14832,2071451,42,147
14833,2071496,40,155
14834,2071449,40,145
14835,2071408,41,147
14836,2071357,40,131
14837,2071384,43,140
14838,2071327,40,152
14839,2071408,38,154
14840,2071383,40,138
14841,2071444,38,159
14842,2071392,38,143
14843,2071356,39,154
14844,2071412,41,153
14845,2071365,45,154
14846,2071440,42,174
14847,2071399,38,152
14848,2071447,40,146
14849,2073500,41,165
14850,2073327,39,155
14851,2073377,36,165
14852,2073343,91,216
14853,2073463,44,172
14854,2073371,39,156
14855,2073446,40,126
14856,2073368,37,153
14857,2073305,42,165
14858,2073274,41,150
14859,2073329,38,141
14860,2073282,42,151
14861,2073356,39,156
14862,2073322,37,130
14863,2073373,46,151
14864,2073335,41,143
14865,2073402,40,153
14866,2073344,40,145
14867,2073382,42,146
14868,2073331,39,148
14869,2073408,43,138
14870,2073350,38,162
14871,2073438,40,144
14872,2073372,41,155
14873,2073337,42,142
14874,2073290,41,145
14875,2073325,39,147
14876,2073272,40,144
14877,2073337,42,141
14878,2073376,45,141
14879,2073493,41,141
14880,2073606,40,142
14881,2073566,40,158
14882,2073630,39,157
14883,2073591,38,141
14884,2073658,40,158
14885,2073644,42,147
14886,2073713,42,143
14887,2073672,42,157
14888,2073754,42,151
14889,2073813,42,143
14890,2073870,43,159
14891,2073816,42,157
14892,2073894,39,164
14893,2073862,41,144
14894,2073925,40,140
14895,2073869,39,160
14896,2073955,41,164
14897,2073934,40,187
14898,2074034,42,144
14899,2073995,42,156
14900,2074072,38,151
14901,2074201,40,207
14902,2074383,40,137
14903,2074495,39,140
14904,2074613,42,159
14905,2074747,40,143
14906,2074868,45,152
14907,2074995,43,148
14908,2075118,39,142
14909,2075240,43,139
14910,2075353,41,139
14911,2075472,46,157
14912,2075683,41,163
14913,2075822,44,150
14914,2075947,41,146
14915,2075940,42,147
14916,2076063,123,234
14917,2076273,44,163
14918,2076414,45,180
14919,2076575,40,161
14920,2076713,41,135
14921,2076821,40,143
14922,2076942,41,142
14923,2077063,40,153
14924,2076994,43,153
14925,2077071,40,139
14926,2077123,42,140
14927,2077181,41,160
14928,2077133,40,148
14929,2077172,42,138
14930,2077086,40,134
14931,2077142,43,152
14932,2077107,40,156
14933,2077184,40,156
14934,2077131,41,159
14935,2077107,41,141
14936,2077047,40,163
14937,2077025,40,140
14938,2076982,39,147
14939,2076933,43,216
14940,2076961,42,145
14941,2076904,41,142
14942,2076840,40,134
14943,2076771,41,159
14944,2076753,41,179
14945,2076746,39,161
14946,2076722,41,209
14947,2076731,43,156
14948,2076716,43,144
14949,2076673,41,159
14950,2076538,41,139
14951,2076593,44,164
14952,2076556,41,154
14953,2076508,40,193
14954,2076506,40,140
14955,2076472,42,150
14956,2076434,41,144
14957,2076509,40,149
14958,2076464,43,163
14959,2076549,42,152
14960,2076515,44,164
14961,2076597,41,151
14962,2076548,40,159
14963,2076526,41,145
14964,2076491,43,154
14965,2076441,39,159
14966,2076398,45,185
14967,2076480,41,146
14968,2076419,40,168
14969,2076516,45,164
14970,2076490,39,158
14971,2076568,41,209
14972,2076567,43,155
14973,2076524,45,164
14974,2076508,38,176
14975,2076496,41,140
14976,2076437,41,154
14977,2078882,40,190
14978,2078982,39,180
14979,2079076,42,157
14980,2079036,93,218
14981,2079176,39,179
14982,2079139,41,162
14983,2079109,40,148
14984,2079074,39,158
14985,2079117,40,155
14986,2079074,41,157
14987,2079157,39,162
14988,2079139,42,150
14989,2079211,39,158
14990,2079182,46,164
14991,2079321,41,165
14992,2079282,42,146
14993,2079240,40,157
14994,2079208,42,158
14995,2079172,42,149
14996,2079135,42,140
14997,2079101,41,178
14998,2079087,38,177
14999,2079071,40,160
15000,2079046,49,1827
15001,2080700,37,150
15002,2080642,39,168
15003,2080611,40,146
15004,2080579,38,123
15005,2080500,39,148
15006,2080455,38,132
15007,2080382,42,169
15008,2080368,40,165
15009,2080349,43,171
15010,2080329,39,146
15011,2080365,39,146
15012,2080323,42,165
15013,2080411,41,156
15014,2080382,38,160
15015,2080468,40,151
15016,2080415,41,170
15017,2080504,41,188
15018,2080482,42,119
15019,2080412,40,158
15020,2080458,45,174
15021,2080437,39,169
15022,2080536,39,167
15023,2080683,45,155
15024,2080636,40,149
15025,2080601,40,160
15026,2080573,40,165
15027,2080565,39,189
15028,2080557,48,151
15029,2080633,43,164
15030,2080588,43,143
15031,2080546,42,143
15032,2080613,40,147
15033,2080576,43,154
15034,2080645,42,146
15035,2080591,39,144
15036,2080534,40,153
15037,2080508,38,157
15038,2080556,39,153
15039,2080295,40,200
15040,2080473,45,200
15041,2080609,43,164
15042,2080568,39,175
15043,2080541,46,181
15044,2080618,91,196
15045,2080790,42,133
15046,2080743,40,150
15047,2080816,41,136
15048,2080773,42,163
15049,2080859,42,166
15050,2080841,40,163
15051,2080926,43,168
15052,2080875,40,150
15053,2080999,45,175
15054,2080966,39,150
15055,2080925,40,158
15056,2080977,43,144
15057,2080920,42,155
15058,2080991,41,148
15059,2081031,43,158
15060,2081170,48,148
15061,2081126,37,156
15062,2081205,46,147
15063,2081162,43,132
15064,2081207,39,153
15065,2081161,43,170
15066,2081139,41,148
15067,2081107,44,123
15068,2081035,38,180
15069,2081028,43,148
15070,2080991,40,140
15071,2080953,42,160
15072,2080933,45,155
15073,2080977,40,130
15074,2080914,41,142
15075,2080982,42,163
15076,2080958,44,159
15077,2081039,45,167
15078,2080998,41,156
15079,2080967,43,163
15080,2080947,41,170
15081,2081007,42,166
15082,2080971,43,169
15083,2081066,40,151
15084,2081029,42,146
15085,2081097,40,141
15086,2081057,42,141
15087,2081116,43,161
15088,2081066,40,157
15089,2081033,40,139
15090,2081083,44,158
15091,2081217,44,148
15092,2081343,41,146
15093,2081468,39,163
15094,2081611,41,150
15095,2081741,42,133
15096,2081828,39,142
15097,2081945,43,162
15098,2082081,40,166
15099,2082228,41,159
15100,2082361,42,143
15101,2082484,42,166
15102,2082527,41,148
15103,2082653,41,164
15104,2082793,41,131
15105,2085597,47,195
15106,2085641,39,142
15107,2085757,44,173
15108,2085718,106,218
15109,2085863,42,158
15110,2085827,40,154
15111,2085787,41,169
15112,2085879,39,141
15113,2085815,42,127
15114,2085863,39,145
15115,2085821,40,178
15116,2085923,43,141
15117,2085878,42,128
15118,2085932,41,161
15119,2085907,42,132
15120,2085956,38,140
15121,2085878,38,166
15122,2085863,41,152
15123,2085814,40,163
15124,2085783,40,176
15125,2085764,40,133
15126,2085716,40,182
15127,2085715,40,143
15128,2085672,41,150
15129,2085716,40,184
15130,2085692,40,149
15131,2085765,41,151
15132,2085731,43,171
15133,2085823,39,145
15134,2085796,42,174
15135,2085782,42,136
15136,2085841,42,173
15137,2085804,42,141
15138,2085752,42,140
15139,2085696,41,145
15140,2085644,39,146
15141,2085595,41,167
15142,2085584,41,158
15143,2085561,44,155
15144,2085537,41,164
15145,2085511,42,140
15146,2085540,39,158
15147,2085682,45,173
15148,2085653,43,147
15149,2085612,46,187
15150,2085613,42,163
15151,2085588,40,147
15152,2085539,43,168
15153,2085515,39,139
15154,2085473,39,158
15155,2085539,41,179
15156,2085501,46,163
15157,2085586,42,143
15158,2085621,41,139
15159,2085740,41,137
15160,2085697,45,192
15161,2085813,40,162
15162,2085764,41,143
15163,2085720,41,142
15164,2085597,41,167
15165,2085660,42,167
15166,2085725,42,168
15167,2085704,40,150
15168,2085773,43,160
15169,2085757,39,142
15170,2085573,41,144
15171,2085687,39,153
15172,2085635,105,290
15173,2085737,44,171
15174,2085719,43,172
15175,2085779,40,158
15176,2085728,40,161
15177,2085810,45,134
15178,2085740,41,118
15179,2085654,43,169
15180,2085644,41,149
15181,2085689,42,142
15182,2085735,40,149
15183,2085785,39,144
15184,2085906,42,146
15185,2085850,39,145
15186,2085915,41,164
15187,2085875,39,144
15188,2085835,42,173
15189,2085804,40,150
15190,2085771,40,153
15191,2085730,43,148
15192,2085696,39,150
15193,2085657,40,136
15194,2085617,40,153
15195,2085562,41,157
15196,2085529,40,144
15197,2085595,42,178
15198,2085577,40,156
15199,2085533,42,154
15200,2085504,38,146
15201,2085453,43,162
15202,2085418,35,117
15203,2085342,34,160
15204,2085391,34,134
15205,2085329,38,153
15206,2085405,38,146
15207,2085359,36,156
15208,2085438,39,134
15209,2085385,40,157
15210,2085461,34,152
15211,2085412,40,143
15212,2085371,38,123
15213,2085387,32,143
15214,2085315,31,121
15215,2085356,41,134
15216,2085315,40,138
15217,2085379,42,146
15218,2085312,41,163
15219,2085361,40,149
15220,2085309,41,139
15221,2085374,41,135
15222,2085333,42,130
15223,2085379,39,131
15224,2085301,40,135
15225,2085247,34,148
15226,2085207,40,122
15227,2084962,37,130
15228,2085007,34,112
15229,2084931,34,126
15230,2084979,31,123
15231,2084901,37,138
15232,2084955,35,125
15233,2087114,37,125
15234,2087002,43,209
15235,2087120,36,147
15236,2087065,76,166
15237,2087033,42,110
15238,2087068,40,154
15239,2087017,37,127
15240,2087061,36,145
15241,2086997,37,144
15242,2086958,36,157
15243,2086931,36,135
15244,2086883,37,141
15245,2086839,36,121
15246,2086757,37,125
15247,2086689,39,169
15248,2086760,38,131
15249,2086864,37,143
15250,2086805,36,149
15251,2086759,37,136
15252,2086706,40,131
15253,2086756,37,142
15254,2086683,41,118
15255,2086512,40,142
15256,2086576,37,133
15257,2086515,38,126
15258,2086370,39,141
15259,2086429,35,126
15260,2086372,41,152
15261,2086449,35,128
15262,2086389,38,115
15263,2086423,38,129
15264,2086346,38,132
15265,2086278,39,135
15266,2086337,37,126
15267,2086288,37,136
15268,2086346,38,143
15269,2086304,39,140
15270,2086360,38,152
15271,2086326,39,142
15272,2086384,40,140
15273,2086349,38,135
15274,2086405,38,113
15275,2086311,42,125
15276,2086248,35,135
15277,2086186,39,141
15278,2086230,35,123
15279,2086331,36,140
15280,2086445,40,133
15281,2086553,37,124
15282,2086654,35,120
15283,2086747,38,123
15284,2086842,37,125
15285,2086943,35,143
15286,2087057,36,135
15287,2087168,37,138
15288,2087279,38,120
15289,2087090,37,125
15290,2087186,36,146
15291,2087307,37,139
15292,2087424,40,144
15293,2087543,38,137
15294,2087653,36,127
15295,2087754,37,130
15296,2087861,38,137
15297,2087973,39,146
15298,2087887,37,125
15299,2087825,38,167
15300,2087909,82,185
15301,2087900,39,143
15302,2087965,40,133
15303,2087908,40,131
15304,2087962,35,124
15305,2087899,38,129
15306,2087944,36,129
15307,2087868,37,157
15308,2087833,40,150
15309,2087800,39,126
15310,2087724,37,128
15311,2087665,36,127
15312,2087506,39,136
15313,2087562,39,131
15314,2087513,36,136
15315,2087567,35,131
15316,2087506,37,139
15317,2087567,40,145
15318,2087532,38,137
15319,2087588,37,134
15320,2087511,38,135
15321,2087461,42,191
15322,2087626,39,137
15323,2087740,38,134
15324,2087848,38,125
15325,2087948,36,127
15326,2088050,38,137
15327,2088159,38,121
15328,2088254,38,121
15329,2088350,37,121
15330,2088446,37,134
15331,2088552,39,138
15332,2088663,36,132
15333,2088770,38,133
15334,2088876,37,124
15335,2088974,38,145
15336,2089093,37,135
15337,2089203,38,133
15338,2089313,38,121
15339,2089411,40,130
15340,2089517,37,131
15341,2089622,37,126
15342,2089725,37,121
15343,2089821,37,133
15344,2089927,38,151
15345,2090050,37,120
15346,2089982,39,156
15347,2090058,38,135
15348,2090019,40,164
15349,2090095,32,118
15350,2090001,38,116
15351,2089835,32,129
15352,2089864,33,110
15353,2089759,32,117
15354,2089644,33,119
15355,2089577,32,134
15356,2089510,35,134
15357,2089441,33,108
15358,2089461,36,134
15359,2089380,34,118
15360,2089323,40,131
15361,2091486,39,154
15362,2091442,40,154
15363,2091397,37,135
15364,2091345,108,215
15365,2091395,40,159
15366,2091380,43,152
15367,2091329,39,157
15368,2091303,39,156
15369,2091276,42,152
15370,2091248,44,161
15371,2091220,38,159
15372,2091197,37,129
15373,2091130,43,175
15374,2091227,36,140
15375,2091181,35,142
15376,2091249,37,148
15377,2091203,40,159
15378,2091265,36,139
15379,2091214,39,162
15380,2091266,40,133
15381,2091201,41,159
15382,2091286,40,157
15383,2091251,39,142
15384,2091318,41,155
15385,2091255,41,156
15386,2091193,40,142
15387,2091258,43,147
15388,2091218,44,144
15389,2091287,38,126
15390,2091231,36,130
15391,2091280,42,180
15392,2091273,34,125
15393,2091321,41,141
15394,2091276,41,151
15395,2091346,39,167
15396,2091306,42,146
15397,2091267,43,171
15398,2091252,40,170
15399,2091311,40,167
15400,2091272,39,144
15401,2091344,40,149
15402,2091294,41,149
15403,2091360,41,165
15404,2091347,39,161
15405,2091434,40,135
15406,2091380,42,174
15407,2091477,39,211
15408,2091514,38,156
15409,2091596,41,159
15410,2091652,41,143
15411,2091730,40,154
15412,2091787,40,146
15413,2091829,39,148
15414,2091629,41,157
15415,2091504,40,134
15416,2091562,41,163
15417,2091547,43,185
15418,2091656,39,137
15419,2091595,46,151
15420,2091663,39,148
15421,2091607,40,153
15422,2091584,41,147
15423,2091526,43,147
15424,2091491,41,174
15425,2091469,40,158
15426,2091385,40,166
15427,2091454,47,163
15428,2091412,124,233
15429,2091438,44,159
15430,2091488,45,164
15431,2091447,44,179
15432,2091548,39,138
15433,2091500,42,163
15434,2091586,42,148
15435,2091526,44,146
15436,2091488,43,157
15437,2091462,40,143
15438,2091533,38,136
15439,2091483,41,159
15440,2091572,38,153
15441,2091704,40,143
15442,2091825,41,134
15443,2091938,46,153
15444,2092071,46,145
15445,2092195,41,193
15446,2092371,44,163
15447,2092515,41,147
15448,2092639,41,147
15449,2092763,42,142
15450,2092884,42,147
15451,2093013,45,167
15452,2093156,39,154
15453,2093287,38,161
15454,2093424,41,144
15455,2093544,40,149
15456,2093672,38,152
15457,2093798,39,160
15458,2093935,39,143
15459,2093869,42,161
15460,2093823,42,155
15461,2093689,42,151
15462,2093761,41,158
15463,2093735,44,151
15464,2093809,38,142
15465,2093737,41,147
15466,2093696,44,146
15467,2093629,41,139
15468,2093743,46,141
15469,2093681,42,145
15470,2093628,44,232
15471,2093660,37,139
15472,2093602,40,161
15473,2093693,40,145
15474,2093660,41,151
15475,2093733,41,158
15476,2093637,40,170
15477,2093587,41,207
15478,2093716,42,167
15479,2093696,40,140
15480,2093759,41,144
15481,2093718,40,218
15482,2093857,44,192
15483,2093870,40,152
15484,2093948,41,158
15485,2093929,41,139
15486,2093985,42,220
15487,2094004,40,191
15488,2094083,38,225
15489,2096315,46,485
15490,2096456,39,178
15491,2096446,40,146
15492,2096491,104,228
15493,2096505,41,165
15494,2096473,42,150
15495,2096427,40,158
15496,2096407,43,234
15497,2096446,42,186
15498,2096532,42,200
15499,2096535,43,152
15500,2096611,40,155
15501,2096587,46,160
15502,2096669,41,157
15503,2096630,41,169
15504,2096724,43,170
15505,2096685,38,148
15506,2096807,44,143
15507,2096738,39,155
15508,2096715,41,166
15509,2096806,43,168
15510,2096783,41,146
15511,2096835,39,142
15512,2096788,38,176
15513,2096757,39,132
15514,2096695,41,144
15515,2096733,44,165
15516,2096709,40,130
15517,2096765,42,145
15518,2096884,40,153
15519,2097013,42,158
15520,2097151,43,153
15521,2097280,42,154
15522,2097408,42,178
15523,2097569,42,161
15524,2097709,42,160
15525,2097846,39,177
15526,2097999,69,167
15527,2098144,41,143
15528,2098264,40,166
15529,2098408,42,201
15530,2098588,48,193
15531,2098763,42,198
15532,2098936,42,162
15533,2099081,42,122
15534,2099178,41,153
15535,2099308,43,165
15536,2099452,41,194
15537,2099622,38,176
15538,2099776,40,157
15539,2099805,41,152
15540,2099933,39,185
15541,2100099,41,2389
15542,2102465,40,150
15543,2102592,42,129
15544,2102695,38,180
15545,2102854,42,153
15546,2102984,41,157
15547,2102956,39,164
15548,2103039,39,166
15549,2103113,40,164
15550,2103007,41,157
15551,2103087,43,165
15552,2103144,42,167
15553,2103224,39,169
15554,2103180,43,200
15555,2103186,40,143
15556,2103217,95,222
15557,2103415,39,163
15558,2103380,40,141
15559,2103447,40,149
15560,2103576,40,138
15561,2103537,40,156
15562,2103614,41,144
15563,2103579,46,187
15564,2103692,42,144
15565,2103626,40,149
15566,2103589,40,159
15567,2103655,39,160
15568,2103794,36,168
15569,2103758,40,182
15570,2103648,41,137
15571,2103705,40,183
15572,2103704,40,156
15573,2103781,40,160
15574,2103724,43,146
15575,2103573,37,143
15576,2103634,40,167
15577,2103590,41,157
15578,2103567,41,180
15579,2103558,41,142
15580,2103521,41,164
15581,2103498,41,155
15582,2103474,40,147
15583,2103408,40,157
15584,2103264,37,136
15585,2103324,42,145
15586,2103285,40,149
15587,2103351,41,161
15588,2103306,40,140
15589,2103252,40,146
15590,2103204,38,139
15591,2103163,40,122
15592,2103097,42,167
15593,2103067,41,165
15594,2103050,43,162
15595,2103103,40,208
15596,2103137,42,137
15597,2103001,41,146
15598,2103067,42,148
15599,2103006,44,201
15600,2103003,42,164
15601,2102818,40,171
15602,2102887,39,153
15603,2102974,42,154
15604,2102954,41,163
15605,2103042,39,144
15606,2103011,42,146
15607,2102955,37,236
15608,2103111,40,145
15609,2103048,38,144
15610,2103008,40,155
15611,2103064,41,145
15612,2103013,42,212
15613,2103143,40,180
15614,2103120,39,139
15615,2103078,40,157
15616,2103048,39,154
15617,2105307,50,168
15618,2105286,43,156
15619,2105250,42,162
15620,2105330,95,196
15621,2105341,45,168
15622,2105434,42,155
15623,2105420,39,162
15624,2105502,41,167
15625,2105491,43,155
15626,2105570,42,168
15627,2105559,39,164
15628,2105647,46,140
15629,2105687,39,151
15630,2105774,39,169
15631,2105758,40,170
15632,2105853,41,245
15633,2105896,38,189
15634,2106008,40,163
15635,2105968,38,182
15636,2105974,40,162
15637,2105948,38,203
15638,2106045,40,148
15639,2114769,44,266
15640,2114954,39,181
15641,2114955,36,138
15642,2115004,40,242
15643,2115032,44,176
15644,2115129,40,144
15645,2115084,40,160
15646,2115172,38,171
15647,2115151,42,141
15648,2115197,40,145
15649,2115151,38,158
15650,2115229,37,149
15651,2115177,44,138
15652,2115117,37,147
15653,2115158,38,151
15654,2115282,37,118
15655,2115187,39,152
15656,2115242,36,141
15657,2115180,36,171
15658,2115276,41,135
15659,2115220,40,147
15660,2115289,40,179
15661,2115261,37,135
15662,2115295,36,143
15663,2114953,39,144
15664,2115001,36,144
15665,2115042,38,135
15666,2114988,39,169
15667,2114962,40,144
15668,2114921,41,153
15669,2114894,39,149
15670,2114928,45,165
15671,2114901,43,203
15672,2115023,39,131
15673,2114947,41,229
15674,2114987,43,170
15675,2114973,40,150
15676,2114941,40,210
15677,2114971,40,184
15678,2115041,40,168
15679,2115099,39,143
15680,2115220,41,150
15681,2115163,41,156
15682,2114989,42,144
15683,2114944,42,168
15684,2114920,161,257
15685,2114990,43,162
15686,2114971,41,159
15687,2115027,43,154
15688,2114977,40,133
15689,2115025,44,159
15690,2114973,40,162
15691,2114953,41,146
15692,2114907,39,145
15693,2114877,43,152
15694,2114827,41,151
15695,2114779,41,144
15696,2114717,40,160
15697,2114665,38,142
15698,2114601,38,144
15699,2114542,40,155
15700,2114484,40,156
15701,2114386,43,165
15702,2114467,41,161
15703,2114425,40,143
15704,2114361,40,145
15705,2114210,41,147
15706,2114282,43,166
15707,2114266,40,168
15708,2114358,46,179
15709,2114356,40,142
15710,2114420,43,151
15711,2114391,40,151
15712,2114463,41,146
15713,2114403,46,170
15714,2114401,40,153
15715,2114347,40,152
15716,2114379,41,169
15717,2114334,42,146
15718,2114400,43,165
15719,2114544,47,177
15720,2114696,40,153
15721,2114829,37,150
15722,2114953,41,149
15723,2115083,39,151
15724,2115210,65,176
15725,2115368,40,147
15726,2115202,42,131
15727,2115308,41,150
15728,2115433,42,156
15729,2115565,39,150
15730,2115689,44,144
15731,2115817,40,171
15732,2115964,42,148
15733,2116090,43,150
15734,2116219,43,156
15735,2116350,42,160
15736,2116488,39,145
15737,2116614,37,154
15738,2116749,39,141
15739,2116867,41,129
15740,2116976,41,177
15741,2116974,38,159
15742,2117058,41,133
15743,2117012,41,151
15744,2117082,40,137
15745,2119507,123,244
15746,2119565,42,155
15747,2119515,43,186
15748,2119544,98,215
15749,2119577,40,160
15750,2119531,38,168
15751,2119512,40,153
15752,2119554,41,150
15753,2119492,40,171
15754,2119586,40,163
15755,2119564,41,166
15756,2119650,40,142
15757,2119591,40,171
15758,2119547,42,141
15759,2119486,38,148
15760,2119453,43,155
15761,2119422,41,162
15762,2119488,41,142
15763,2119436,42,146
15764,2119503,39,151
15765,2119442,41,137
15766,2119398,40,150
15767,2119438,45,156
15768,2119406,40,146
15769,2119474,41,151
15770,2119444,43,157
15771,2119521,40,136
15772,2119478,46,155
15773,2119355,39,132
15774,2119411,38,169
15775,2119388,40,134
15776,2119444,40,159
15777,2119430,44,165
15778,2119521,40,143
15779,2119483,41,133
15780,2119541,41,155
15781,2119489,42,142
15782,2119530,40,147
15783,2119472,38,144
15784,2119540,39,149
15785,2119498,41,160
15786,2119562,44,151
15787,2119422,39,141
15788,2119284,41,166
15789,2119355,42,149
15790,2119429,42,189
15791,2119413,41,153
15792,2119490,40,154
15793,2119460,41,154
15794,2119541,42,145
15795,2119473,49,202
15796,2119481,40,136
15797,2119438,41,156
15798,2119415,45,162
15799,2119382,43,161
15800,2119434,41,164
15801,2119424,44,155
15802,2119503,41,154
15803,2119477,41,136
15804,2119535,41,134
15805,2119469,38,149
15806,2119434,38,149
15807,2119399,38,135
15808,2119370,39,157
15809,2119413,40,169
15810,2119352,37,153
15811,2119310,40,129
15812,2119333,95,194
15813,2119307,55,137
15814,2119374,41,159
15815,2119344,40,161
15816,2119428,38,145
15817,2119400,42,136
15818,2119442,40,137
15819,2119358,40,131
15820,2119296,40,133
15821,2119318,47,141
15822,2119259,40,138
15823,2119321,38,152
15824,2119286,43,153
15825,2119366,39,171
15826,2119335,47,149
15827,2119288,43,147
15828,2119254,44,147
15829,2119206,44,151
15830,2119158,40,133
15831,2119214,42,143
15832,2119147,37,141
15833,2119095,40,153
15834,2119059,42,128
15835,2119001,44,153
15836,2118965,42,160
15837,2119016,37,142
15838,2118965,43,147
15839,2119038,39,156
15840,2119014,42,150
15841,2119082,39,155
15842,2119037,40,146
15843,2118993,40,118
15844,2119011,40,152
15845,2118970,40,171
15846,2119059,41,139
15847,2118995,44,164
15848,2118971,42,142
15849,2118930,39,133
15850,2118870,37,153
15851,2118661,43,155
15852,2118736,42,141
15853,2118696,40,140
15854,2118756,41,149
15855,2118701,40,144
15856,2118652,45,154
15857,2118698,40,162
15858,2118660,38,153
15859,2118752,40,151
15860,2118714,39,137
15861,2118773,43,163
15862,2118761,40,147
15863,2118831,40,144
15864,2118799,38,138
15865,2118862,39,159
15866,2118839,41,314
15867,2119080,42,144
15868,2119020,41,129
15869,2118950,41,160
15870,2118922,39,188
15871,2118926,41,317
15872,2119060,41,206
15873,2121684,48,216
15874,2121721,39,175
15875,2121716,40,147
15876,2121673,102,220
15877,2121714,42,186
15878,2121712,39,145
15879,2121749,39,146
15880,2121689,41,126
15881,2121735,39,155
15882,2121716,41,142
15883,2121776,40,122
15884,2121697,38,176
15885,2121690,43,151
15886,2121741,40,162
15887,2121716,43,153
15888,2121792,41,150
15889,2121758,40,162
15890,2121839,37,153
15891,2121808,43,162
15892,2121891,39,150
15893,2121860,44,160
15894,2121756,44,159
15895,2121841,44,135
15896,2121769,42,151
15897,2121728,40,145
15898,2121679,40,136
15899,2121707,47,137
15900,2121646,45,161
15901,2121728,38,147
15902,2121687,41,164
15903,2121773,39,143
15904,2121705,41,133
15905,2121648,42,178
15906,2121716,39,143
15907,2121663,42,145
15908,2121728,41,158
15909,2121865,39,138
15910,2121979,41,156
15911,2122113,41,148
15912,2122245,41,163
15913,2122290,43,147
15914,2122412,38,155
15915,2122545,38,153
15916,2122672,41,153
15917,2122804,41,154
15918,2122934,42,158
15919,2123077,44,176
15920,2123230,41,164
15921,2123367,41,156
15922,2123498,40,137
15923,2123609,39,140
15924,2123723,40,144
15925,2123849,40,149
15926,2123977,42,155
15927,2124105,41,143
15928,2124229,40,166
15929,2124370,38,145
15930,2124493,42,149
15931,2124620,44,318
15932,2124911,41,146
15933,2125034,41,131
15934,2125140,39,152
15935,2125264,45,157
15936,2125394,40,136
15937,2125324,40,163
15938,2125414,39,160
15939,2125350,38,132
15940,2125279,120,236
15941,2125325,38,145
15942,2125270,39,188
15943,2125276,40,153
15944,2125242,39,166
15945,2125300,40,147
15946,2125245,41,151
15947,2125321,43,152
15948,2125263,41,163
15949,2125235,39,153
15950,2125200,39,139
15951,2125153,40,144
15952,2125110,39,269
15953,2125274,40,133
15954,2125217,40,167
15955,2125305,44,162
15956,2125262,41,163
15957,2125250,38,145
15958,2125207,38,135
15959,2125225,39,144
15960,2125168,42,155
15961,2125251,39,151
15962,2125218,40,159
15963,2125302,42,161
15964,2125248,42,144
15965,2125217,40,156
15966,2125184,46,169
15967,2125159,42,140
15968,2125113,41,169
15969,2125175,43,152
15970,2125114,40,140
15971,2125182,39,144
15972,2125147,42,155
15973,2125229,39,144
15974,2125189,41,149
15975,2125151,38,160
15976,2125218,41,247
15977,2125277,41,162
15978,2125260,41,167
15979,2125239,39,161
15980,2125222,40,144
15981,2125249,42,153
15982,2125209,41,148
15983,2125276,40,146
15984,2125252,39,143
15985,2125323,42,134
15986,2125278,39,132
15987,2125333,41,147
15988,2125274,43,166
15989,2125244,43,143
15990,2125280,43,163
15991,2125244,52,184
15992,2125354,40,155
15993,2125289,42,157
15994,2125339,40,156
15995,2125303,41,163
15996,2125390,41,164
15997,2125342,42,270
15998,2125502,41,150
15999,2125453,40,162
16000,2125538,40,2553
16001,2130195,44,224
16002,2130233,69,184
16003,2130233,38,170
16004,2130225,89,262
16005,2130297,40,159
16006,2130348,40,159
16007,2130310,39,170
16008,2130398,40,150
16009,2130336,43,146
16010,2130373,45,155
16011,2130334,37,153
16012,2130407,40,141
16013,2130337,39,190
16014,2130419,39,150
16015,2130371,42,159
16016,2130457,41,150
16017,2130425,42,174
16018,2130525,40,148
16019,2130489,46,166
16020,2130582,42,152
16021,2130551,43,151
16022,2130599,42,153
16023,2130448,45,168
16024,2130540,45,135
16025,2130488,41,170
16026,2130582,38,152
16027,2130526,42,150
16028,2130487,38,144
16029,2130439,43,151
16030,2130479,40,180
16031,2130471,39,157
16032,2130556,40,137
16033,2130504,40,143
16034,2130570,41,165
16035,2130554,40,152
16036,2130629,40,163
16037,2130610,41,158
16038,2130463,39,153
16039,2130537,39,155
16040,2130484,37,151
16041,2130451,42,149
16042,2130502,40,141
16043,2130459,39,150
16044,2130522,41,172
16045,2130491,40,158
16046,2130542,41,163
16047,2130490,41,161
16048,2130575,38,134
16049,2130530,44,161
16050,2130586,39,152
16051,2130454,41,154
16052,2130527,38,162
16053,2130494,42,148
16054,2130564,41,149
16055,2130508,40,160
16056,2130380,40,137
16057,2130442,42,153
16058,2130389,43,159
16059,2130339,43,133
16060,2130287,42,163
16061,2130348,41,151
16062,2130298,39,115
16063,2130346,40,159
16064,2130312,40,164
16065,2130400,44,163
16066,2130338,39,147
16067,2130384,40,159
16068,2130352,103,220
16069,2130497,43,151
16070,2130467,41,149
16071,2130540,42,153
16072,2130513,42,142
16073,2130571,40,162
16074,2130549,41,160
16075,2130621,40,144
16076,2130563,43,144
16077,2130429,42,166
16078,2130519,40,165
16079,2130472,40,155
16080,2130440,45,157
16081,2130496,41,164
16082,2130469,42,165
16083,2130559,42,150
16084,2130508,40,156
16085,2130471,45,136
16086,2130500,40,156
16087,2130441,42,155
16088,2130519,40,165
16089,2130494,40,132
16090,2130544,43,149
16091,2130476,41,159
16092,2130421,44,165
16093,2130297,32,121
16094,2130342,44,158
16095,2130316,42,159
16096,2130398,41,194
16097,2130416,40,172
16098,2130504,41,142
16099,2130439,42,158
16100,2130413,40,131
16101,2130359,40,153
16102,2130434,41,142
16103,2130369,38,123
16104,2130313,44,149
16105,2130350,41,152
16106,2130395,39,127
16107,2130449,39,136
16108,2130560,42,169
16109,2130707,43,151
16110,2130832,42,158
16111,2130970,40,151
16112,2131095,41,167
16113,2131242,40,155
16114,2131372,43,163
16115,2131509,40,158
16116,2131641,42,177
16117,2131793,34,136
16118,2131902,42,149
16119,2132028,42,163
16120,2132166,39,165
16121,2132309,47,163
16122,2132444,37,148
16123,2132568,37,142
16124,2132688,42,162
16125,2132825,42,156
16126,2132958,44,161
16127,2133093,38,140
16128,2133217,42,148
16129,2137021,45,165
16130,2137065,41,201
16131,2137247,41,147
16132,2137373,110,239
16133,2137596,39,150
16134,2137722,43,190
16135,2137889,38,146
16136,2138013,38,156
16137,2138142,38,169
16138,2138287,39,136
16139,2138403,40,132
16140,2138513,40,159
16141,2138482,42,182
16142,2138586,42,144
16143,2138552,40,168
16144,2138643,40,155
16145,2138614,41,156
16146,2138692,40,164
16147,2138663,44,138
16148,2138725,44,154
16149,2138696,44,150
16150,2138766,38,159
16151,2138721,40,137
16152,2138671,40,153
16153,2138648,40,169
16154,2138712,39,132
16155,2138641,41,154
16156,2138716,41,161
16157,2138667,41,155
16158,2138631,43,142
16159,2138583,41,169
16160,2138650,38,162
16161,2138607,41,158
16162,2138691,38,159
16163,2138660,38,150
16164,2138714,41,169
16165,2138668,40,141
16166,2138708,41,151
16167,2138670,40,172
16168,2138764,39,166
16169,2138740,40,167
16170,2138834,48,161
16171,2138815,38,150
16172,2138881,43,146
16173,2138820,43,153
16174,2138778,40,135
16175,2138806,38,155
16176,2138768,43,162
16177,2138859,40,128
16178,2138795,38,145
16179,2138834,33,113
16180,2138638,37,125
16181,2138686,42,163
16182,2138644,43,168
16183,2138623,39,224
16184,2138736,38,206
16185,2138641,45,127
16186,2138690,41,159
16187,2138655,41,164
16188,2138747,40,128
16189,2138685,36,134
16190,2138740,38,132
16191,2138665,38,137
16192,2138695,41,151
16193,2138649,42,173
16194,2138471,42,145
16195,2138518,37,144
16196,2138452,110,278
16197,2138523,41,149
16198,2138367,39,209
16199,2138486,40,147
16200,2138425,41,168
16201,2138516,38,151
16202,2138459,41,147
16203,2138422,41,144
16204,2138460,41,158
16205,2138417,39,208
16206,2138556,41,374
16207,2138723,39,233
16208,2138765,41,200
16209,2138780,42,168
16210,2138837,40,168
16211,2138810,42,165
16212,2138899,42,153
16213,2138867,39,171
16214,2138960,40,170
16215,2138930,38,168
16216,2139071,40,179
16217,2139232,40,192
16218,2139222,40,236
16219,2139383,40,204
16220,2139403,39,159
16221,2139490,40,158
16222,2139545,42,164
16223,2139435,45,162
16224,2139515,42,159
16225,2139402,43,155
16226,2139336,41,134
16227,2139390,44,177
16228,2139372,41,157
16229,2139445,40,164
16230,2139402,41,147
16231,2139366,40,143
16232,2139325,42,160
16233,2139409,41,159
16234,2139379,45,161
16235,2139458,42,151
16236,2139588,39,147
16237,2139538,41,156
16238,2139613,38,146
16239,2139547,43,168
16240,2139534,41,158
16241,2139622,40,161
16242,2139574,42,162
16243,2139665,40,152
16244,2139622,41,144
16245,2139689,44,173
16246,2139836,41,153
16247,2139796,41,144
16248,2139858,38,158
16249,2139808,38,157
16250,2139773,39,142
16251,2139730,42,157
16252,2139784,41,147
16253,2139735,39,147
16254,2139806,44,159
16255,2139783,40,159
16256,2139841,42,150
16257,2142097,43,202
16258,2142040,46,179
16259,2142143,42,160
16260,2142118,103,249
16261,2142286,39,161
16262,2142241,40,132
16263,2142181,39,142
16264,2142301,38,144
16265,2142422,40,182
16266,2142583,43,146
16267,2142708,40,158
16268,2142845,38,154
16269,2142978,42,147
16270,2143104,40,184
16271,2143265,40,163
16272,2143409,43,170
16273,2143562,39,161
16274,2143703,43,159
16275,2143840,40,183
16276,2144001,42,179
16277,2144160,42,162
16278,2144297,39,159
16279,2144433,40,148
16280,2144560,42,144
16281,2144678,38,155
16282,2144810,38,138
16283,2144924,39,141
16284,2145043,42,138
16285,2145157,40,159
16286,2145294,42,131
16287,2145326,40,164
16288,2145471,36,152
16289,2145595,38,130
16290,2145702,38,138
16291,2145820,40,153
16292,2145950,36,124
16293,2146053,44,148
16294,2146178,37,142
16295,2146294,41,175
16296,2146450,40,174
16297,2146605,43,142
16298,2146724,40,163
16299,2146865,40,165
16300,2147006,44,166
16301,2147151,40,160
16302,2147292,38,228
16303,2147497,41,153
16304,2147624,41,143
16305,2147743,44,162
16306,2147881,39,155
16307,2148014,37,161
16308,2148154,44,158
16309,2148290,40,177
16310,2148447,40,158
16311,2148589,42,145
16312,2148530,40,142
16313,2148464,41,158
16314,2148404,43,153
16315,2148343,45,150
16316,2148201,44,155
16317,2148278,45,183
16318,2148281,41,149
16319,2148353,41,157
16320,2148391,46,153
16321,2148466,41,150
16322,2148280,43,144
16323,2148230,40,140
16324,2148173,97,222
16325,2148204,38,147
16326,2148167,42,147
16327,2148112,41,164
16328,2148200,41,156
16329,2148264,40,144
16330,2148327,40,142
16331,2148289,40,152
16332,2148360,42,166
16333,2148426,42,190
16334,2148531,37,153
16335,2148483,47,147
16336,2148449,42,146
16337,2148497,40,184
16338,2148483,42,169
16339,2148576,40,140
16340,2148609,57,175
16341,2148761,38,145
16342,2148714,56,152
16343,2148792,40,135
16344,2148728,42,142
16345,2148794,42,164
16346,2148771,37,150
16347,2148834,35,118
16348,2148739,38,173
16349,2148804,39,239
16350,2148852,45,183
16351,2148962,40,153
16352,2148930,39,159
16353,2149001,38,140
16354,2149036,40,155
16355,2149170,41,144
16356,2149120,40,150
16357,2149195,40,160
16358,2149148,40,157
16359,2149113,37,186
16360,2149275,40,241
16361,2149490,37,179
16362,2149643,42,164
16363,2149783,39,169
16364,2149923,41,168
16365,2150066,41,158
16366,2150199,44,172
16367,2150349,43,181
16368,2150504,40,164
16369,2150660,40,141
16370,2150778,41,150
16371,2150907,41,138
16372,2151023,42,120
16373,2151118,41,146
16374,2151236,42,162
16375,2151377,38,152
16376,2151507,40,164
16377,2151647,43,164
16378,2151785,41,172
16379,2151931,41,168
16380,2152079,45,152
16381,2152209,40,138
16382,2152323,39,150
16383,2152446,43,139
16384,2152564,41,159
16385,2154870,41,210
16386,2155055,41,187
16387,2155175,39,163
16388,2155318,87,200
16389,2155498,43,184
16390,2155657,40,135
16391,2155768,43,164
16392,2155906,38,197
16393,2156078,39,284
16394,2156171,44,162
16395,2156256,38,152
16396,2156386,42,164
16397,2156379,42,171
16398,2156479,38,145
16399,2156523,39,171
16400,2156618,45,165
16401,2156573,42,160
16402,2156531,42,173
16403,2156623,37,165
16404,2156688,38,147
16405,2156725,36,136
16406,2156746,40,151
16407,2156820,37,154
16408,2156950,41,158
16409,2157088,40,157
16410,2157219,37,152
16411,2157347,45,158
16412,2157405,41,146
16413,2157526,43,146
16414,2157645,39,167
16415,2157791,39,142
16416,2157908,44,146
16417,2158029,39,159
16418,2158166,41,172
16419,2158319,43,151
16420,2158446,40,157
16421,2158579,41,166
16422,2158723,42,149
16423,2158855,39,158
16424,2158988,40,150
16425,2159113,40,159
16426,2159252,40,141
16427,2159371,40,174
16428,2159523,42,162
16429,2159658,39,141
16430,2159774,42,150
16431,2159899,42,159
16432,2160037,41,160
16433,2160173,40,138
16434,2160292,41,135
16435,2160404,38,160
16436,2160539,40,136
16437,2160650,40,166
16438,2160609,39,138
16439,2160560,40,247
16440,2160729,41,192
16441,2160722,45,243
16442,2160884,43,190
16443,2160879,40,122
16444,2160732,39,178
16445,2160834,44,160
16446,2160818,40,160
16447,2160896,42,227
16448,2160913,38,142
16449,2160868,38,178
16450,2160685,38,204
16451,2160810,44,163
16452,2160767,127,251
16453,2160825,45,166
16454,2160806,39,154
16455,2160876,40,147
16456,2160820,41,133
16457,2160742,38,142
16458,2160678,38,131
16459,2160734,41,141
16460,2160658,41,153
16461,2160604,43,181
16462,2160597,43,167
16463,2160679,39,249
16464,2160738,40,160
16465,2160823,43,220
16466,2160863,38,154
16467,2160940,39,138
16468,2160895,43,143
16469,2160935,39,134
16470,2160963,39,202
16471,2161145,46,189
16472,2161142,38,146
16473,2161210,38,140
16474,2161132,41,207
16475,2161106,42,165
16476,2161180,39,127
16477,2161108,38,147
16478,2161174,40,146
16479,2161112,41,160
16480,2161162,41,146
16481,2161115,38,137
16482,2161172,40,159
16483,2161153,39,225
16484,2161295,40,151
16485,2161234,42,155
16486,2161193,41,176
16487,2161188,41,149
16488,2161229,45,159
16489,2161198,45,148
16490,2161272,41,153
16491,2161247,40,145
16492,2161317,42,146
16493,2161283,40,145
16494,2161142,40,140
16495,2161206,42,164
16496,2161154,44,166
16497,2161213,40,148
16498,2161165,41,144
16499,2161229,37,183
16500,2161387,42,145
16501,2161509,40,232
16502,2161719,36,276
16503,2161973,42,153
16504,2162103,39,141
16505,2162220,39,142
16506,2162337,40,179
16507,2162496,40,173
16508,2162617,39,186
16509,2162781,40,278
16510,2163033,39,147
16511,2163157,41,176
16512,2163308,37,149
16513,2174941,44,268
16514,2175188,40,164
16515,2175280,39,206
16516,2175289,92,199
16517,2175285,39,221
16518,2175423,39,194
16519,2175514,39,173
16520,2175664,42,173
16521,2175635,40,141
16522,2175696,40,157
16523,2175675,38,152
16524,2175743,40,175
16525,2175818,44,171
16526,2175966,40,214
16527,2175961,41,179
16528,2176035,38,146
16529,2175981,43,280
16530,2176177,40,180
16531,2176161,51,176
16532,2176249,42,177
16533,2176217,41,138
16534,2176146,42,233
16535,2176302,36,138
16536,2176258,41,157
16537,2176267,43,175
16538,2176348,39,191
16539,2176461,38,159
16540,2176432,41,151
16541,2176504,39,155
16542,2176475,39,152
16543,2176530,41,154
16544,2176657,37,146
16545,2176620,41,149
16546,2176492,40,133
16547,2176546,42,158
16548,2176491,38,182
16549,2176489,42,146
16550,2176441,40,141
16551,2176396,49,154
16552,2176347,44,152
16553,2176384,41,144
16554,2176327,43,148
16555,2176396,41,165
16556,2176372,37,148
16557,2176446,42,142
16558,2176377,47,163
16559,2176437,39,143
16560,2176391,40,147
16561,2176461,44,145
16562,2176419,42,151
16563,2176394,40,169
16564,2176473,44,165
16565,2176437,39,149
16566,2176389,42,151
16567,2176444,42,148
16568,2176390,48,163
16569,2176479,43,172
16570,2176472,40,172
16571,2176559,39,143
16572,2176496,40,152
16573,2176538,40,153
16574,2176501,45,136
16575,2176563,43,166
16576,2176630,40,200
16577,2176761,44,173
16578,2176714,39,199
16579,2176621,47,162
16580,2176704,91,208
16581,2176707,42,142
16582,2176743,41,151
16583,2176701,40,141
16584,2176766,41,156
16585,2176748,41,157
16586,2176812,40,164
16587,2176768,42,175
16588,2176757,43,138
16589,2176706,40,159
16590,2176758,40,143
16591,2176706,41,137
16592,2176761,41,194
16593,2176747,43,144
16594,2176705,40,165
16595,2176668,40,159
16596,2176630,39,164
16597,2176594,40,146
16598,2176629,41,140
16599,2176490,40,145
16600,2176435,45,164
16601,2176517,43,177
16602,2176495,42,162
16603,2176454,43,172
16604,2176507,45,163
16605,2176482,39,157
16606,2176559,41,161
16607,2176538,41,147
16608,2176606,40,146
16609,2176573,37,154
16610,2176648,41,166
16611,2176603,39,151
16612,2176563,41,159
16613,2176522,40,158
16614,2176485,41,144
16615,2176440,42,158
16616,2176412,39,143
16617,2176367,40,169
16618,2176428,43,160
16619,2176412,40,120
16620,2176453,41,154
16621,2176393,41,149
16622,2176359,40,170
16623,2176429,39,157
16624,2176380,37,133
16625,2176433,44,158
16626,2176488,38,137
16627,2176606,39,145
16628,2176536,40,177
16629,2176518,45,146
16630,2176552,41,143
16631,2176674,42,144
16632,2176793,39,135
16633,2176905,40,167
16634,2177044,45,159
16635,2177179,44,183
16636,2177340,39,163
16637,2177480,39,153
16638,2177607,41,154
16639,2177737,40,139
16640,2177851,42,167
16641,2180166,52,169
16642,2180305,41,198
16643,2180483,43,149
16644,2180612,109,214
16645,2180803,41,151
16646,2180930,39,152
16647,2181061,39,151
16648,2181195,40,146
16649,2181319,40,152
16650,2181444,39,162
16651,2181584,41,170
16652,2181731,42,146
16653,2181853,43,173
16654,2182000,39,147
16655,2182127,40,168
16656,2182094,42,162
16657,2182179,40,147
16658,2182132,41,163
16659,2182211,41,160
16660,2182319,41,144
16661,2182441,41,160
16662,2182488,40,151
16663,2182610,40,135
16664,2182726,41,159
16665,2182860,42,159
16666,2182995,40,142
16667,2183116,44,176
16668,2183274,39,131
16669,2183377,42,157
16670,2183507,44,162
16671,2183641,43,161
16672,2183777,40,159
16673,2183910,40,169
16674,2184047,40,143
16675,2184158,42,144
16676,2184275,41,166
16677,2184418,41,152
16678,2184542,41,166
16679,2184504,40,138
16680,2184443,42,155
16681,2184525,42,147
16682,2184650,42,145
16683,2184591,46,151
16684,2184716,40,165
16685,2184689,39,127
16686,2184734,42,169
16687,2184879,41,145
16688,2184819,41,133
16689,2184876,40,133
16690,2184831,44,168
16691,2184908,39,118
16692,2184811,42,170
16693,2184783,46,152
16694,2184751,43,164
16695,2184732,43,149
16696,2184702,42,181
16697,2184664,45,145
16698,2184509,40,149
16699,2184582,47,149
16700,2184543,41,157
16701,2184624,40,144
16702,2184579,42,165
16703,2184666,38,158
16704,2184698,37,169
16705,2184685,39,143
16706,2184506,39,135
16707,2184548,39,136
16708,2184502,109,210
16709,2184628,41,141
16710,2184579,39,159
16711,2184666,41,150
16712,2184630,40,153
16713,2184706,41,177
16714,2184667,41,192
16715,2184673,43,175
16716,2184661,41,131
16717,2184600,44,138
16718,2184558,42,165
16719,2184530,40,148
16720,2184398,41,158
16721,2184480,40,133
16722,2184504,40,135
16723,2184620,40,153
16724,2184523,40,164
16725,2184444,39,140
16726,2184508,40,165
16727,2184496,41,146
16728,2184564,40,218
16729,2184608,44,150
16730,2184682,41,150
16731,2184653,40,143
16732,2184713,41,148
16733,2184683,41,149
16734,2184747,41,158
16735,2184728,42,149
16736,2184801,39,157
16737,2184763,44,156
16738,2184627,41,157
16739,2184703,39,140
16740,2184662,40,151
16741,2184735,45,150
16742,2184694,42,149
16743,2184764,40,143
16744,2184707,41,158
16745,2184788,39,152
16746,2184746,41,173
16747,2184836,41,185
16748,2184814,40,152
16749,2184777,37,142
16750,2184848,43,155
16751,2184900,42,159
16752,2184983,41,155
16753,2184958,43,150
16754,2185033,41,147
16755,2185158,42,168
16756,2185110,41,160
16757,2185194,38,179
16758,2185196,40,143
16759,2185260,40,150
16760,2185192,42,139
16761,2185142,37,147
16762,2185209,40,153
16763,2185163,57,174
16764,2185260,40,137
16765,2185217,40,156
16766,2185286,41,135
16767,2185224,40,174
16768,2185320,41,153
16769,2187617,41,312
16770,2187733,40,156
16771,2187679,42,164
16772,2187654,103,220
16773,2187669,44,155
16774,2187751,41,151
16775,2187724,41,155
16776,2187794,40,146
16777,2187917,40,161
16778,2188054,42,155
16779,2188190,44,145
16780,2188310,38,167
16781,2188457,41,154
16782,2188589,46,173
16783,2188739,42,166
16784,2188889,40,148
16785,2189012,40,165
16786,2189159,41,153
16787,2189196,45,148
16788,2189323,40,149
16789,2189447,40,218
16790,2189640,48,186
16791,2189804,43,153
16792,2189930,41,132
16793,2190045,42,151
16794,2190178,39,161
16795,2190316,40,165
16796,2190454,40,162
16797,2190416,41,147
16798,2190489,41,192
16799,2190491,44,160
16800,2190575,42,143
16801,2190496,40,163
16802,2190634,40,142
16803,2190593,39,144
16804,2190448,40,168
16805,2190541,40,164
16806,2190521,43,160
16807,2190598,44,151
16808,2190540,41,152
16809,2190671,40,158
16810,2190609,45,153
16811,2190557,45,169
16812,2190637,40,145
16813,2190589,43,158
16814,2190680,42,171
16815,2190650,44,167
16816,2190541,39,148
16817,2190614,43,155
16818,2190747,40,151
16819,2190692,41,189
16820,2190772,40,165
16821,2190744,40,129
16822,2190794,45,154
16823,2190770,39,148
16824,2190838,44,210
16825,2190839,41,150
16826,2190789,40,146
16827,2190744,42,258
16828,2190812,38,142
16829,2190760,38,173
16830,2190853,41,160
16831,2190806,41,157
16832,2190769,42,151
16833,2190733,43,143
16834,2190769,40,145
16835,2190888,47,160
16836,2190867,91,231
16837,2191023,37,217
16838,2191056,42,133
16839,2191116,42,230
16840,2191125,40,170
16841,2191223,41,189
16842,2191219,39,141
16843,2191289,39,202
16844,2191280,40,143
16845,2191355,41,139
16846,2191308,39,152
16847,2191389,40,144
16848,2191329,40,146
16849,2191198,40,135
16850,2191204,42,134
16851,2191146,42,179
16852,2191246,41,148
16853,2191196,44,151
16854,2191274,41,172
16855,2191243,41,160
16856,2191194,39,143
16857,2191261,41,150
16858,2191309,41,155
16859,2191395,42,183
16860,2191367,41,160
16861,2191328,40,155
16862,2191296,41,144
16863,2191329,38,143
16864,2191443,41,161
16865,2191403,45,168
16866,2191466,44,153
16867,2191419,40,138
16868,2191476,38,144
16869,2191435,40,174
16870,2191534,39,168
16871,2191519,39,144
16872,2191586,40,131
16873,2191538,38,138
16874,2191597,40,151
16875,2191556,40,140
16876,2191616,40,135
16877,2191550,41,126
16878,2191601,41,135
16879,2191555,43,164
16880,2191647,41,194
16881,2191661,43,169
16882,2191754,44,146
16883,2191718,45,173
16884,2191822,40,161
16885,2191804,43,147
16886,2191876,42,172
16887,2191838,37,165
16888,2191789,41,143
16889,2191727,40,146
16890,2191664,42,174
16891,2191619,43,150
16892,2191573,42,189
16893,2191569,40,149
16894,2191532,38,146
16895,2191469,39,162
16896,2191560,40,142
16897,2193837,46,199
16898,2193855,42,178
16899,2193852,42,120
16900,2193891,83,185
16901,2194046,41,181
16902,2194202,39,137
16903,2194314,41,164
16904,2194453,40,158
16905,2194585,42,146
16906,2194709,41,134
16907,2194821,38,151
16908,2194951,41,162
16909,2195087,41,175
16910,2195243,42,179
16911,2195323,40,153
16912,2195452,40,155
16913,2195583,44,179
16914,2195738,42,155
16915,2195875,40,137
16916,2195993,41,157
16917,2196125,43,162
16918,2196265,40,135
16919,2196375,40,143
16920,2196495,42,137
16921,2196612,41,146
16922,2196729,41,167
16923,2196878,38,144
16924,2197000,41,167
16925,2197140,42,158
16926,2197111,40,149
16927,2197182,41,165
16928,2197153,41,153
16929,2197234,39,148
16930,2197171,41,149
16931,2197241,43,164
16932,2197197,41,156
16933,2197140,37,157
16934,2197099,39,152
16935,2197050,41,167
16936,2197019,42,156
16937,2196971,42,137
16938,2196896,41,138
16939,2196844,41,143
16940,2196911,44,141
16941,2196874,40,140
16942,2196939,36,140
16943,2196895,41,167
16944,2196978,38,141
16945,2196934,46,173
16946,2197029,40,132
16947,2196940,37,153
16948,2196895,44,151
16949,2196977,40,143
16950,2196926,40,167
16951,2197020,40,145
16952,2196976,40,157
16953,2196942,42,164
16954,2197035,40,142
16955,2196992,40,163
16956,2197079,44,182
16957,2197083,39,136
16958,2197135,42,169
16959,2197099,41,166
16960,2197072,39,151
16961,2197024,42,149
16962,2196939,40,184
16963,2197047,41,170
16964,2197034,116,218
16965,2197175,40,163
16966,2197157,39,153
16967,2197239,41,163
16968,2197212,41,155
16969,2197287,41,162
16970,2197261,40,163
16971,2197345,44,213
16972,2197380,39,169
16973,2197475,44,138
16974,2197434,40,152
16975,2197514,43,191
16976,2197494,44,174
16977,2197476,37,183
16978,2197467,42,152
16979,2197437,40,163
16980,2197394,42,167
16981,2197461,38,142
16982,2197501,40,161
16983,2197454,37,155
16984,2197416,42,178
16985,2197414,41,153
16986,2197390,38,154
16987,2197364,40,154
16988,2197330,40,157
16989,2197300,41,149
16990,2197338,38,141
16991,2197273,41,141
16992,2197338,40,143
16993,2197277,42,131
16994,2197334,41,136
16995,2197285,43,157
16996,2197364,36,145
16997,2197313,39,134
16998,2197364,42,217
16999,2197375,41,172
17000,2197363,46,2052
17001,2199227,40,178
17002,2199210,40,158
17003,2199251,41,169
17004,2199227,45,181
17005,2199332,40,152
17006,2199276,41,153
17007,2199215,40,185
17008,2199219,41,151
17009,2199184,46,175
17010,2199168,40,151
17011,2199131,42,174
17012,2199190,40,152
17013,2199158,39,143
17014,2199224,34,163
17015,2199204,40,146
17016,2199273,42,146
17017,2199210,40,156
17018,2199186,40,145
17019,2199145,41,159
17020,2199109,41,189
17021,2199011,39,144
17022,2199073,41,147
17023,2199013,40,257
17024,2199161,41,161
17025,2201579,49,167
17026,2201677,41,161
17027,2201656,42,175
17028,2201753,93,222
17029,2201765,43,213
17030,2201791,38,240
17031,2201956,41,172
17032,2201944,41,153
17033,2202014,44,157
17034,2201968,41,172
17035,2201945,43,160
17036,2201848,42,238
17037,2201987,40,186
17038,2201991,37,153
17039,2201955,39,135
17040,2201895,38,153
17041,2201936,40,149
17042,2201879,40,155
17043,2201954,43,175
17044,2201943,41,164
17045,2202029,43,149
17046,2201979,41,153
17047,2201930,38,147
17048,2201890,38,142
17049,2201926,39,138
17050,2201863,37,176
17051,2201962,40,139
17052,2201889,42,165
17053,2201861,41,149
17054,2201900,40,136
17055,2201838,40,174
17056,2201937,38,162
17057,2201888,40,220
17058,2201913,41,161
17059,2201970,41,153
17060,2201923,40,168
17061,2202010,38,145
17062,2201976,39,148
17063,2201936,43,160
17064,2202022,41,162
17065,2201992,42,147
17066,2202062,41,164
17067,2202039,42,187
17068,2202147,39,175
17069,2202114,40,143
17070,2202066,43,144
17071,2202016,40,133
17072,2201971,43,157
17073,2201950,41,167
17074,2201918,41,139
17075,2201976,36,120
17076,2202000,43,151
17077,2201876,40,160
17078,2201960,43,146
17079,2201924,38,159
17080,2202005,43,156
17081,2201955,41,154
17082,2201919,43,139
17083,2201865,44,155
17084,2201828,40,154
17085,2201904,40,147
17086,2201868,44,128
17087,2201925,42,161
17088,2201906,39,148
17089,2201977,40,138
17090,2201909,40,158
17091,2201867,41,149
17092,2201803,91,211
17093,2201990,39,164
17094,2201968,40,143
17095,2202033,40,167
17096,2202022,44,164
17097,2202109,40,138
17098,2202033,40,156
17099,2202004,144,9449
17100,2211392,40,253
17101,2211458,33,126
17102,2211500,40,162
17103,2211454,38,165
17104,2211593,40,166
17105,2211636,41,171
17106,2211703,38,159
17107,2211765,38,147
17108,2211799,40,174
17109,2211951,40,156
17110,2212082,42,171
17111,2212226,43,161
17112,2212368,42,163
17113,2212506,42,146
17114,2212629,42,163
17115,2212766,41,146
17116,2212896,43,161
17117,2213033,41,163
17118,2213170,39,143
17119,2213290,50,153
17120,2213416,40,142
17121,2213530,41,148
17122,2213653,40,142
17123,2213769,61,165
17124,2213909,40,143
17125,2214025,43,159
17126,2214163,39,142
17127,2214276,35,102
17128,2214347,41,128
17129,2214460,40,155
17130,2214589,57,175
17131,2214740,43,166
17132,2214883,43,152
17133,2214861,40,154
17134,2214932,43,164
17135,2214912,40,154
17136,2214798,40,155
17137,2214876,42,148
17138,2214827,40,143
17139,2214898,37,148
17140,2214832,41,155
17141,2214909,39,185
17142,2214881,41,137
17143,2214820,40,145
17144,2214673,41,161
17145,2214757,40,138
17146,2214685,42,149
17147,2214652,41,158
17148,2214621,43,153
17149,2214590,41,154
17150,2214533,42,152
17151,2214496,41,140
17152,2214692,40,179
17153,2216790,43,216
17154,2216928,40,135
17155,2216857,42,171
17156,2217004,92,224
17157,2217207,43,138
17158,2217322,42,155
17159,2217450,38,179
17160,2217605,46,175
17161,2217685,39,170
17162,2217830,42,153
17163,2217957,37,246
17164,2218177,41,170
17165,2218328,40,162
17166,2218468,43,174
17167,2218624,38,151
17168,2218749,42,148
17169,2218874,41,178
17170,2219029,40,191
17171,2219202,44,157
17172,2219302,41,184
17173,2219469,41,163
17174,2219605,53,178
17175,2219587,39,144
17176,2219648,44,167
17177,2219633,43,156
17178,2219719,42,139
17179,2219680,40,153
17180,2219751,41,172
17181,2219791,42,167
17182,2219888,46,150
17183,2220008,41,156
17184,2219963,40,145
17185,2220032,42,163
17186,2219967,41,144
17187,2220016,45,157
17188,2219975,38,140
17189,2220027,35,125
17190,2219950,39,150
17191,2220023,42,158
17192,2220080,38,227
17193,2220288,40,146
17194,2220248,41,169
17195,2220338,46,164
17196,2220293,40,160
17197,2220259,40,138
17198,2220224,39,160
17199,2220193,42,161
17200,2220160,41,158
17201,2220117,39,166
17202,2220169,41,127
17203,2220089,41,174
17204,2220186,41,160
17205,2220131,41,146
17206,2220092,39,153
17207,2220163,44,159
17208,2220137,42,157
17209,2220020,42,147
17210,2220098,42,192
17211,2220101,42,162
17212,2220183,40,148
17213,2220124,42,178
17214,2220113,39,145
17215,2220157,41,179
17216,2220139,41,134
17217,2220186,40,135
17218,2220106,36,124
17219,2219936,32,124
17220,2219768,153,248
17221,2219935,41,138
17222,2219875,33,135
17223,2219860,37,146
17224,2219820,37,145
17225,2219700,37,158
17226,2219777,36,142
17227,2219724,31,130
17228,2219766,32,116
17229,2219666,39,277
17230,2219753,42,170
17231,2219814,41,151
17232,2219943,41,218
17233,2219974,41,153
17234,2220049,41,158
17235,2220017,38,142
17236,2220074,42,143
17237,2220037,37,151
17238,2220104,39,120
17239,2220034,35,130
17240,2220073,37,145
17241,2220009,35,118
17242,2220014,35,120
17243,2219936,32,114
17244,2219966,33,126
17245,2219874,40,121
17246,2219800,33,109
17247,2219799,31,125
17248,2219728,35,148
17249,2219788,33,135
17250,2219741,34,126
17251,2219783,33,126
17252,2219725,35,149
17253,2219797,31,134
17254,2219715,34,137
17255,2219641,31,135
17256,2219692,31,124
17257,2219616,31,133
17258,2219664,34,122
17259,2219593,34,147
17260,2219652,31,108
17261,2219546,32,134
17262,2219477,33,102
17263,2219462,33,99
17264,2219355,32,105
17265,2219374,33,131
17266,2219316,31,114
17267,2219334,33,117
17268,2219249,34,130
17269,2219280,48,154
17270,2219407,39,138
17271,2219515,35,137
17272,2219445,38,123
17273,2219364,41,159
17274,2219415,36,148
17275,2219349,41,127
17276,2219394,38,129
17277,2219329,37,127
17278,2219379,37,154
17279,2219323,36,258
17280,2219386,36,137
17281,2221492,39,191
17282,2221495,40,136
17283,2221445,39,158
17284,2221411,88,182
17285,2221404,38,144
17286,2221330,39,151
17287,2221367,37,151
17288,2221298,38,126
17289,2221342,37,141
17290,2221271,38,129
17291,2221219,40,144
17292,2221252,37,142
17293,2221196,36,145
17294,2221262,37,131
17295,2221210,37,127
17296,2221261,38,139
17297,2221219,38,141
17298,2221283,36,139
17299,2221236,40,158
17300,2221319,37,149
17301,2221284,40,154
17302,2221356,39,149
17303,2221297,39,125
17304,2221234,37,112
17305,2221244,39,122
17306,2221172,38,142
17307,2221241,38,129
17308,2221277,37,134
17309,2221343,37,143
17310,2221278,36,148
17311,2221228,36,123
17312,2221240,40,140
17313,2221177,42,136
17314,2221235,38,182
17315,2221213,38,155
17316,2221258,36,153
17317,2221203,39,147
17318,2221271,38,126
17319,2221220,37,133
17320,2221275,37,147
17321,2221236,40,182
17322,2221338,38,141
17323,2221283,37,132
17324,2221339,39,124
17325,2221271,39,139
17326,2221334,37,132
17327,2221254,37,139
17328,2221216,36,124
17329,2221043,42,151
17330,2221116,37,124
17331,2221031,36,129
17332,2220976,36,152
17333,2221018,36,153
17334,2220955,37,158
17335,2221033,38,124
17336,2220946,38,131
17337,2220888,40,139
17338,2220916,37,141
17339,2220865,37,121
17340,2220904,37,132
17341,2221011,38,127
17342,2221111,36,134
17343,2221221,38,130
17344,2221323,37,125
17345,2221417,37,134
17346,2221527,38,140
17347,2221643,38,137
17348,2221681,70,167
17349,2221823,37,135
17350,2221935,38,131
17351,2222040,40,135
17352,2222147,38,136
17353,2222262,37,133
17354,2222371,37,144
17355,2222489,39,133
17356,2222592,36,126
17357,2222691,38,133
17358,2222797,36,132
17359,2222900,37,138
17360,2223011,36,139
17361,2223122,40,138
17362,2223236,37,139
17363,2223345,32,127
17364,2223437,35,135
17365,2223384,33,121
17366,2223421,33,116
17367,2223346,31,102
17368,2223356,36,134
17369,2223272,32,113
17370,2223195,32,114
17371,2223104,31,126
17372,2223147,41,142
17373,2223106,39,136
17374,2223163,40,146
17375,2223128,39,130
17376,2223178,40,130
17377,2223096,39,124
17378,2223106,43,131
17379,2223018,36,144
17380,2223083,43,159
17381,2223057,40,156
17382,2223136,36,124
17383,2223071,39,150
17384,2223136,39,156
17385,2223109,39,154
17386,2223185,41,196
17387,2223192,44,147
17388,2223263,40,162
17389,2223234,40,203
17390,2223379,41,162
17391,2223356,41,223
17392,2223504,41,169
17393,2223484,40,143
17394,2223547,39,164
17395,2223513,40,146
17396,2223447,41,175
17397,2223435,37,138
17398,2223491,40,142
17399,2223452,41,150
17400,2223524,43,158
17401,2223500,40,149
17402,2223572,40,144
17403,2223507,41,143
17404,2223469,42,140
17405,2223500,40,170
17406,2223646,39,152
17407,2223777,43,141
17408,2223714,39,147
17409,2226002,48,187
17410,2225990,43,195
17411,2225977,39,158
17412,2226042,92,203
17413,2226043,44,171
17414,2226123,42,164
17415,2226075,41,166
17416,2226040,41,151
17417,2226003,40,163
17418,2225975,38,131
17419,2225916,40,164
17420,2225790,38,168
17421,2225881,42,164
17422,2225856,39,174
17423,2225953,40,142
17424,2225919,42,167
17425,2226002,41,146
17426,2225943,41,152
17427,2225902,45,152
17428,2225860,39,159
17429,2225917,48,167
17430,2225893,38,161
17431,2225971,40,137
17432,2225903,40,174
17433,2225889,42,162
17434,2225970,42,176
17435,2225941,43,150
17436,2225916,40,182
17437,2225902,44,156
17438,2225957,41,148
17439,2225885,38,146
17440,2225952,40,165
17441,2225908,40,155
17442,2225871,39,144
17443,2225823,42,173
17444,2225806,41,151
17445,2225774,39,160
17446,2225823,44,149
17447,2225776,41,166
17448,2225865,46,176
17449,2225837,41,162
17450,2225814,43,162
17451,2225794,45,158
17452,2225757,39,172
17453,2225743,43,151
17454,2225707,43,172
17455,2225700,39,150
17456,2225671,42,157
17457,2225645,40,251
17458,2225712,41,166
17459,2225801,40,182
17460,2225778,39,172
17461,2225757,45,170
17462,2225749,38,136
17463,2225710,40,144
17464,2225674,43,159
17465,2225652,36,162
17466,2225623,40,167
17467,2225682,40,148
17468,2225630,42,159
17469,2225709,40,158
17470,2225663,42,154
17471,2225620,39,141
17472,2225650,41,149
17473,2225528,44,173
17474,2225496,40,157
17475,2225579,40,152
17476,2225548,131,245
17477,2225714,41,150
17478,2225681,40,167
17479,2225768,43,244
17480,2225807,40,196
17481,2225825,42,167
17482,2225969,40,156
17483,2225934,41,136
17484,2225994,45,155
17485,2225965,41,155
17486,2226034,41,168
17487,2226010,40,164
17488,2225982,40,160
17489,2225954,41,183
17490,2225942,37,163
17491,2225994,41,148
17492,2225931,39,150
17493,2226006,40,148
17494,2225965,40,144
17495,2226030,41,206
17496,2226054,40,163
17497,2226138,41,172
17498,2226131,41,154
17499,2226207,43,164
17500,2226162,41,149
17501,2226124,43,165
17502,2226104,37,158
17503,2226172,41,151
17504,2226127,42,152
17505,2226004,40,138
17506,2226067,40,224
17507,2226109,41,155
17508,2226186,42,221
17509,2226317,42,161
17510,2226207,40,214
17511,2226343,39,208
17512,2226343,43,153
17513,2226224,39,161
17514,2226295,39,149
17515,2226346,37,178
17516,2226495,40,161
17517,2226634,39,151
17518,2226576,41,163
17519,2226529,40,194
17520,2226530,40,159
17521,2226617,39,151
17522,2226582,41,191
17523,2226694,40,172
17524,2226685,40,142
17525,2226737,39,146
17526,2226706,40,160
17527,2226790,42,144
17528,2226740,44,155
17529,2226819,41,143
17530,2226772,38,148
17531,2226830,39,157
17532,2226803,42,142
17533,2226868,40,172
17534,2226854,43,120
17535,2226787,38,161
17536,2226864,40,156
17537,2229177,44,163
17538,2229121,40,167
17539,2229089,38,171
17540,2229181,91,209
17541,2229200,44,139
17542,2229318,40,173
17543,2229308,43,178
17544,2229397,39,170
17545,2229379,40,154
17546,2229454,42,173
17547,2229603,40,172
17548,2229749,45,177
17549,2229901,42,159
17550,2230035,39,155
17551,2230161,42,138
17552,2230277,43,146
17553,2230404,44,156
17554,2230535,41,167
17555,2230677,40,190
17556,2230838,39,141
17557,2230953,40,159
17558,2231086,41,165
17559,2231232,44,166
17560,2231372,41,142
17561,2231491,40,156
17562,2231625,42,144
17563,2231745,43,169
17564,2231888,44,162
17565,2232022,39,175
17566,2232174,39,139
17567,2232287,40,160
17568,2232425,40,169
17569,2232569,43,158
17570,2232703,37,128
17571,2232808,42,164
17572,2232945,40,154
17573,2233080,42,152
17574,2233209,44,148
17575,2233331,39,152
17576,2233458,38,167
17577,2233599,40,160
17578,2233738,40,153
17579,2233871,41,135
17580,2233977,40,143
17581,2234098,41,138
17582,2234237,40,138
17583,2234353,38,134
17584,2234466,38,138
17585,2234585,41,167
17586,2234730,41,150
17587,2234859,44,160
17588,2234996,36,151
17589,2235126,40,145
17590,2235248,42,144
17591,2235370,40,151
17592,2235489,40,132
17593,2235595,40,143
17594,2235716,40,145
17595,2235832,43,155
17596,2235966,43,165
17597,2236104,40,151
17598,2236139,43,173
17599,2236289,38,145
17600,2236409,40,144
17601,2236530,38,129
17602,2236635,42,153
17603,2236761,44,156
17604,2236898,101,200
17605,2237073,40,139
17606,2237017,38,119
17607,2237046,40,152
17608,2236995,40,141
17609,2237049,45,172
17610,2237030,39,159
17611,2237108,49,174
17612,2237084,40,160
17613,2237225,42,146
17614,2237353,40,148
17615,2237298,44,159
17616,2237380,42,140
17617,2237337,43,168
17618,2237434,41,133
17619,2237390,43,161
17620,2237471,41,175
17621,2237618,41,150
17622,2237669,46,152
17623,2237803,41,151
17624,2237934,41,135
17625,2238042,42,150
17626,2237983,40,159
17627,2237953,42,161
17628,2238027,40,164
17629,2237997,41,148
17630,2238064,42,151
17631,2238000,42,152
17632,2238074,44,152
17633,2238033,45,171
17634,2238131,43,165
17635,2238084,42,148
17636,2238155,43,171
17637,2238116,38,141
17638,2238181,41,160
17639,2238144,40,166
17640,2238235,38,142
17641,2238178,45,153
17642,2238251,40,150
17643,2238210,45,149
17644,2238284,40,141
17645,2238227,40,141
17646,2238160,44,144
17647,2238123,44,171
17648,2238115,42,156
17649,2238073,40,162
17650,2238132,38,130
17651,2238187,41,166
17652,2238145,42,147
17653,2238217,41,176
17654,2238303,40,127
17655,2238151,42,187
17656,2238262,38,165
17657,2238233,43,145
17658,2238301,42,136
17659,2238335,37,136
17660,2238326,40,157
17661,2238389,36,145
17662,2238453,41,157
17663,2238589,41,162
17664,2238655,40,140
17665,2241138,42,185
17666,2241291,42,187
17667,2241297,44,184
17668,2241399,95,220
17669,2241412,40,172
17670,2241393,42,167
17671,2241481,42,169
17672,2241549,43,162
17673,2241631,41,142
17674,2241542,42,145
17675,2241491,45,176
17676,2241485,41,150
17677,2241570,41,159
17678,2241705,50,167
17679,2241659,40,147
17680,2241607,39,156
17681,2241562,36,145
17682,2241527,39,155
17683,2241606,44,189
17684,2241576,42,172
17685,2241674,40,135
17686,2241605,40,166
17687,2241695,41,174
17688,2241771,39,147
17689,2241842,39,145
17690,2241789,40,170
17691,2241880,38,161
17692,2241943,39,159
17693,2242019,40,151
17694,2241960,41,144
17695,2242018,39,159
17696,2242076,44,156
17697,2242159,43,149
17698,2242122,41,156
17699,2242201,43,164
17700,2242260,39,152
17701,2242333,42,166
17702,2242312,40,146
17703,2242379,41,151
17704,2242419,44,139
17705,2242544,36,156
17706,2242680,40,145
17707,2242623,42,142
17708,2242678,41,157
17709,2242644,42,126
17710,2242683,41,146
17711,2242734,43,320
17712,2242974,42,171
17713,2242957,41,171
17714,2243051,40,147
17715,2242990,39,142
17716,2243053,41,151
17717,2243182,40,171
17718,2243153,40,141
17719,2243103,43,143
17720,2243165,41,132
17721,2243189,40,147
17722,2243262,43,147
17723,2243218,41,157
17724,2243300,40,155
17725,2243256,40,133
17726,2243313,39,153
17727,2243449,44,171
17728,2243482,39,145
17729,2243530,42,148
17730,2243655,43,147
17731,2243782,42,157
17732,2243839,131,234
17733,2244047,43,159
17734,2243995,44,146
17735,2244063,41,156
17736,2244115,40,205
17737,2244242,43,160
17738,2244229,39,140
17739,2244111,40,144
17740,2244172,43,142
17741,2244127,42,159
17742,2244211,41,135
17743,2244324,42,118
17744,2244341,43,203
17745,2244522,43,161
17746,2244663,40,148
17747,2244611,42,138
17748,2244542,42,151
17749,2244613,40,160
17750,2244576,38,160
17751,2244657,40,131
17752,2244686,38,122
17753,2244726,46,161
17754,2244680,44,175
17755,2244782,42,168
17756,2244845,39,150
17757,2244918,41,136
17758,2244855,43,155
17759,2244817,41,156
17760,2244887,42,145
17761,2244849,39,247
17762,2245024,41,143
17763,2245065,41,163
17764,2245155,39,144
17765,2245190,40,154
17766,2245266,39,160
17767,2245245,42,164
17768,2245336,41,134
17769,2245364,39,155
17770,2245441,40,158
17771,2245413,42,149
17772,2245474,40,195
17773,2245455,39,186
17774,2245435,41,121
17775,2245483,43,153
17776,2245425,39,152
17777,2245550,38,141
17778,2245515,41,147
17779,2245580,44,157
17780,2245535,42,146
17781,2245604,34,146
17782,2245562,38,173
17783,2245543,41,147
17784,2245617,41,141
17785,2245492,42,162
17786,2245419,43,146
17787,2245487,40,175
17788,2245482,41,173
17789,2245579,39,131
17790,2245525,40,145
17791,2245589,41,146
17792,2245633,41,152
17793,2247823,41,152
17794,2247845,39,271
17795,2247907,41,189
17796,2248015,106,237
17797,2248137,44,157
17798,2248025,39,171
17799,2248116,41,148
17800,2248169,40,165
17801,2248315,41,185
17802,2248310,42,140
17803,2248369,39,148
17804,2248423,40,195
17805,2248598,42,141
17806,2248531,39,137
17807,2248577,44,165
17808,2248639,40,156
17809,2248773,40,160
17810,2248732,46,154
17811,2248812,41,143
17812,2248764,43,162
17813,2248853,43,166
17814,2248919,38,152
17815,2249051,43,154
17816,2249014,41,166
17817,2249104,44,174
17818,2249076,40,173
17819,2249049,42,164
17820,2249025,40,158
17821,2249006,40,133
17822,2248952,34,146
17823,2248912,38,155
17824,2248886,41,162
17825,2248866,39,135
17826,2248816,39,155
17827,2248783,40,145
17828,2248817,40,167
17829,2248784,41,158
17830,2248754,39,159
17831,2248831,41,146
17832,2248769,40,143
17833,2248713,42,141
17834,2248663,40,190
17835,2248673,42,168
17836,2248728,38,147
17837,2248680,42,148
17838,2248761,44,167
17839,2248906,39,160
17840,2249043,41,176
17841,2249195,53,186
17842,2249364,42,175
17843,2249520,44,170
17844,2249670,39,132
17845,2249784,44,165
17846,2249925,41,146
17847,2249973,46,153
17848,2250100,45,155
17849,2250237,40,153
17850,2250365,41,164
17851,2250506,39,166
17852,2250645,41,166
17853,2250790,40,153
17854,2250919,42,136
17855,2251030,41,120
17856,2251126,38,157
17857,2251257,41,131
17858,2251272,41,152
17859,2251405,42,160
17860,2251540,107,219
17861,2251736,42,163
17862,2251871,41,151
17863,2252000,44,143
17864,2252119,45,161
17865,2252262,44,165
17866,2252217,43,149
17867,2252288,39,144
17868,2252235,39,148
17869,2252100,59,172
17870,2252192,41,147
17871,2252237,43,119
17872,2252330,44,152
17873,2252457,39,164
17874,2252436,41,167
17875,2252528,39,158
17876,2252472,40,160
17877,2252447,39,140
17878,2252404,41,153
17879,2252368,40,137
17880,2252312,39,138
17881,2252271,40,142
17882,2252229,42,139
17883,2252185,42,148
17884,2252226,40,143
17885,2252168,40,147
17886,2252233,39,158
17887,2252208,40,150
17888,2252282,42,146
17889,2252243,39,136
17890,2252303,44,145
17891,2252355,41,157
17892,2252246,48,150
17893,2252324,41,146
17894,2252258,41,135
17895,2252210,41,164
17896,2252274,39,143
17897,2252212,41,150
17898,2252288,40,157
17899,2252243,38,140
17900,2252189,40,144
17901,2252229,42,160
17902,2252188,39,166
17903,2252274,41,151
17904,2252243,42,154
17905,2252319,41,146
17906,2252285,40,132
17907,2252338,41,133
17908,2252262,34,141
17909,2252208,45,164
17910,2252142,44,140
17911,2252206,43,154
17912,2252154,42,133
17913,2252174,41,160
17914,2252138,39,133
17915,2252194,42,157
17916,2252142,43,144
17917,2252173,39,138
17918,2252112,40,180
17919,2252210,40,156
17920,2252192,40,146
17921,2254898,46,159
17922,2254723,38,166
17923,2254694,42,165
17924,2254759,92,243
17925,2254817,44,180
17926,2254916,42,166
17927,2255053,45,164
17928,2255034,44,156
17929,2255110,40,149
17930,2255072,45,163
17931,2255165,39,161
17932,2255122,41,155
17933,2255194,40,154
17934,2255166,38,144
17935,2255232,39,150
17936,2255278,43,160
17937,2255417,42,151
17938,2255365,41,210
17939,2255498,42,142
17940,2255465,40,158
17941,2255550,39,140
17942,2255504,42,151
17943,2255577,42,160
17944,2255558,39,163
17945,2255643,41,170
17946,2255624,44,157
17947,2255705,42,147
17948,2255640,41,152
17949,2255604,47,160
17950,2255656,39,143
17951,2255591,40,142
17952,2255654,47,153
17953,2255699,40,145
17954,2255819,41,178
17955,2255801,45,162
17956,2255889,40,148
17957,2255851,41,164
17958,2255940,42,171
17959,2255918,42,140
17960,2255978,41,149
17961,2255920,42,162
17962,2255896,40,147
17963,2255862,41,142
17964,2255822,40,156
17965,2255788,41,162
17966,2255752,40,147
17967,2255712,40,146
17968,2255751,38,168
17969,2255718,40,132
17970,2255773,40,150
17971,2255740,43,158
17972,2255749,38,155
17973,2255808,42,159
17974,2255886,41,161
17975,2255861,41,156
17976,2255725,40,146
17977,2255795,40,163
17978,2255760,39,154
17979,2255837,38,150
17980,2255801,44,123
17981,2255850,44,148
17982,2255813,42,136
17983,2255755,41,147
17984,2255828,43,150
17985,2255782,39,158
17986,2255866,42,161
17987,2255792,42,166
17988,2255757,111,213
17989,2255774,39,132
17990,2255717,40,131
17991,2255663,40,146
17992,2255622,42,121
17993,2255558,36,143
17994,2255592,37,140
17995,2255528,40,132
17996,2255580,39,155
17997,2255535,39,161
17998,2255502,44,136
17999,2255449,42,118
18000,2255457,46,2311
18001,2257562,40,163
18002,2257645,41,182
18003,2257615,38,151
18004,2257565,41,169
18005,2257514,40,154
18006,2257589,39,152
18007,2257527,45,160
18008,2257505,41,160
18009,2257488,40,161
18010,2257462,41,148
18011,2257418,40,152
18012,2257374,40,147
18013,2257334,39,154
18014,2257384,38,156
18015,2257338,40,150
18016,2257409,41,155
18017,2257387,39,149
18018,2257462,42,154
18019,2257441,40,157
18020,2257521,41,140
18021,2257481,40,173
18022,2257577,41,140
18023,2257535,39,148
18024,2257603,39,134
18025,2257535,41,155
18026,2257492,39,169
18027,2257475,40,145
18028,2257508,41,149
18029,2257457,40,157
18030,2257542,42,154
18031,2257514,44,164
18032,2257600,41,167
18033,2257591,40,140
18034,2257656,39,156
18035,2257630,38,144
18036,2257697,38,152
18037,2257644,41,157
18038,2257777,41,140
18039,2257731,43,172
18040,2257821,39,160
18041,2257798,41,149
18042,2257869,41,143
18043,2257791,43,137
18044,2257854,42,159
18045,2257830,40,151
18046,2257907,43,160
18047,2257874,40,158
18048,2257955,40,164
18049,2261415,44,226
18050,2261567,39,155
18051,2261545,42,170
18052,2261639,106,202
18053,2261841,40,162
18054,2261978,42,173
18055,2262129,40,137
18056,2262242,40,155
18057,2262376,41,167
18058,2262524,39,131
18059,2262630,42,147
18060,2262755,38,145
18061,2262877,38,149
18062,2263004,40,157
18063,2263141,46,145
18064,2263257,41,153
18065,2263388,40,190
18066,2263554,39,154
18067,2263684,42,138
18068,2263800,40,162
18069,2263937,39,166
18070,2264079,39,167
18071,2264219,40,153
18072,2264350,39,141
18073,2264465,40,151
18074,2264594,41,146
18075,2264718,40,149
18076,2264851,40,158
18077,2264984,43,146
18078,2265108,41,146
18079,2265073,38,155
18080,2265153,39,160
18081,2265137,40,148
18082,2265208,46,154
18083,2265179,40,146
18084,2265246,41,142
18085,2265209,39,158
18086,2265283,39,154
18087,2265239,41,148
18088,2265299,44,160
18089,2265279,39,173
18090,2265377,41,158
18091,2265344,40,164
18092,2265425,43,162
18093,2265418,42,162
18094,2265503,41,139
18095,2265457,42,144
18096,2265524,40,135
18097,2265401,42,152
18098,2265320,39,153
18099,2265403,41,166
18100,2265379,38,152
18101,2265448,39,148
18102,2265406,45,150
18103,2265485,37,146
18104,2265433,33,168
18105,2265519,47,163
18106,2265471,40,148
18107,2265431,38,163
18108,2265403,41,159
18109,2265361,41,164
18110,2265330,43,160
18111,2265413,43,158
18112,2265476,40,142
18113,2265353,43,176
18114,2265455,41,136
18115,2265567,38,136
18116,2265486,97,204
18117,2265492,42,163
18118,2265467,39,135
18119,2265498,42,151
18120,2265504,40,168
18121,2265600,38,127
18122,2265517,41,150
18123,2265473,41,157
18124,2265441,41,127
18125,2265471,42,138
18126,2265409,44,163
18127,2265491,41,161
18128,2265629,42,153
18129,2265575,43,149
18130,2265524,40,143
18131,2265588,42,166
18132,2265571,42,138
18133,2265637,39,139
18134,2265595,43,143
18135,2265668,42,145
18136,2265632,41,160
18137,2265714,45,167
18138,2265696,39,155
18139,2265779,42,149
18140,2265750,37,153
18141,2265829,40,153
18142,2265802,49,156
18143,2265880,41,141
18144,2265813,41,139
18145,2265841,41,172
18146,2265792,40,162
18147,2265690,42,135
18148,2265744,39,149
18149,2265694,39,154
18150,2265650,39,146
18151,2265691,39,159
18152,2265653,39,171
18153,2265749,42,157
18154,2265718,40,149
18155,2265783,41,161
18156,2265744,40,164
18157,2265710,42,157
18158,2265687,39,142
18159,2265550,40,187
18160,2265648,40,140
18161,2265675,42,160
18162,2265629,41,175
18163,2265730,42,174
18164,2265698,39,151
18165,2265665,39,141
18166,2265622,38,159
18167,2265597,39,148
18168,2265557,44,190
18169,2265561,42,146
18170,2265524,39,152
18171,2265656,45,176
18172,2265626,42,148
18173,2265697,38,145
18174,2265662,41,157
18175,2265741,43,183
18176,2265904,39,142
18177,2268365,50,214
18178,2268558,38,179
18179,2268631,43,174
18180,2268780,106,232
18181,2268991,42,374
18182,2269340,37,169
18183,2269486,43,149
18184,2269615,38,159
18185,2269751,40,162
18186,2269892,38,170
18187,2270036,43,148
18188,2270160,41,153
18189,2270293,40,170
18190,2270439,43,178
18191,2270598,37,140
18192,2270715,41,181
18193,2270869,40,168
18194,2271014,42,182
18195,2271168,41,163
18196,2271311,42,165
18197,2271452,41,159
18198,2271585,41,171
18199,2271736,42,134
18200,2271846,40,207
18201,2272029,41,152
18202,2271961,44,163
18203,2272050,40,150
18204,2272105,40,156
18205,2272182,40,160
18206,2272136,41,148
18207,2272084,40,201
18208,2272017,45,172
18209,2272108,42,164
18210,2272094,39,175
18211,2272192,44,186
18212,2272173,41,195
18213,2272295,39,157
18214,2272259,46,141
18215,2272319,36,160
18216,2272267,57,156
18217,2272317,36,165
18218,2272279,40,147
18219,2272333,46,159
18220,2272305,46,166
18221,2272393,41,156
18222,2272359,38,125
18223,2272401,44,161
18224,2272352,40,139
18225,2272379,46,162
18226,2272338,42,145
18227,2272409,42,139
18228,2272336,41,132
18229,2272267,42,243
18230,2272330,41,161
18231,2272300,41,155
18232,2272276,40,155
18233,2272255,40,148
18234,2272302,44,151
18235,2272250,44,163
18236,2272335,43,144
18237,2272277,40,144
18238,2272339,40,141
18239,2272270,41,134
18240,2272223,39,155
18241,2272181,43,133
18242,2272128,41,129
18243,2272155,43,242
18244,2272189,108,213
18245,2272272,38,312
18246,2272505,42,172
18247,2272497,39,161
18248,2272579,40,166
18249,2272540,39,195
18250,2272547,44,169
18251,2272525,40,160
18252,2272576,44,167
18253,2272551,41,149
18254,2272627,36,195
18255,2272644,40,161
18256,2272726,41,114
18257,2272627,39,165
18258,2272605,43,145
18259,2272561,42,165
18260,2272536,40,173
18261,2272535,36,126
18262,2272468,41,145
18263,2272498,42,167
18264,2272475,42,150
18265,2272544,41,160
18266,2272510,51,155
18267,2272584,40,149
18268,2272522,42,157
18269,2272489,43,183
18270,2272487,43,159
18271,2272464,37,154
18272,2272444,39,154
18273,2272405,41,146
18274,2272370,42,137
18275,2272405,41,217
18276,2272429,39,143
18277,2272494,41,155
18278,2272550,42,148
18279,2272621,40,154
18280,2272567,39,140
18281,2272528,41,141
18282,2272480,41,256
18283,2272539,40,171
18284,2272449,40,155
18285,2272500,40,143
18286,2272556,41,177
18287,2272709,44,200
18288,2272889,41,142
18289,2273006,41,165
18290,2273152,41,137
18291,2273266,115,229
18292,2273472,42,168
18293,2273617,42,151
18294,2273747,40,203
18295,2273928,36,160
18296,2274060,41,170
18297,2274204,44,163
18298,2274343,39,154
18299,2274473,40,144
18300,2274595,36,131
18301,2274702,37,187
18302,2274865,40,148
18303,2274991,41,178
18304,2275146,41,212
18305,2277677,41,163
18306,2277815,42,185
18307,2277980,41,140
18308,2278098,98,214
18309,2278289,42,171
18310,2278437,38,197
18311,2278426,41,156
18312,2278509,43,145
18313,2278449,43,148
18314,2278514,42,129
18315,2278467,42,167
18316,2278562,37,162
18317,2278547,38,146
18318,2278616,38,174
18319,2278596,43,170
18320,2278687,42,169
18321,2278680,41,162
18322,2278770,39,156
18323,2278743,40,145
18324,2278810,39,168
18325,2278795,41,179
18326,2278887,38,165
18327,2278860,42,150
18328,2278900,40,178
18329,2278884,39,175
18330,2278862,41,140
18331,2278723,42,165
18332,2278814,40,169
18333,2278797,44,164
18334,2278885,41,162
18335,2278840,36,149
18336,2278806,38,167
18337,2278785,41,148
18338,2278744,40,154
18339,2278714,40,178
18340,2278806,37,151
18341,2278760,39,156
18342,2278825,39,133
18343,2278856,40,169
18344,2279002,38,158
18345,2278967,43,147
18346,2279039,41,158
18347,2279017,39,137
18348,2279077,40,138
18349,2279000,39,133
18350,2278940,43,173
18351,2279009,42,174
18352,2278955,39,149
18353,2279026,42,145
18354,2278954,42,171
18355,2278947,41,148
18356,2278912,45,174
18357,2278983,40,184
18358,2278963,38,147
18359,2279032,41,177
18360,2279021,39,134
18361,2279082,36,156
18362,2279055,36,149
18363,2279132,43,163
18364,2279086,41,166
18365,2278969,40,126
18366,2279019,39,138
18367,2278977,46,160
18368,2279060,40,163
18369,2279046,38,116
18370,2279082,42,178
18371,2279058,39,148
18372,2279019,99,193
18373,2279027,43,155
18374,2279002,42,161
18375,2279064,51,151
18376,2279020,40,153
18377,2279091,42,160
18378,2279050,40,146
18379,2278995,42,169
18380,2278963,41,160
18381,2278931,41,154
18382,2278894,40,152
18383,2278976,41,150
18384,2278931,40,158
18385,2278900,41,163
18386,2278990,39,154
18387,2278962,40,142
18388,2279027,41,143
18389,2278986,44,138
18390,2279041,42,165
18391,2278999,39,140
18392,2279062,40,161
18393,2279197,42,164
18394,2279336,41,157
18395,2279475,40,161
18396,2279614,40,165
18397,2279758,39,135
18398,2279866,42,181
18399,2280021,41,141
18400,2280133,42,143
18401,2280250,44,138
18402,2280363,40,172
18403,2280513,41,164
18404,2280653,40,136
18405,2280765,38,155
18406,2280897,40,155
18407,2281024,42,153
18408,2281149,43,166
18409,2281218,44,155
18410,2281352,40,138
18411,2281467,39,155
18412,2281600,39,149
18413,2281724,40,151
18414,2281853,42,157
18415,2281995,40,157
18416,2282125,41,155
18417,2282102,42,142
18418,2282163,43,153
18419,2282135,38,140
18420,2282201,39,210
18421,2282215,42,134
18422,2282280,37,127
18423,2282224,41,134
18424,2282279,43,142
18425,2282321,41,162
18426,2282212,46,167
18427,2282304,41,143
18428,2282260,44,142
18429,2282324,41,146
18430,2282263,37,150
18431,2282214,33,115
18432,2282216,40,174
18433,2284298,42,197
18434,2284418,39,186
18435,2284399,38,171
18436,2284383,94,236
18437,2284426,41,150
18438,2284387,37,162
18439,2284470,40,155
18440,2284436,42,150
18441,2284509,41,154
18442,2284455,39,180
18443,2284446,42,172
18444,2284508,40,167
18445,2284468,41,157
18446,2284547,40,150
18447,2284595,38,158
18448,2284728,39,164
18449,2284689,40,147
18450,2284759,44,150
18451,2284729,36,170
18452,2284820,40,161
18453,2284791,40,124
18454,2284837,42,162
18455,2284779,40,136
18456,2284727,41,173
18457,2284795,44,137
18458,2284745,41,146
18459,2284819,41,153
18460,2284794,41,165
18461,2284678,41,148
18462,2284748,38,166
18463,2284819,37,157
18464,2284707,42,149
18465,2284773,41,154
18466,2284720,40,154
18467,2284756,41,180
18468,2284724,40,131
18469,2284651,43,159
18470,2284631,41,155
18471,2284608,42,119
18472,2284551,39,147
18473,2284607,47,148
18474,2284559,47,177
18475,2284661,42,181
18476,2284626,43,160
18477,2284677,40,137
18478,2284619,45,131
18479,2284662,39,144
18480,2284705,40,157
18481,2284837,45,156
18482,2284805,39,154
18483,2284883,39,155
18484,2284855,42,159
18485,2284933,39,162
18486,2284994,37,229
18487,2285197,42,157
18488,2285174,42,167
18489,2285262,41,159
18490,2285329,41,160
18491,2285220,40,150
18492,2285292,40,118
18493,2285201,39,158
18494,2285174,41,160
18495,2285153,45,167
18496,2285140,41,153
18497,2285106,43,161
18498,2285093,45,143
18499,2285037,41,166
18500,2285015,111,222
18501,2285127,44,157
18502,2285082,44,178
18503,2285174,40,146
18504,2285108,41,170
18505,2285085,42,166
18506,2285059,33,145
18507,2285097,38,220
18508,2285126,40,196
18509,2285241,41,141
18510,2285182,38,153
18511,2285137,42,143
18512,2285079,39,159
18513,2285054,40,146
18514,2285008,44,140
18515,2284967,42,157
18516,2284911,38,155
18517,2284989,41,154
18518,2285116,41,139
18519,2285234,43,283
18520,2285493,39,190
18521,2285659,40,151
18522,2285786,43,146
18523,2285911,42,159
18524,2286046,47,143
18525,2286170,42,147
18526,2286295,40,150
18527,2286419,44,164
18528,2286559,41,272
18529,2286812,40,164
18530,2286951,37,141
18531,2287067,40,151
18532,2287194,42,154
18533,2287345,44,151
18534,2287379,34,140
18535,2287498,37,156
18536,2287628,41,168
18537,2287777,40,153
18538,2287908,40,165
18539,2288050,42,138
18540,2288158,41,168
18541,2288303,39,135
18542,2288418,40,129
18543,2288354,40,162
18544,2288438,38,112
18545,2288449,41,147
18546,2288522,39,151
18547,2288498,43,162
18548,2288587,47,137
18549,2288544,42,176
18550,2288641,46,153
18551,2288611,43,169
18552,2288697,43,156
18553,2288650,40,143
18554,2288578,38,244
18555,2288616,40,154
18556,2288664,41,152
18557,2288614,42,155
18558,2288672,40,170
18559,2288649,40,159
18560,2288608,39,160
18561,2290661,46,170
18562,2290725,39,164
18563,2290696,41,157
18564,2290762,109,219
18565,2290793,43,173
18566,2290775,43,144
18567,2290812,38,151
18568,2290762,36,212
18569,2290896,41,166
18570,2290875,41,172
18571,2290970,41,165
18572,2290953,48,176
18573,2291052,40,146
18574,2290986,40,151
18575,2290948,42,168
18576,2290921,40,172
18577,2290992,41,137
18578,2290931,40,159
18579,2291018,40,144
18580,2290943,42,135
18581,2291004,41,144
18582,2290937,42,160
18583,2290901,40,170
18584,2290888,38,145
18585,2290819,35,149
18586,2290759,40,144
18587,2290696,42,166
18588,2290663,41,149
18589,2290540,41,141
18590,2290604,39,162
18591,2290585,40,162
18592,2290664,40,160
18593,2290620,41,153
18594,2290576,40,133
18595,2290527,43,137
18596,2290389,42,139
18597,2290417,45,151
18598,2290384,40,238
18599,2290602,42,172
18600,2290572,41,150
18601,2290648,38,162
18602,2290625,40,149
18603,2290695,40,166
18604,2290682,40,142
18605,2290749,41,141
18606,2290692,44,152
18607,2290767,44,149
18608,2290732,44,136
18609,2290791,42,143
18610,2290730,41,157
18611,2290691,41,153
18612,2290658,40,157
18613,2290627,39,157
18614,2290674,40,141
18615,2290616,42,147
18616,2290683,42,158
18617,2290632,42,155
18618,2290583,45,163
18619,2290565,39,260
18620,2290714,44,152
18621,2290641,45,155
18622,2290718,43,149
18623,2290673,43,162
18624,2290826,40,160
18625,2290801,39,145
18626,2290869,43,148
18627,2290832,40,136
18628,2290887,90,187
18629,2290866,38,153
18630,2290825,40,144
18631,2290777,43,221
18632,2290700,40,144
18633,2290771,43,132
18634,2290715,42,145
18635,2290787,38,220
18636,2290825,35,152
18637,2290894,34,136
18638,2290823,34,113
18639,2290860,33,126
18640,2290795,35,140
18641,2290854,38,189
18642,2290875,53,146
18643,2290937,40,131
18644,2290884,40,142
18645,2290948,43,160
18646,2290924,41,132
18647,2290981,40,142
18648,2290939,43,161
18649,2291020,44,139
18650,2290975,41,157
18651,2291052,40,178
18652,2291013,37,134
18653,2290958,42,140
18654,2290798,41,134
18655,2290861,42,152
18656,2290826,44,155
18657,2290905,42,152
18658,2290870,42,144
18659,2290695,39,150
18660,2290769,42,164
18661,2290746,40,162
18662,2290829,41,162
18663,2290788,37,165
18664,2290766,43,145
18665,2290727,44,154
18666,2290700,40,160
18667,2290751,41,149
18668,2290700,41,168
18669,2290785,39,137
18670,2290740,40,150
18671,2290814,34,277
18672,2290918,43,141
18673,2290983,44,157
18674,2290955,37,152
18675,2291034,42,140
18676,2290995,43,169
18677,2291087,40,151
18678,2291029,45,148
18679,2290993,41,144
18680,2290949,40,160
18681,2290918,45,148
18682,2290881,44,156
18683,2290926,40,141
18684,2290875,43,157
18685,2290768,41,159
18686,2290853,39,153
18687,2290823,41,197
18688,2290942,42,168
18689,2293460,45,170
18690,2293551,42,170
18691,2293516,40,168
18692,2293502,85,213
18693,2293432,34,173
18694,2293528,38,136
18695,2293472,41,161
18696,2293562,35,184
18697,2293534,38,145
18698,2293483,41,149
18699,2293445,37,145
18700,2293478,39,156
18701,2293442,40,140
18702,2293507,42,219
18703,2293523,40,142
18704,2293591,40,157
18705,2293561,40,148
18706,2293633,41,140
18707,2293589,42,151
18708,2293662,39,151
18709,2293627,38,143
18710,2293691,40,152
18711,2293658,42,260
18712,2293637,42,154
18713,2293716,36,154
18714,2293688,41,123
18715,2293737,43,148
18716,2293693,40,143
18717,2293759,42,152
18718,2293722,40,143
18719,2293786,41,149
18720,2293748,46,153
18721,2293750,41,151
18722,2293794,35,141
18723,2293858,35,145
18724,2293820,35,144
18725,2293874,38,146
18726,2293813,46,154
18727,2293858,46,162
18728,2293998,32,144
18729,2293933,36,155
18730,2294004,38,119
18731,2294012,39,126
18732,2294114,41,205
18733,2294295,40,164
18734,2294432,44,158
18735,2294566,40,163
18736,2294705,40,159
18737,2294842,37,180
18738,2294997,36,145
18739,2295117,42,154
18740,2295246,43,133
18741,2295354,41,149
18742,2295480,35,117
18743,2295568,41,136
18744,2295678,35,159
18745,2295809,32,116
18746,2295902,46,155
18747,2296038,39,140
18748,2296156,40,132
18749,2296264,35,156
18750,2296399,43,145
18751,2296518,43,170
18752,2296667,40,129
18753,2296594,42,140
18754,2296655,42,136
18755,2296604,43,161
18756,2296688,117,215
18757,2296724,42,159
18758,2296805,40,151
18759,2296775,41,138
18760,2296836,42,152
18761,2296782,40,133
18762,2296729,41,182
18763,2296720,41,190
18764,2296718,42,128
18765,2296650,42,174
18766,2296632,41,174
18767,2296621,41,146
18768,2296569,42,156
18769,2296527,40,152
18770,2296490,40,189
18771,2296490,43,139
18772,2296521,41,138
18773,2296439,40,146
18774,2296504,38,137
18775,2296455,43,145
18776,2296514,38,131
18777,2296463,39,162
18778,2296546,39,144
18779,2296498,45,155
18780,2296576,41,126
18781,2296520,42,136
18782,2296581,43,142
18783,2296535,39,143
18784,2296486,41,166
18785,2296567,42,172
18786,2296529,43,149
18787,2296593,45,147
18788,2296536,36,135
18789,2296492,41,144
18790,2296529,39,141
18791,2296469,42,135
18792,2296529,44,152
18793,2296493,40,134
18794,2296548,42,135
18795,2296497,40,144
18796,2296565,38,169
18797,2296526,41,179
18798,2296512,40,137
18799,2296454,41,151
18800,2296415,42,161
18801,2296464,41,159
18802,2296425,42,158
18803,2296502,44,140
18804,2296457,40,158
18805,2296540,40,136
18806,2296485,41,136
18807,2296540,40,137
18808,2296467,39,151
18809,2296433,42,138
18810,2296389,40,185
18811,2296383,44,179
18812,2296455,44,140
18813,2296397,41,192
18814,2296510,40,137
18815,2296440,41,118
18816,2296364,40,147
18817,2298499,44,153
18818,2298383,41,161
18819,2298283,42,175
18820,2298385,108,352
18821,2291938,34,142
18822,2292004,42,141
18823,2292117,38,150
18824,2292080,40,134
18825,2292135,41,146
18826,2292086,46,148
18827,2292154,40,153
18828,2292102,40,154
18829,2292065,42,193
18830,2292148,42,143
18831,2292080,40,155
18832,2292165,41,151
18833,2292132,44,145
18834,2292201,41,153
18835,2292144,41,151
18836,2292103,46,150
18837,2292074,42,148
18838,2292129,39,325
18839,2292255,41,148
18840,2292325,40,122
18841,2292255,44,143
18842,2292317,38,153
18843,2292277,38,138
18844,2292344,44,177
18845,2292316,42,164
18846,2292232,42,170
18847,2292130,40,162
18848,2292216,39,151
18849,2292179,41,157
18850,2292265,42,151
18851,2292230,42,226
18852,2292382,40,142
18853,2292338,42,213
18854,2292472,41,136
18855,2292407,44,150
18856,2292371,44,171
18857,2292358,50,168
18858,2292349,39,154
18859,2292394,34,138
18860,2292504,35,154
18861,2292463,40,258
18862,2292639,39,194
18863,2292630,40,165
18864,2292608,49,142
18865,2292531,41,146
18866,2292569,43,160
18867,2292706,38,186
18868,2292871,40,168
18869,2293011,40,153
18870,2293144,43,159
18871,2293282,40,120
18872,2293363,38,165
18873,2293508,45,154
18874,2293639,40,161
18875,2293776,40,140
18876,2293896,42,183
18877,2294058,40,134
18878,2294166,42,164
18879,2294306,44,151
18880,2294432,40,145
18881,2294493,39,177
18882,2294649,42,163
18883,2294790,39,161
18884,2294928,90,195
18885,2295097,41,165
18886,2295237,40,148
18887,2295365,42,161
18888,2295502,43,167
18889,2295647,36,159
18890,2295599,38,134
18891,2295658,44,168
18892,2295611,39,129
18893,2295540,39,165
18894,2295596,58,188
18895,2295763,43,161
18896,2295727,40,157
18897,2295696,42,163
18898,2295674,42,247
18899,2295822,40,159
18900,2295786,39,158
18901,2295866,41,151
18902,2295810,42,136
18903,2295754,38,137
18904,2295704,39,148
18905,2295753,40,143
18906,2295715,42,141
18907,2295782,45,157
18908,2295688,40,152
18909,2295627,42,158
18910,2295704,38,141
18911,2295649,41,159
18912,2295732,44,182
18913,2295713,43,170
18914,2295689,42,144
18915,2295647,40,165
18916,2295612,41,153
18917,2295571,41,155
18918,2295545,40,164
18919,2295533,43,154
18920,2295505,42,167
18921,2295473,42,145
18922,2295442,41,158
18923,2295395,42,144
18924,2295465,40,144
18925,2295422,40,141
18926,2295479,39,150
18927,2295418,39,164
18928,2295476,41,166
18929,2295442,39,158
18930,2295526,40,168
18931,2295502,39,146
18932,2295569,40,147
18933,2295506,38,159
18934,2295558,44,287
18935,2295641,42,157
18936,2295723,41,177
18937,2295720,37,154
18938,2295794,43,169
18939,2295775,44,160
18940,2295857,43,147
18941,2295820,41,168
18942,2295913,42,164
18943,2295867,45,167
18944,2295902,41,178
18945,2298044,41,158
18946,2298090,41,167
18947,2298230,40,174
18948,2298213,100,206
18949,2298343,45,175
18950,2298328,39,169
18951,2298414,41,167
18952,2298394,39,162
18953,2298479,40,155
18954,2298427,37,146
18955,2298376,40,149
18956,2298348,38,176
18957,2298331,42,149
18958,2298289,39,170
18959,2298386,40,164
18960,2298453,41,207
18961,2298578,42,149
18962,2298527,40,152
18963,2298492,42,162
18964,2298473,41,164
18965,2298439,42,146
18966,2298394,40,161
18967,2298455,40,166
18968,2298430,41,141
18969,2298492,41,163
18970,2298551,41,211
18971,2298495,42,186
18972,2298604,44,168
18973,2298561,41,160
18974,2298645,42,156
18975,2298620,39,166
18976,2298708,37,147
18977,2298670,41,165
18978,2298759,46,134
18979,2298681,41,163
18980,2298731,40,176
18981,2298691,40,160
18982,2298774,40,161
18983,2298726,41,178
18984,2298823,40,161
18985,2298779,41,175
18986,2298764,41,173
18987,2298652,40,205
18988,2298782,39,161
18989,2298763,40,160
18990,2298840,39,142
18991,2298773,40,138
18992,2298724,38,153
18993,2298694,39,145
18994,2298647,38,151
18995,2298688,42,155
18996,2298634,41,156
18997,2298712,41,163
18998,2298676,41,161
18999,2298651,44,177
19000,2298647,52,2007
19001,2300469,43,191
19002,2300477,37,157
19003,2300438,40,162
19004,2300500,43,158
19005,2300469,40,164
19006,2300553,39,165
19007,2300533,37,161
19008,2300615,41,161
19009,2300571,40,155
19010,2300527,40,141
19011,2300477,43,162
19012,2300444,115,240
19013,2300491,45,165
19014,2300468,46,172
19015,2300463,40,156
19016,2300435,42,139
19017,2300393,38,145
19018,2300429,41,148
19019,2300391,39,156
19020,2300470,43,162
19021,2300444,42,163
19022,2300533,41,147
19023,2300496,42,166
19024,2300584,43,161
19025,2300570,40,158
19026,2300651,40,168
19027,2300613,43,151
19028,2300686,39,163
19029,2300649,38,157
19030,2300608,42,154
19031,2300685,39,130
19032,2300609,41,153
19033,2300501,41,150
19034,2300548,40,141
19035,2300500,39,182
19036,2300501,45,158
19037,2300472,39,138
19038,2300420,41,148
19039,2300458,38,142
19040,2300402,42,158
19041,2300487,42,163
19042,2300468,42,159
19043,2300552,40,160
19044,2300496,40,149
19045,2300450,41,163
19046,2300505,42,136
19047,2300441,43,137
19048,2300506,42,133
19049,2300447,43,157
19050,2300528,43,134
19051,2300485,44,156
19052,2300563,38,161
19053,2300539,41,180
19054,2300640,41,186
19055,2300606,41,174
19056,2300596,58,153
19057,2300562,40,199
19058,2300651,43,144
19059,2300774,41,151
19060,2300715,41,142
19061,2300780,41,140
19062,2300721,41,145
19063,2300696,40,174
19064,2300791,43,166
19065,2300941,39,142
19066,2301055,43,186
19067,2301215,42,160
19068,2301350,38,177
19069,2301502,37,160
19070,2301635,41,146
19071,2301755,40,133
19072,2301860,39,167
19073,2304702,51,297
19074,2304973,47,159
19075,2305031,43,172
19076,2305184,97,199
19077,2305357,44,171
19078,2305502,42,166
19079,2305649,41,151
19080,2305780,40,147
19081,2305909,40,130
19082,2306014,43,178
19083,2306170,44,151
19084,2306302,40,149
19085,2306422,41,167
19086,2306567,32,197
19087,2306556,40,169
19088,2306640,44,155
19089,2306611,41,148
19090,2306676,42,154
19091,2306655,43,145
19092,2306709,40,149
19093,2306658,39,142
19094,2306613,40,183
19095,2306597,44,131
19096,2306633,44,150
19097,2306582,38,143
19098,2306513,41,146
19099,2306583,40,131
19100,2306506,45,185
19101,2306496,38,165
19102,2306469,39,127
19103,2306399,42,159
19104,2300473,42,177
19105,2300461,42,144
19106,2300525,43,151
19107,2300481,40,155
19108,2300562,41,144
19109,2300509,38,136
19110,2300567,42,192
19111,2300568,40,175
19112,2300667,42,155
19113,2300644,40,172
19114,2300729,40,139
19115,2300660,43,171
19116,2300644,41,162
19117,2300628,45,156
19118,2300596,40,183
19119,2300701,42,140
19120,2300655,40,164
19121,2300740,41,140
19122,2300670,40,145
19123,2300730,39,157
19124,2300676,42,137
19125,2300633,38,129
19126,2300468,41,150
19127,2300539,44,151
19128,2300476,42,135
19129,2300430,43,163
19130,2300409,42,117
19131,2300340,47,150
19132,2300279,41,161
19133,2300225,42,191
19134,2300216,41,170
19135,2300200,42,178
19136,2300177,41,150
19137,2300127,45,164
19138,2300084,38,160
19139,2300054,40,140
19140,2300109,108,294
19141,2300182,46,188
19142,2300275,43,163
19143,2300228,40,137
19144,2300181,40,140
19145,2300144,39,159
19146,2300109,42,162
19147,2300175,42,160
19148,2300122,39,154
19149,2299978,42,141
19150,2300038,44,174
19151,2300009,40,143
19152,2299966,38,150
19153,2299933,43,175
19154,2299930,42,147
19155,2299897,45,143
19156,2299854,38,160
19157,2299907,39,155
19158,2299850,42,158
19159,2299727,43,170
19160,2299819,45,153
19161,2299764,43,159
19162,2299732,43,147
19163,2299693,40,147
19164,2299661,40,156
19165,2299628,42,136
19166,2299583,44,142
19167,2299543,42,182
19168,2299534,41,176
19169,2299529,41,146
19170,2299491,39,140
19171,2299452,43,181
19172,2299443,39,147
19173,2299480,38,182
19174,2299634,41,157
19175,2299617,39,257
19176,2299587,41,173
19177,2299685,43,163
19178,2299673,41,150
19179,2299751,44,145
19180,2299717,46,180
19181,2299825,43,139
19182,2299781,43,147
19183,2299855,40,140
19184,2299797,42,161
19185,2299880,44,136
19186,2299815,41,162
19187,2299791,39,128
19188,2299717,42,199
19189,2299814,41,180
19190,2299968,39,152
19191,2299919,38,141
19192,2299953,41,189
19193,2299944,42,156
19194,2300023,42,143
19195,2299948,41,160
19196,2299905,40,220
19197,2299940,41,156
19198,2299910,42,161
19199,2299994,40,174
19200,2300145,40,150
19201,2302638,39,158
19202,2302760,40,161
19203,2302898,37,149
19204,2303024,93,246
19205,2303243,43,159
19206,2303380,43,163
19207,2303516,45,164
19208,2303653,42,139
19209,2303772,37,160
19210,2303910,41,138
19211,2304023,46,162
19212,2304162,39,162
19213,2304300,42,180
19214,2304459,40,154
19215,2304592,41,172
19216,2304742,39,118
19217,2304836,43,142
19218,2304959,43,173
19219,2305112,39,143
19220,2305119,43,158
19221,2305253,41,169
19222,2305400,42,144
19223,2305519,41,147
19224,2305642,43,168
19225,2305793,39,134
19226,2305909,44,197
19227,2306082,43,180
19228,2306237,40,129
19229,2306342,44,151
19230,2306470,42,151
19231,2306596,40,165
19232,2306739,41,161
19233,2306880,43,150
19234,2307010,39,162
19235,2307148,40,160
19236,2307283,41,134
19237,2307391,37,151
19238,2307518,42,145
19239,2307638,40,171
19240,2307786,43,146
19241,2307909,41,156
19242,2308044,41,165
19243,2308186,42,154
19244,2308317,44,217
19245,2308513,39,146
19246,2308637,39,144
19247,2308755,41,147
19248,2308876,40,138
19249,2308989,42,145
19250,2309111,41,145
19251,2309234,40,157
19252,2309365,40,150
19253,2309491,41,143
19254,2309608,42,151
19255,2309734,39,149
19256,2309861,39,143
19257,2309977,43,145
19258,2310101,42,155
19259,2310234,41,155
19260,2310363,40,151
19261,2310488,39,145
19262,2310607,40,138
19263,2310720,44,159
19264,2310857,42,157
19265,2310991,39,148
19266,2311113,42,144
19267,2311240,45,150
19268,2311371,117,223
19269,2311569,44,151
19270,2311671,43,158
19271,2311806,38,150
19272,2311925,35,111
19273,2312015,41,175
19274,2312169,43,147
19275,2312292,42,144
19276,2312412,41,135
19277,2312524,42,162
19278,2312660,42,151
19279,2312786,41,164
19280,2312925,42,164
19281,2313067,43,167
19282,2313214,47,175
19283,2313273,40,149
19284,2313398,40,141
19285,2313521,40,151
19286,2313646,42,153
19287,2313777,42,138
19288,2313893,40,150
19289,2314022,41,147
19290,2314148,41,142
19291,2314264,43,149
19292,2314390,40,150
19293,2314520,40,140
19294,2314642,41,147
19295,2314765,40,149
19296,2314890,42,158
19297,2315027,41,137
19298,2315140,43,173
19299,2315295,40,142
19300,2315416,42,144
19301,2315537,42,180
19302,2315691,43,156
19303,2315824,46,158
19304,2315956,43,154
19305,2316089,39,148
19306,2316214,41,166
19307,2316355,46,165
19308,2316494,42,149
19309,2316616,42,149
19310,2316741,38,154
19311,2316872,36,122
19312,2316968,40,171
19313,2317127,41,139
19314,2317246,40,137
19315,2317365,42,168
19316,2317512,45,133
19317,2317619,42,144
19318,2317743,40,145
19319,2317867,45,172
19320,2318018,41,165
19321,2318155,43,170
19322,2318302,43,162
19323,2318438,37,140
19324,2318561,44,139
19325,2318676,38,157
19326,2318807,40,173
19327,2318954,45,163
19328,2319095,41,176
19329,2321591,46,200
19330,2321773,42,157
19331,2321908,42,158
19332,2322045,103,197
19333,2322219,46,168
19334,2322369,41,170
19335,2322519,42,174
19336,2322672,42,133
19337,2322788,43,157
19338,2322927,41,187
19339,2323090,40,161
19340,2323224,40,158
19341,2323362,41,148
19342,2323489,44,147
19343,2323616,39,267
19344,2323859,41,144
19345,2323903,40,162
19346,2324042,41,136
19347,2324125,40,150
19348,2324250,42,154
19349,2324380,39,160
19350,2324517,41,150
19351,2324647,39,180
19352,2324800,41,171
19353,2324947,41,157
19354,2325080,37,146
19355,2325201,42,169
19356,2325353,40,145
19357,2325472,43,149
19358,2325598,43,163
19359,2325739,40,148
19360,2325863,40,143
19361,2325991,56,241
19362,2326211,38,138
19363,2326331,42,177
19364,2326482,39,148
19365,2326610,40,157
19366,2326742,41,150
19367,2326874,41,130
19368,2326980,42,179
19369,2327137,38,148
19370,2327261,42,173
19371,2327412,42,156
19372,2327549,42,149
19373,2327680,38,144
19374,2327807,44,170
19375,2327955,40,167
19376,2328093,45,167
19377,2328236,43,150
19378,2328358,41,161
19379,2328496,40,140
19380,2328612,42,140
19381,2328728,43,144
19382,2328853,41,152
19383,2328991,42,141
19384,2329107,43,155
19385,2329241,45,166
19386,2329387,46,145
19387,2329354,40,142
19388,2329415,40,163
19389,2329473,40,138
19390,2329591,40,159
19391,2329558,41,162
19392,2329706,39,161
19393,2329656,39,142
19394,2329481,52,172
19395,2329578,47,152
19396,2329552,94,198
19397,2329666,40,160
19398,2329640,44,164
19399,2329726,39,158
19400,2329687,39,153
19401,2329566,42,160
19402,2329643,42,153
19403,2329614,41,174
19404,2329706,41,160
19405,2329675,40,156
19406,2329748,42,143
19407,2329705,44,156
19408,2329662,42,120
19409,2329712,40,162
19410,2329687,38,155
19411,2329768,40,167
19412,2329745,43,157
19413,2329827,40,152
19414,2329795,38,155
19415,2329871,41,145
19416,2329806,40,166
19417,2329777,40,161
19418,2329729,43,138
19419,2329678,43,157
19420,2329726,39,130
19421,2329829,38,175
19422,2329796,40,146
19423,2329756,40,160
19424,2329726,39,135
19425,2329682,39,151
19426,2329641,38,156
19427,2329707,40,180
19428,2329863,39,156
19429,2329805,40,142
19430,2329745,42,143
19431,2329698,40,141
19432,2329648,41,157
19433,2329619,43,155
19434,2329590,46,150
19435,2329558,40,160
19436,2329522,42,163
19437,2329588,40,158
19438,2329562,41,153
19439,2329637,41,165
19440,2329586,40,161
19441,2329648,39,162
19442,2329624,43,171
19443,2329720,39,160
19444,2329672,37,134
19445,2329618,39,160
19446,2329751,39,141
19447,2329683,41,157
19448,2329734,36,161
19449,2329687,40,152
19450,2329760,40,158
19451,2329825,42,154
19452,2329898,42,158
19453,2329853,39,119
19454,2329783,40,140
19455,2329728,40,149
19456,2329774,45,152
19457,2332129,44,177
19458,2332100,43,176
19459,2332064,38,173
19460,2332158,99,236
19461,2332304,45,162
19462,2332192,39,168
19463,2332285,45,156
19464,2332262,42,157
19465,2332344,43,163
19466,2332327,41,136
19467,2332374,39,147
19468,2332316,45,145
19469,2332264,40,141
19470,2332137,42,166
19471,2332222,43,150
19472,2332348,41,170
19473,2332313,42,164
19474,2332297,41,145
19475,2332257,43,160
19476,2332232,39,156
19477,2332307,44,135
19478,2332253,43,137
19479,2332123,40,171
19480,2332206,41,152
19481,2332152,38,167
19482,2332126,41,143
19483,2332061,40,136
19484,2332119,40,167
19485,2332096,39,148
19486,2332163,42,164
19487,2332310,40,163
19488,2332451,44,161
19489,2332591,40,164
19490,2332735,42,158
19491,2332868,41,150
19492,2332992,39,159
19493,2333130,40,147
19494,2333252,43,157
19495,2333388,40,156
19496,2333520,41,156
19497,2333652,42,145
19498,2333773,43,146
19499,2333902,38,164
19500,2334045,44,165
19501,2334193,41,135
19502,2334304,41,157
19503,2334429,39,127
19504,2334535,42,170
19505,2334678,41,120
19506,2334776,41,166
19507,2334921,42,135
19508,2335038,42,158
19509,2335172,40,141
19510,2335289,40,143
19511,2335408,42,164
19512,2335385,40,149
19513,2335454,42,156
19514,2335406,41,144
19515,2335350,40,155
19516,2335308,41,160
19517,2335288,42,143
19518,2335253,40,150
19519,2335105,42,150
19520,2335179,40,137
19521,2335126,40,146
19522,2335187,39,137
19523,2335113,43,138
19524,2335068,119,358
19525,2335316,40,149
19526,2335255,43,254
19527,2335227,41,167
19528,2335316,36,143
19529,2335278,36,136
19530,2335335,36,136
19531,2335276,35,151
19532,2335283,40,127
19533,2335309,42,167
19534,2335403,39,144
19535,2335340,40,143
19536,2335405,38,158
19537,2335353,39,147
19538,2335388,37,157
19539,2335349,32,116
19540,2335387,39,138
19541,2335334,39,162
19542,2335419,40,155
19543,2335369,41,129
19544,2335300,40,156
19545,2335276,41,158
19546,2335223,40,207
19547,2335214,42,165
19548,2335298,40,144
19549,2335265,41,154
19550,2335307,35,120
19551,2335216,37,128
19552,2335151,32,124
19553,2335161,33,92
19554,2335054,33,136
19555,2334911,31,124
19556,2334952,36,144
19557,2334906,38,109
19558,2334932,33,125
19559,2334870,38,135
19560,2334925,32,135
19561,2334866,31,129
19562,2334911,34,127
19563,2334941,36,116
19564,2334781,40,153
19565,2334850,33,138
19566,2334806,34,133
19567,2334858,38,140
19568,2334809,33,136
19569,2334863,36,126
19570,2334773,31,138
19571,2334721,37,130
19572,2334741,39,140
19573,2334678,32,151
19574,2334747,32,110
19575,2334752,32,116
19576,2334592,38,149
19577,2334659,31,122
19578,2334562,37,133
19579,2334505,31,124
19580,2334522,32,124
19581,2334452,32,119
19582,2334491,32,123
19583,2334406,34,129
19584,2334450,40,152
19585,2336499,38,146
19586,2336571,38,141
19587,2336501,39,194
19588,2336499,79,191
19589,2336506,39,136
19590,2336458,38,139
19591,2336409,39,130
19592,2336347,39,143
19593,2336379,38,131
19594,2336411,39,147
19595,2336416,36,139
19596,2336530,38,147
19597,2336649,40,154
19598,2336777,35,126
19599,2336881,37,124
19600,2336978,37,135
19601,2337086,36,140
19602,2337201,38,152
19603,2337328,39,138
19604,2337440,39,139
19605,2337551,39,143
19606,2337668,39,138
19607,2337778,36,138
19608,2337891,40,109
19609,2337976,38,185
19610,2338136,38,180
19611,2338293,37,121
19612,2338388,39,153
19613,2338515,38,140
19614,2338630,38,115
19615,2338718,36,120
19616,2338811,39,148
19617,2338935,40,138
19618,2339049,36,129
19619,2338979,38,120
19620,2339019,38,133
19621,2339047,40,152
19622,2339119,39,124
19623,2339039,36,137
19624,2338986,37,135
19625,2338902,38,134
19626,2338835,38,134
19627,2338768,37,125
19628,2338814,39,124
19629,2338756,37,122
19630,2338792,35,130
19631,2338720,38,134
19632,2338655,37,136
19633,2338767,38,150
19634,2338891,38,130
19635,2338996,40,138
19636,2339108,36,123
19637,2339207,37,148
19638,2339328,39,124
19639,2339428,38,138
19640,2339544,39,137
19641,2339656,39,141
19642,2339771,38,129
19643,2339872,39,140
19644,2339965,41,139
19645,2340079,37,133
19646,2340183,38,136
19647,2340295,38,124
19648,2340394,38,136
19649,2340500,38,133
19650,2340600,37,124
19651,2340700,39,134
19652,2340812,71,162
19653,2340792,37,110
19654,2340829,38,110
19655,2340747,42,139
19656,2340810,38,125
19657,2340674,38,135
19658,2340599,36,146
19659,2340663,37,144
19660,2340626,36,133
19661,2340683,38,121
19662,2340586,38,147
19663,2340619,39,138
19664,2340731,38,137
19665,2340842,38,126
19666,2340790,38,124
19667,2340837,38,190
19668,2340815,35,138
19669,2340765,36,126
19670,2340705,39,143
19671,2340663,37,134
19672,2340615,41,140
19673,2340642,38,150
19674,2340597,39,135
19675,2340649,38,129
19676,2340570,39,132
19677,2340512,37,130
19678,2340455,38,118
19679,2340389,38,187
19680,2340396,40,150
19681,2340437,37,142
19682,2340371,36,134
19683,2340429,39,130
19684,2340377,37,140
19685,2340418,39,136
19686,2340347,36,122
19687,2340359,40,118
19688,2340271,38,149
19689,2340343,36,137
19690,2340298,37,136
19691,2340336,39,130
19692,2340254,39,125
19693,2340087,36,131
19694,2340140,36,122
19695,2340079,38,119
19696,2340116,38,135
19697,2340054,38,144
19698,2339994,38,134
19699,2339920,39,125
19700,2339826,40,130
19701,2339742,37,130
19702,2339579,37,126
19703,2339623,37,139
19704,2339577,38,136
19705,2339632,36,125
19706,2339552,38,138
19707,2339510,41,142
19708,2339549,40,123
19709,2339478,37,136
19710,2339541,35,149
19711,2339593,37,142
19712,2339453,40,125
19713,2341309,38,154
19714,2341263,37,158
19715,2341230,37,141
19716,2341182,89,191
19717,2341175,40,129
19718,2341199,38,128
19719,2341226,39,130
19720,2341260,35,134
19721,2341310,38,125
19722,2341253,39,137
19723,2341315,37,118
19724,2341250,38,140
19725,2341314,37,123
19726,2341251,37,144
19727,2341318,40,136
19728,2341275,39,132
19729,2341327,36,127
19730,2341266,38,146
19731,2341317,37,136
19732,2341246,35,111
19733,2341152,37,110
19734,2341061,31,113
19735,2340988,33,127
19736,2340918,35,129
19737,2340838,36,135
19738,2340893,40,139
19739,2340852,36,144
19740,2340906,35,136
19741,2340834,38,149
19742,2340782,37,119
19743,2340708,36,132
19744,2340640,35,155
19745,2340592,36,129
19746,2340613,37,149
19747,2340557,41,139
19748,2340615,37,117
19749,2340527,40,157
19750,2340503,36,145
19751,2340542,40,171
19752,2340690,32,119
19753,2340616,39,159
19754,2340704,37,152
19755,2340831,43,152
19756,2340957,41,145
19757,2341082,41,142
19758,2341200,42,149
19759,2341327,42,148
19760,2341452,42,142
19761,2341569,41,140
19762,2341683,40,154
19763,2341814,40,153
19764,2341944,40,141
19765,2342058,42,127
19766,2342159,41,156
19767,2342298,42,164
19768,2342436,39,134
19769,2342547,38,135
19770,2342656,38,150
19771,2342786,42,166
19772,2342926,41,160
19773,2343062,41,153
19774,2343194,36,146
19775,2343133,38,157
19776,2343092,37,163
19777,2343059,41,177
19778,2343041,43,163
19779,2342983,39,166
19780,2343060,129,228
19781,2343099,34,120
19782,2342915,38,144
19783,2342985,46,173
19784,2343053,42,162
19785,2343191,40,127
19786,2343297,41,149
19787,2343233,38,175
19788,2343214,42,167
19789,2343202,43,142
19790,2343231,41,167
19791,2343201,40,159
19792,2343086,42,149
19793,2343153,40,157
19794,2343099,40,158
19795,2343076,45,148
19796,2343027,41,148
19797,2342993,41,147
19798,2342952,39,137
19799,2342892,41,161
19800,2342944,42,156
19801,2343076,41,147
19802,2343037,38,147
19803,2343163,41,138
19804,2343116,41,153
19805,2343198,47,201
19806,2343223,39,142
19807,2343282,47,154
19808,2343232,38,131
19809,2343173,41,167
19810,2343142,39,177
19811,2343130,40,150
19812,2343177,43,160
19813,2343149,41,152
19814,2343103,42,147
19815,2343137,46,287
19816,2343230,40,139
19817,2343295,41,173
19818,2343237,41,157
19819,2343321,39,142
19820,2343284,45,156
19821,2343366,39,146
19822,2343331,41,164
19823,2343399,40,141
19824,2343353,40,141
19825,2343418,39,138
19826,2343360,41,145
19827,2343227,40,141
19828,2343293,40,145
19829,2343258,39,159
19830,2343346,40,141
19831,2343376,47,163
19832,2343463,39,155
19833,2343597,41,180
19834,2343573,42,158
19835,2343647,40,166
19836,2343793,43,171
19837,2343945,40,156
19838,2344079,34,145
19839,2344199,38,160
19840,2344337,41,148
19841,2346670,41,209
19842,2346845,39,161
19843,2346985,39,173
19844,2347055,93,221
19845,2347245,43,148
19846,2347369,40,154
19847,2347502,39,164
19848,2347647,38,170
19849,2347794,41,160
19850,2347931,39,172
19851,2348085,42,157
19852,2348222,42,157
19853,2348356,41,150
19854,2348486,42,258
19855,2348723,40,164
19856,2348860,39,158
19857,2348996,39,159
19858,2349135,39,163
19859,2349273,42,233
19860,2349484,42,144
19861,2349427,39,156
19862,2349507,39,137
19863,2349445,40,158
19864,2349530,37,146
19865,2349652,43,138
19866,2349609,40,148
19867,2349680,43,145
19868,2349643,41,164
19869,2349730,39,152
19870,2349692,36,141
19871,2349751,41,139
19872,2349693,40,151
19873,2349766,38,150
19874,2349895,40,151
19875,2350024,42,168
19876,2350172,42,164
19877,2350311,40,133
19878,2350420,38,157
19879,2350556,40,146
19880,2350679,39,171
19881,2350828,38,155
19882,2350963,39,145
19883,2351079,43,203
19884,2351256,41,158
19885,2351396,41,163
19886,2351534,43,147
19887,2351656,41,159
19888,2351791,41,140
19889,2351909,39,141
19890,2352028,40,150
19891,2352156,41,141
19892,2352275,43,161
19893,2352230,39,161
19894,2352321,41,137
19895,2352272,41,158
19896,2352350,40,153
19897,2352308,45,168
19898,2352398,41,150
19899,2352354,41,164
19900,2352444,42,146
19901,2352388,42,156
19902,2352365,40,161
19903,2352306,40,148
19904,2352254,40,142
19905,2352315,43,154
19906,2352245,40,162
19907,2352194,39,165
19908,2352239,105,207
19909,2352420,40,131
19910,2352357,41,153
19911,2352438,41,150
19912,2352567,40,132
19913,2352485,40,142
19914,2352439,40,149
19915,2352482,42,164
19916,2352449,40,149
19917,2352523,44,153
19918,2352469,39,149
19919,2352441,40,158
19920,2352498,43,143
19921,2352451,40,145
19922,2352525,42,155
19923,2352494,41,138
19924,2352557,42,146
19925,2352508,41,154
19926,2352585,39,141
19927,2352557,39,137
19928,2352617,40,155
19929,2352561,42,134
19930,2352516,40,155
19931,2352491,41,158
19932,2352471,41,139
19933,2352589,39,156
19934,2352725,38,155
19935,2352855,43,150
19936,2352985,39,143
19937,2353101,40,157
19938,2353233,41,146
19939,2353355,40,153
19940,2353484,43,154
19941,2353614,40,140
19942,2353735,37,130
19943,2353843,40,121
19944,2353940,44,145
19945,2354082,39,141
19946,2354199,43,130
19947,2354309,38,175
19948,2354462,41,146
19949,2354588,38,161
19950,2354724,39,160
19951,2354863,40,143
19952,2354984,40,161
19953,2355124,40,154
19954,2355254,42,139
19955,2355370,43,157
19956,2355503,41,162
19957,2355647,41,144
19958,2355765,41,138
19959,2355878,42,179
19960,2356036,42,170
19961,2356183,41,163
19962,2356322,40,161
19963,2356461,42,144
19964,2356581,38,133
19965,2356691,40,143
19966,2356811,37,133
19967,2356922,43,160
19968,2357056,41,157
19969,2360670,39,198
19970,2360849,41,159
19971,2360980,43,180
19972,2360961,89,213
19973,2360932,42,182
19974,2361032,40,152
19975,2360975,43,133
19976,2360903,42,128
19977,2360854,41,159
19978,2360904,43,172
19979,2361045,46,156
19980,2361180,42,138
19981,2361297,48,155
19982,2361428,38,142
19983,2361549,41,145
19984,2361669,38,160
19985,2361805,44,165
19986,2361942,41,165
19987,2362089,41,155
19988,2362220,37,153
19989,2362350,40,156
19990,2362485,39,142
19991,2362605,40,132
19992,2362714,37,167
19993,2362855,44,148
19994,2362980,42,138
19995,2363091,40,153
19996,2363223,40,151
19997,2363349,40,152
19998,2363473,39,145
19999,2363595,43,131
20000,2363702,51,1816
